# inst c101
name c101
n 101
tmax 4093500000000000
poi 0 4044000000000000 4049000000000000 0000000000000000 0000000000000000 4093500000000000 0000000000000000
poi 1 4046800000000000 4051000000000000 4024000000000000 408c800000000000 408e380000000000 4056800000000000
poi 2 4046800000000000 4051800000000000 403e000000000000 4089c80000000000 408b300000000000 4056800000000000
poi 3 4045000000000000 4050800000000000 4024000000000000 4050400000000000 4062400000000000 4056800000000000
poi 4 4045000000000000 4051000000000000 4024000000000000 4086b80000000000 4088700000000000 4056800000000000
poi 5 4045000000000000 4050400000000000 4024000000000000 402e000000000000 4050c00000000000 4056800000000000
poi 6 4044000000000000 4051400000000000 4034000000000000 4083680000000000 4085f00000000000 4056800000000000
poi 7 4044000000000000 4050800000000000 4034000000000000 4065400000000000 406c200000000000 4056800000000000
poi 8 4043000000000000 4051000000000000 4034000000000000 406fe00000000000 4074400000000000 4056800000000000
poi 9 4043000000000000 4051800000000000 4024000000000000 4080b00000000000 4082e80000000000 4056800000000000
poi 10 4041800000000000 4050800000000000 4024000000000000 4076500000000000 4079a00000000000 4056800000000000
poi 11 4041800000000000 4051400000000000 4024000000000000 407c000000000000 407f900000000000 4056800000000000
poi 12 4039000000000000 4055400000000000 4034000000000000 4084600000000000 4086880000000000 4056800000000000
poi 13 4036000000000000 4052c00000000000 403e000000000000 403e000000000000 4057000000000000 4056800000000000
poi 14 4036000000000000 4055400000000000 4024000000000000 4081b80000000000 4083600000000000 4056800000000000
poi 15 4034000000000000 4054000000000000 4044000000000000 4078000000000000 407ad00000000000 4056800000000000
poi 16 4034000000000000 4055400000000000 4044000000000000 407db00000000000 4080800000000000 4056800000000000
poi 17 4032000000000000 4052c00000000000 4034000000000000 4058c00000000000 4062800000000000 4056800000000000
poi 18 402e000000000000 4052c00000000000 4034000000000000 4066600000000000 406fc00000000000 4056800000000000
poi 19 402e000000000000 4054000000000000 4024000000000000 4071600000000000 4075900000000000 4056800000000000
poi 20 403e000000000000 4049000000000000 4024000000000000 4024000000000000 4052400000000000 4056800000000000
poi 21 403e000000000000 404a000000000000 4034000000000000 408c900000000000 408e280000000000 4056800000000000
poi 22 403c000000000000 404a000000000000 4034000000000000 4089600000000000 408b980000000000 4056800000000000
poi 23 403c000000000000 404b800000000000 4024000000000000 4086e00000000000 4088480000000000 4056800000000000
poi 24 4039000000000000 4049000000000000 4024000000000000 4050400000000000 4062000000000000 4056800000000000
poi 25 4039000000000000 404a000000000000 4044000000000000 4065200000000000 406c000000000000 4056800000000000
poi 26 4039000000000000 404b800000000000 4024000000000000 4083700000000000 4085e80000000000 4056800000000000
poi 27 4037000000000000 404a000000000000 4024000000000000 4070500000000000 4073c00000000000 4056800000000000
poi 28 4037000000000000 404b800000000000 4034000000000000 4081100000000000 4082880000000000 4056800000000000
poi 29 4034000000000000 4049000000000000 4024000000000000 4076600000000000 4079500000000000 4056800000000000
poi 30 4034000000000000 404b800000000000 4024000000000000 407c100000000000 407f800000000000 4056800000000000
poi 31 4024000000000000 4041800000000000 4034000000000000 4069000000000000 406da00000000000 4056800000000000
poi 32 4024000000000000 4044000000000000 403e000000000000 403f000000000000 4059000000000000 4056800000000000
poi 33 4020000000000000 4044000000000000 4044000000000000 4055c00000000000 4063c00000000000 4056800000000000
poi 34 4020000000000000 4046800000000000 4034000000000000 4087780000000000 4089800000000000 4056800000000000
poi 35 4014000000000000 4041800000000000 4024000000000000 4071b00000000000 4075800000000000 4056800000000000
poi 36 4014000000000000 4046800000000000 4024000000000000 4084c80000000000 4086600000000000 4056800000000000
poi 37 4000000000000000 4044000000000000 4034000000000000 4077f00000000000 407b200000000000 4056800000000000
poi 38 0000000000000000 4044000000000000 403e000000000000 407df00000000000 4080500000000000 4056800000000000
poi 39 0000000000000000 4046800000000000 4034000000000000 4081b80000000000 4083800000000000 4056800000000000
poi 40 4041800000000000 403e000000000000 4024000000000000 4070800000000000 4074100000000000 4056800000000000
poi 41 4041800000000000 4040000000000000 4024000000000000 4064c00000000000 406d600000000000 4056800000000000
poi 42 4040800000000000 4040000000000000 4034000000000000 4051000000000000 4062a00000000000 4056800000000000
poi 43 4040800000000000 4041800000000000 4024000000000000 4030000000000000 4054000000000000 4056800000000000
poi 44 4040000000000000 403e000000000000 4024000000000000 4076700000000000 4079c00000000000 4056800000000000
poi 45 403e000000000000 403e000000000000 4024000000000000 4080e80000000000 4082c00000000000 4056800000000000
poi 46 403e000000000000 4040000000000000 403e000000000000 407c000000000000 407fd00000000000 4056800000000000
poi 47 403e000000000000 4041800000000000 4024000000000000 4090780000000000 40919c0000000000 4056800000000000
poi 48 403c000000000000 403e000000000000 4024000000000000 4083c00000000000 4085a80000000000 4056800000000000
poi 49 403c000000000000 4041800000000000 4024000000000000 408f480000000000 4090a80000000000 4056800000000000
poi 50 403a000000000000 4040000000000000 4024000000000000 4089780000000000 408b800000000000 4056800000000000
poi 51 4039000000000000 403e000000000000 4024000000000000 4086a80000000000 4088900000000000 4056800000000000
poi 52 4039000000000000 4041800000000000 4024000000000000 408c800000000000 408e480000000000 4056800000000000
poi 53 4046000000000000 4014000000000000 4034000000000000 4071e00000000000 4075b00000000000 4056800000000000
poi 54 4045000000000000 4024000000000000 4044000000000000 4067400000000000 4070100000000000 4056800000000000
poi 55 4045000000000000 402e000000000000 4024000000000000 4057c00000000000 4063c00000000000 4056800000000000
poi 56 4044000000000000 4014000000000000 403e000000000000 4078100000000000 407b400000000000 4056800000000000
poi 57 4044000000000000 402e000000000000 4044000000000000 4041800000000000 4055c00000000000 4056800000000000
poi 58 4043000000000000 4014000000000000 403e000000000000 407d700000000000 4080b00000000000 4056800000000000
poi 59 4043000000000000 402e000000000000 4024000000000000 4084580000000000 4087200000000000 4056800000000000
poi 60 4041800000000000 4014000000000000 4034000000000000 4081900000000000 4083a80000000000 4056800000000000
poi 61 4049000000000000 403e000000000000 4024000000000000 4080980000000000 4083100000000000 4056800000000000
poi 62 4049000000000000 4041800000000000 4034000000000000 4070600000000000 4073d00000000000 4056800000000000
poi 63 4049000000000000 4044000000000000 4049000000000000 4065600000000000 406b400000000000 4056800000000000
poi 64 4048000000000000 403e000000000000 4024000000000000 4083c00000000000 4085a80000000000 4056800000000000
poi 65 4048000000000000 4044000000000000 4024000000000000 4053000000000000 4060200000000000 4056800000000000
poi 66 4047800000000000 4041800000000000 4024000000000000 4089d00000000000 408b580000000000 4056800000000000
poi 67 4047800000000000 4044000000000000 4024000000000000 4028000000000000 4053400000000000 4056800000000000
poi 68 4046800000000000 403e000000000000 4024000000000000 4086f00000000000 4088480000000000 4056800000000000
poi 69 4046800000000000 4041800000000000 4024000000000000 408ca00000000000 408e480000000000 4056800000000000
poi 70 4057c00000000000 403e000000000000 403e000000000000 4078300000000000 407c800000000000 4056800000000000
poi 71 4057c00000000000 4041800000000000 4034000000000000 4072500000000000 4076800000000000 4056800000000000
poi 72 404a800000000000 403e000000000000 4024000000000000 407c200000000000 407f900000000000 4056800000000000
poi 73 4057000000000000 403e000000000000 4024000000000000 407de00000000000 4081380000000000 4056800000000000
poi 74 404a800000000000 4041800000000000 4049000000000000 4076100000000000 4079c00000000000 4056800000000000
poi 75 4046800000000000 4050400000000000 4034000000000000 408f280000000000 4090b00000000000 4056800000000000
poi 76 4056800000000000 4041800000000000 4024000000000000 4069600000000000 4070400000000000 4056800000000000
poi 77 4056000000000000 403e000000000000 4024000000000000 4081f00000000000 4084180000000000 4056800000000000
poi 78 4056000000000000 4041800000000000 4034000000000000 405b400000000000 4065400000000000 4056800000000000
poi 79 4055c00000000000 403e000000000000 4024000000000000 4084e00000000000 4086d80000000000 4056800000000000
poi 80 4055400000000000 4039000000000000 4024000000000000 4088080000000000 4089a00000000000 4056800000000000
poi 81 4055400000000000 4041800000000000 403e000000000000 4047800000000000 405f000000000000 4056800000000000
poi 82 4052c00000000000 404b800000000000 4034000000000000 4077100000000000 407a400000000000 4056800000000000
poi 83 4052000000000000 404b800000000000 4024000000000000 4070900000000000 4075200000000000 4056800000000000
poi 84 4051800000000000 404d000000000000 4034000000000000 407ca00000000000 4080580000000000 4056800000000000
poi 85 4051000000000000 404e000000000000 403e000000000000 4081580000000000 4083200000000000 4056800000000000
poi 86 4050800000000000 404b800000000000 4024000000000000 4065a00000000000 406dc00000000000 4056800000000000
poi 87 4050400000000000 404b800000000000 4034000000000000 4055400000000000 4062000000000000 4056800000000000
poi 88 4050400000000000 404e000000000000 403e000000000000 4084280000000000 4086200000000000 4056800000000000
poi 89 404f800000000000 404d000000000000 4024000000000000 4087080000000000 4089100000000000 4056800000000000
poi 90 404e000000000000 404b800000000000 4024000000000000 4034000000000000 4055000000000000 4056800000000000
poi 91 404e000000000000 404e000000000000 4024000000000000 408a200000000000 408bc80000000000 4056800000000000
poi 92 4050c00000000000 4055400000000000 4034000000000000 4077000000000000 407b900000000000 4056800000000000
poi 93 4050400000000000 4055400000000000 4044000000000000 407db00000000000 4080300000000000 4056800000000000
poi 94 4050400000000000 4054800000000000 4024000000000000 4071d00000000000 4075000000000000 4056800000000000
poi 95 404f000000000000 4054000000000000 403e000000000000 4068800000000000 406de00000000000 4056800000000000
poi 96 404e000000000000 4054000000000000 4024000000000000 4057c00000000000 4063800000000000 4056800000000000
poi 97 404e000000000000 4055400000000000 403e000000000000 4081880000000000 4083700000000000 4056800000000000
poi 98 404d000000000000 4052c00000000000 4034000000000000 403e000000000000 4055000000000000 4056800000000000
poi 99 404b800000000000 4054000000000000 4024000000000000 4087380000000000 4089a00000000000 4056800000000000
poi 100 404b800000000000 4055400000000000 4034000000000000 4084380000000000 4086b00000000000 4056800000000000
# inst c102
name c102
n 101
tmax 4093500000000000
poi 0 4044000000000000 4049000000000000 0000000000000000 0000000000000000 4093500000000000 0000000000000000
poi 1 4046800000000000 4051000000000000 4024000000000000 0000000000000000 40919c0000000000 4056800000000000
poi 2 4046800000000000 4051800000000000 403e000000000000 0000000000000000 4091940000000000 4056800000000000
poi 3 4045000000000000 4050800000000000 4024000000000000 0000000000000000 4091a40000000000 4056800000000000
poi 4 4045000000000000 4051000000000000 4024000000000000 4086b80000000000 4088700000000000 4056800000000000
poi 5 4045000000000000 4050400000000000 4024000000000000 0000000000000000 4091a80000000000 4056800000000000
poi 6 4044000000000000 4051400000000000 4034000000000000 4083680000000000 4085f00000000000 4056800000000000
poi 7 4044000000000000 4050800000000000 4034000000000000 0000000000000000 4091a80000000000 4056800000000000
poi 8 4043000000000000 4051000000000000 4034000000000000 406fe00000000000 4074400000000000 4056800000000000
poi 9 4043000000000000 4051800000000000 4024000000000000 4080b00000000000 4082e80000000000 4056800000000000
poi 10 4041800000000000 4050800000000000 4024000000000000 4076500000000000 4079a00000000000 4056800000000000
poi 11 4041800000000000 4051400000000000 4024000000000000 407c000000000000 407f900000000000 4056800000000000
poi 12 4039000000000000 4055400000000000 4034000000000000 0000000000000000 40914c0000000000 4056800000000000
poi 13 4036000000000000 4052c00000000000 403e000000000000 403e000000000000 4057000000000000 4056800000000000
poi 14 4036000000000000 4055400000000000 4024000000000000 4081b80000000000 4083600000000000 4056800000000000
poi 15 4034000000000000 4054000000000000 4044000000000000 4078000000000000 407ad00000000000 4056800000000000
poi 16 4034000000000000 4055400000000000 4044000000000000 407db00000000000 4080800000000000 4056800000000000
poi 17 4032000000000000 4052c00000000000 4034000000000000 4058c00000000000 4062800000000000 4056800000000000
poi 18 402e000000000000 4052c00000000000 4034000000000000 4066600000000000 406fc00000000000 4056800000000000
poi 19 402e000000000000 4054000000000000 4024000000000000 4071600000000000 4075900000000000 4056800000000000
poi 20 403e000000000000 4049000000000000 4024000000000000 4024000000000000 4052400000000000 4056800000000000
poi 21 403e000000000000 404a000000000000 4034000000000000 0000000000000000 4091bc0000000000 4056800000000000
poi 22 403c000000000000 404a000000000000 4034000000000000 4089600000000000 408b980000000000 4056800000000000
poi 23 403c000000000000 404b800000000000 4024000000000000 4086e00000000000 4088480000000000 4056800000000000
poi 24 4039000000000000 4049000000000000 4024000000000000 4050400000000000 4062000000000000 4056800000000000
poi 25 4039000000000000 404a000000000000 4044000000000000 4065200000000000 406c000000000000 4056800000000000
poi 26 4039000000000000 404b800000000000 4024000000000000 0000000000000000 4091a80000000000 4056800000000000
poi 27 4037000000000000 404a000000000000 4024000000000000 4070500000000000 4073c00000000000 4056800000000000
poi 28 4037000000000000 404b800000000000 4034000000000000 4081100000000000 4082880000000000 4056800000000000
poi 29 4034000000000000 4049000000000000 4024000000000000 4076600000000000 4079500000000000 4056800000000000
poi 30 4034000000000000 404b800000000000 4024000000000000 407c100000000000 407f800000000000 4056800000000000
poi 31 4024000000000000 4041800000000000 4034000000000000 0000000000000000 4091600000000000 4056800000000000
poi 32 4024000000000000 4044000000000000 403e000000000000 403f000000000000 4059000000000000 4056800000000000
poi 33 4020000000000000 4044000000000000 4044000000000000 4055c00000000000 4063c00000000000 4056800000000000
poi 34 4020000000000000 4046800000000000 4034000000000000 0000000000000000 4091640000000000 4056800000000000
poi 35 4014000000000000 4041800000000000 4024000000000000 4071b00000000000 4075800000000000 4056800000000000
poi 36 4014000000000000 4046800000000000 4024000000000000 4084c80000000000 4086600000000000 4056800000000000
poi 37 4000000000000000 4044000000000000 4034000000000000 0000000000000000 4091480000000000 4056800000000000
poi 38 0000000000000000 4044000000000000 403e000000000000 407df00000000000 4080500000000000 4056800000000000
poi 39 0000000000000000 4046800000000000 4034000000000000 4081b80000000000 4083800000000000 4056800000000000
poi 40 4041800000000000 403e000000000000 4024000000000000 4070800000000000 4074100000000000 4056800000000000
poi 41 4041800000000000 4040000000000000 4024000000000000 4064c00000000000 406d600000000000 4056800000000000
poi 42 4040800000000000 4040000000000000 4034000000000000 4051000000000000 4062a00000000000 4056800000000000
poi 43 4040800000000000 4041800000000000 4024000000000000 4030000000000000 4054000000000000 4056800000000000
poi 44 4040000000000000 403e000000000000 4024000000000000 4076700000000000 4079c00000000000 4056800000000000
poi 45 403e000000000000 403e000000000000 4024000000000000 4080e80000000000 4082c00000000000 4056800000000000
poi 46 403e000000000000 4040000000000000 403e000000000000 407c000000000000 407fd00000000000 4056800000000000
poi 47 403e000000000000 4041800000000000 4024000000000000 4090780000000000 40919c0000000000 4056800000000000
poi 48 403c000000000000 403e000000000000 4024000000000000 0000000000000000 4091880000000000 4056800000000000
poi 49 403c000000000000 4041800000000000 4024000000000000 408f480000000000 4090a80000000000 4056800000000000
poi 50 403a000000000000 4040000000000000 4024000000000000 0000000000000000 40918c0000000000 4056800000000000
poi 51 4039000000000000 403e000000000000 4024000000000000 4086a80000000000 4088900000000000 4056800000000000
poi 52 4039000000000000 4041800000000000 4024000000000000 0000000000000000 4091900000000000 4056800000000000
poi 53 4046000000000000 4014000000000000 4034000000000000 4071e00000000000 4075b00000000000 4056800000000000
poi 54 4045000000000000 4024000000000000 4044000000000000 4067400000000000 4070100000000000 4056800000000000
poi 55 4045000000000000 402e000000000000 4024000000000000 4057c00000000000 4063c00000000000 4056800000000000
poi 56 4044000000000000 4014000000000000 403e000000000000 4078100000000000 407b400000000000 4056800000000000
poi 57 4044000000000000 402e000000000000 4044000000000000 4041800000000000 4055c00000000000 4056800000000000
poi 58 4043000000000000 4014000000000000 403e000000000000 407d700000000000 4080b00000000000 4056800000000000
poi 59 4043000000000000 402e000000000000 4024000000000000 0000000000000000 4091580000000000 4056800000000000
poi 60 4041800000000000 4014000000000000 4034000000000000 4081900000000000 4083a80000000000 4056800000000000
poi 61 4049000000000000 403e000000000000 4024000000000000 4080980000000000 4083100000000000 4056800000000000
poi 62 4049000000000000 4041800000000000 4034000000000000 4070600000000000 4073d00000000000 4056800000000000
poi 63 4049000000000000 4044000000000000 4049000000000000 4065600000000000 406b400000000000 4056800000000000
poi 64 4048000000000000 403e000000000000 4024000000000000 4083c00000000000 4085a80000000000 4056800000000000
poi 65 4048000000000000 4044000000000000 4024000000000000 4053000000000000 4060200000000000 4056800000000000
poi 66 4047800000000000 4041800000000000 4024000000000000 4089d00000000000 408b580000000000 4056800000000000
poi 67 4047800000000000 4044000000000000 4024000000000000 4028000000000000 4053400000000000 4056800000000000
poi 68 4046800000000000 403e000000000000 4024000000000000 4086f00000000000 4088480000000000 4056800000000000
poi 69 4046800000000000 4041800000000000 4024000000000000 408ca00000000000 408e480000000000 4056800000000000
poi 70 4057c00000000000 403e000000000000 403e000000000000 4078300000000000 407c800000000000 4056800000000000
poi 71 4057c00000000000 4041800000000000 4034000000000000 4072500000000000 4076800000000000 4056800000000000
poi 72 404a800000000000 403e000000000000 4024000000000000 0000000000000000 4091880000000000 4056800000000000
poi 73 4057000000000000 403e000000000000 4024000000000000 407de00000000000 4081380000000000 4056800000000000
poi 74 404a800000000000 4041800000000000 4049000000000000 4076100000000000 4079c00000000000 4056800000000000
poi 75 4046800000000000 4050400000000000 4034000000000000 0000000000000000 4091a80000000000 4056800000000000
poi 76 4056800000000000 4041800000000000 4024000000000000 4069600000000000 4070400000000000 4056800000000000
poi 77 4056000000000000 403e000000000000 4024000000000000 4081f00000000000 4084180000000000 4056800000000000
poi 78 4056000000000000 4041800000000000 4034000000000000 405b400000000000 4065400000000000 4056800000000000
poi 79 4055c00000000000 403e000000000000 4024000000000000 4084e00000000000 4086d80000000000 4056800000000000
poi 80 4055400000000000 4039000000000000 4024000000000000 4088080000000000 4089a00000000000 4056800000000000
poi 81 4055400000000000 4041800000000000 403e000000000000 4047800000000000 405f000000000000 4056800000000000
poi 82 4052c00000000000 404b800000000000 4034000000000000 0000000000000000 4091580000000000 4056800000000000
poi 83 4052000000000000 404b800000000000 4024000000000000 0000000000000000 4091640000000000 4056800000000000
poi 84 4051800000000000 404d000000000000 4034000000000000 407ca00000000000 4080580000000000 4056800000000000
poi 85 4051000000000000 404e000000000000 403e000000000000 0000000000000000 4091700000000000 4056800000000000
poi 86 4050800000000000 404b800000000000 4024000000000000 4065a00000000000 406dc00000000000 4056800000000000
poi 87 4050400000000000 404b800000000000 4034000000000000 4055400000000000 4062000000000000 4056800000000000
poi 88 4050400000000000 404e000000000000 403e000000000000 4084280000000000 4086200000000000 4056800000000000
poi 89 404f800000000000 404d000000000000 4024000000000000 4087080000000000 4089100000000000 4056800000000000
poi 90 404e000000000000 404b800000000000 4024000000000000 4034000000000000 4055000000000000 4056800000000000
poi 91 404e000000000000 404e000000000000 4024000000000000 0000000000000000 40918c0000000000 4056800000000000
poi 92 4050c00000000000 4055400000000000 4034000000000000 4077000000000000 407b900000000000 4056800000000000
poi 93 4050400000000000 4055400000000000 4044000000000000 407db00000000000 4080300000000000 4056800000000000
poi 94 4050400000000000 4054800000000000 4024000000000000 0000000000000000 4091440000000000 4056800000000000
poi 95 404f000000000000 4054000000000000 403e000000000000 0000000000000000 4091500000000000 4056800000000000
poi 96 404e000000000000 4054000000000000 4024000000000000 0000000000000000 4091540000000000 4056800000000000
poi 97 404e000000000000 4055400000000000 403e000000000000 4081880000000000 4083700000000000 4056800000000000
poi 98 404d000000000000 4052c00000000000 4034000000000000 0000000000000000 40916c0000000000 4056800000000000
poi 99 404b800000000000 4054000000000000 4024000000000000 4087380000000000 4089a00000000000 4056800000000000
poi 100 404b800000000000 4055400000000000 4034000000000000 4084380000000000 4086b00000000000 4056800000000000
# inst c103
name c103
n 101
tmax 4093500000000000
poi 0 4044000000000000 4049000000000000 0000000000000000 0000000000000000 4093500000000000 0000000000000000
poi 1 4046800000000000 4051000000000000 4024000000000000 0000000000000000 40919c0000000000 4056800000000000
poi 2 4046800000000000 4051800000000000 403e000000000000 0000000000000000 4091940000000000 4056800000000000
poi 3 4045000000000000 4050800000000000 4024000000000000 0000000000000000 4091a40000000000 4056800000000000
poi 4 4045000000000000 4051000000000000 4024000000000000 4086b80000000000 4088700000000000 4056800000000000
poi 5 4045000000000000 4050400000000000 4024000000000000 0000000000000000 4091a80000000000 4056800000000000
poi 6 4044000000000000 4051400000000000 4034000000000000 4083680000000000 4085f00000000000 4056800000000000
poi 7 4044000000000000 4050800000000000 4034000000000000 0000000000000000 4091a80000000000 4056800000000000
poi 8 4043000000000000 4051000000000000 4034000000000000 406fe00000000000 4074400000000000 4056800000000000
poi 9 4043000000000000 4051800000000000 4024000000000000 4080b00000000000 4082e80000000000 4056800000000000
poi 10 4041800000000000 4050800000000000 4024000000000000 4076500000000000 4079a00000000000 4056800000000000
poi 11 4041800000000000 4051400000000000 4024000000000000 407c000000000000 407f900000000000 4056800000000000
poi 12 4039000000000000 4055400000000000 4034000000000000 0000000000000000 40914c0000000000 4056800000000000
poi 13 4036000000000000 4052c00000000000 403e000000000000 403e000000000000 4057000000000000 4056800000000000
poi 14 4036000000000000 4055400000000000 4024000000000000 0000000000000000 4091480000000000 4056800000000000
poi 15 4034000000000000 4054000000000000 4044000000000000 4078000000000000 407ad00000000000 4056800000000000
poi 16 4034000000000000 4055400000000000 4044000000000000 0000000000000000 4091440000000000 4056800000000000
poi 17 4032000000000000 4052c00000000000 4034000000000000 4058c00000000000 4062800000000000 4056800000000000
poi 18 402e000000000000 4052c00000000000 4034000000000000 0000000000000000 4091580000000000 4056800000000000
poi 19 402e000000000000 4054000000000000 4024000000000000 0000000000000000 4091480000000000 4056800000000000
poi 20 403e000000000000 4049000000000000 4024000000000000 0000000000000000 4091c00000000000 4056800000000000
poi 21 403e000000000000 404a000000000000 4034000000000000 0000000000000000 4091bc0000000000 4056800000000000
poi 22 403c000000000000 404a000000000000 4034000000000000 4089600000000000 408b980000000000 4056800000000000
poi 23 403c000000000000 404b800000000000 4024000000000000 4086e00000000000 4088480000000000 4056800000000000
poi 24 4039000000000000 4049000000000000 4024000000000000 0000000000000000 4091ac0000000000 4056800000000000
poi 25 4039000000000000 404a000000000000 4044000000000000 4065200000000000 406c000000000000 4056800000000000
poi 26 4039000000000000 404b800000000000 4024000000000000 0000000000000000 4091a80000000000 4056800000000000
poi 27 4037000000000000 404a000000000000 4024000000000000 4070500000000000 4073c00000000000 4056800000000000
poi 28 4037000000000000 404b800000000000 4034000000000000 0000000000000000 4091a00000000000 4056800000000000
poi 29 4034000000000000 4049000000000000 4024000000000000 0000000000000000 4091980000000000 4056800000000000
poi 30 4034000000000000 404b800000000000 4024000000000000 407c100000000000 407f800000000000 4056800000000000
poi 31 4024000000000000 4041800000000000 4034000000000000 0000000000000000 4091600000000000 4056800000000000
poi 32 4024000000000000 4044000000000000 403e000000000000 0000000000000000 4091680000000000 4056800000000000
poi 33 4020000000000000 4044000000000000 4044000000000000 4055c00000000000 4063c00000000000 4056800000000000
poi 34 4020000000000000 4046800000000000 4034000000000000 0000000000000000 4091640000000000 4056800000000000
poi 35 4014000000000000 4041800000000000 4024000000000000 4071b00000000000 4075800000000000 4056800000000000
poi 36 4014000000000000 4046800000000000 4024000000000000 4084c80000000000 4086600000000000 4056800000000000
poi 37 4000000000000000 4044000000000000 4034000000000000 0000000000000000 4091480000000000 4056800000000000
poi 38 0000000000000000 4044000000000000 403e000000000000 407df00000000000 4080500000000000 4056800000000000
poi 39 0000000000000000 4046800000000000 4034000000000000 4081b80000000000 4083800000000000 4056800000000000
poi 40 4041800000000000 403e000000000000 4024000000000000 4070800000000000 4074100000000000 4056800000000000
poi 41 4041800000000000 4040000000000000 4024000000000000 4064c00000000000 406d600000000000 4056800000000000
poi 42 4040800000000000 4040000000000000 4034000000000000 4051000000000000 4062a00000000000 4056800000000000
poi 43 4040800000000000 4041800000000000 4024000000000000 0000000000000000 4091a40000000000 4056800000000000
poi 44 4040000000000000 403e000000000000 4024000000000000 4076700000000000 4079c00000000000 4056800000000000
poi 45 403e000000000000 403e000000000000 4024000000000000 4080e80000000000 4082c00000000000 4056800000000000
poi 46 403e000000000000 4040000000000000 403e000000000000 0000000000000000 4091940000000000 4056800000000000
poi 47 403e000000000000 4041800000000000 4024000000000000 0000000000000000 40919c0000000000 4056800000000000
poi 48 403c000000000000 403e000000000000 4024000000000000 0000000000000000 4091880000000000 4056800000000000
poi 49 403c000000000000 4041800000000000 4024000000000000 408f480000000000 4090a80000000000 4056800000000000
poi 50 403a000000000000 4040000000000000 4024000000000000 0000000000000000 40918c0000000000 4056800000000000
poi 51 4039000000000000 403e000000000000 4024000000000000 0000000000000000 4091840000000000 4056800000000000
poi 52 4039000000000000 4041800000000000 4024000000000000 0000000000000000 4091900000000000 4056800000000000
poi 53 4046000000000000 4014000000000000 4034000000000000 4071e00000000000 4075b00000000000 4056800000000000
poi 54 4045000000000000 4024000000000000 4044000000000000 0000000000000000 4091440000000000 4056800000000000
poi 55 4045000000000000 402e000000000000 4024000000000000 4057c00000000000 4063c00000000000 4056800000000000
poi 56 4044000000000000 4014000000000000 403e000000000000 4078100000000000 407b400000000000 4056800000000000
poi 57 4044000000000000 402e000000000000 4044000000000000 0000000000000000 40915c0000000000 4056800000000000
poi 58 4043000000000000 4014000000000000 403e000000000000 407d700000000000 4080b00000000000 4056800000000000
poi 59 4043000000000000 402e000000000000 4024000000000000 0000000000000000 4091580000000000 4056800000000000
poi 60 4041800000000000 4014000000000000 4034000000000000 0000000000000000 4091300000000000 4056800000000000
poi 61 4049000000000000 403e000000000000 4024000000000000 0000000000000000 40918c0000000000 4056800000000000
poi 62 4049000000000000 4041800000000000 4034000000000000 4070600000000000 4073d00000000000 4056800000000000
poi 63 4049000000000000 4044000000000000 4049000000000000 0000000000000000 4091ac0000000000 4056800000000000
poi 64 4048000000000000 403e000000000000 4024000000000000 4083c00000000000 4085a80000000000 4056800000000000
poi 65 4048000000000000 4044000000000000 4024000000000000 4053000000000000 4060200000000000 4056800000000000
poi 66 4047800000000000 4041800000000000 4024000000000000 4089d00000000000 408b580000000000 4056800000000000
poi 67 4047800000000000 4044000000000000 4024000000000000 4028000000000000 4053400000000000 4056800000000000
poi 68 4046800000000000 403e000000000000 4024000000000000 4086f00000000000 4088480000000000 4056800000000000
poi 69 4046800000000000 4041800000000000 4024000000000000 408ca00000000000 408e480000000000 4056800000000000
poi 70 4057c00000000000 403e000000000000 403e000000000000 4078300000000000 407c800000000000 4056800000000000
poi 71 4057c00000000000 4041800000000000 4034000000000000 0000000000000000 4091000000000000 4056800000000000
poi 72 404a800000000000 403e000000000000 4024000000000000 0000000000000000 4091880000000000 4056800000000000
poi 73 4057000000000000 403e000000000000 4024000000000000 0000000000000000 4091080000000000 4056800000000000
poi 74 404a800000000000 4041800000000000 4049000000000000 4076100000000000 4079c00000000000 4056800000000000
poi 75 4046800000000000 4050400000000000 4034000000000000 0000000000000000 4091a80000000000 4056800000000000
poi 76 4056800000000000 4041800000000000 4024000000000000 4069600000000000 4070400000000000 4056800000000000
poi 77 4056000000000000 403e000000000000 4024000000000000 4081f00000000000 4084180000000000 4056800000000000
poi 78 4056000000000000 4041800000000000 4034000000000000 405b400000000000 4065400000000000 4056800000000000
poi 79 4055c00000000000 403e000000000000 4024000000000000 4084e00000000000 4086d80000000000 4056800000000000
poi 80 4055400000000000 4039000000000000 4024000000000000 4088080000000000 4089a00000000000 4056800000000000
poi 81 4055400000000000 4041800000000000 403e000000000000 0000000000000000 4091280000000000 4056800000000000
poi 82 4052c00000000000 404b800000000000 4034000000000000 0000000000000000 4091580000000000 4056800000000000
poi 83 4052000000000000 404b800000000000 4024000000000000 0000000000000000 4091640000000000 4056800000000000
poi 84 4051800000000000 404d000000000000 4034000000000000 407ca00000000000 4080580000000000 4056800000000000
poi 85 4051000000000000 404e000000000000 403e000000000000 0000000000000000 4091700000000000 4056800000000000
poi 86 4050800000000000 404b800000000000 4024000000000000 0000000000000000 40917c0000000000 4056800000000000
poi 87 4050400000000000 404b800000000000 4034000000000000 4055400000000000 4062000000000000 4056800000000000
poi 88 4050400000000000 404e000000000000 403e000000000000 4084280000000000 4086200000000000 4056800000000000
poi 89 404f800000000000 404d000000000000 4024000000000000 0000000000000000 4091840000000000 4056800000000000
poi 90 404e000000000000 404b800000000000 4024000000000000 0000000000000000 4091940000000000 4056800000000000
poi 91 404e000000000000 404e000000000000 4024000000000000 0000000000000000 40918c0000000000 4056800000000000
poi 92 4050c00000000000 4055400000000000 4034000000000000 4077000000000000 407b900000000000 4056800000000000
poi 93 4050400000000000 4055400000000000 4044000000000000 407db00000000000 4080300000000000 4056800000000000
poi 94 4050400000000000 4054800000000000 4024000000000000 0000000000000000 4091440000000000 4056800000000000
poi 95 404f000000000000 4054000000000000 403e000000000000 0000000000000000 4091500000000000 4056800000000000
poi 96 404e000000000000 4054000000000000 4024000000000000 0000000000000000 4091540000000000 4056800000000000
poi 97 404e000000000000 4055400000000000 403e000000000000 0000000000000000 4091440000000000 4056800000000000
poi 98 404d000000000000 4052c00000000000 4034000000000000 0000000000000000 40916c0000000000 4056800000000000
poi 99 404b800000000000 4054000000000000 4024000000000000 4087380000000000 4089a00000000000 4056800000000000
poi 100 404b800000000000 4055400000000000 4034000000000000 4084380000000000 4086b00000000000 4056800000000000
# inst c104
name c104
n 101
tmax 4093500000000000
poi 0 4044000000000000 4049000000000000 0000000000000000 0000000000000000 4093500000000000 0000000000000000
poi 1 4046800000000000 4051000000000000 4024000000000000 0000000000000000 40919c0000000000 4056800000000000
poi 2 4046800000000000 4051800000000000 403e000000000000 0000000000000000 4091940000000000 4056800000000000
poi 3 4045000000000000 4050800000000000 4024000000000000 0000000000000000 4091a40000000000 4056800000000000
poi 4 4045000000000000 4051000000000000 4024000000000000 4086b80000000000 4088700000000000 4056800000000000
poi 5 4045000000000000 4050400000000000 4024000000000000 0000000000000000 4091a80000000000 4056800000000000
poi 6 4044000000000000 4051400000000000 4034000000000000 0000000000000000 40919c0000000000 4056800000000000
poi 7 4044000000000000 4050800000000000 4034000000000000 0000000000000000 4091a80000000000 4056800000000000
poi 8 4043000000000000 4051000000000000 4034000000000000 406fe00000000000 4074400000000000 4056800000000000
poi 9 4043000000000000 4051800000000000 4024000000000000 4080b00000000000 4082e80000000000 4056800000000000
poi 10 4041800000000000 4050800000000000 4024000000000000 0000000000000000 4091a40000000000 4056800000000000
poi 11 4041800000000000 4051400000000000 4024000000000000 407c000000000000 407f900000000000 4056800000000000
poi 12 4039000000000000 4055400000000000 4034000000000000 0000000000000000 40914c0000000000 4056800000000000
poi 13 4036000000000000 4052c00000000000 403e000000000000 403e000000000000 4057000000000000 4056800000000000
poi 14 4036000000000000 4055400000000000 4024000000000000 0000000000000000 4091480000000000 4056800000000000
poi 15 4034000000000000 4054000000000000 4044000000000000 4078000000000000 407ad00000000000 4056800000000000
poi 16 4034000000000000 4055400000000000 4044000000000000 0000000000000000 4091440000000000 4056800000000000
poi 17 4032000000000000 4052c00000000000 4034000000000000 0000000000000000 4091600000000000 4056800000000000
poi 18 402e000000000000 4052c00000000000 4034000000000000 0000000000000000 4091580000000000 4056800000000000
poi 19 402e000000000000 4054000000000000 4024000000000000 0000000000000000 4091480000000000 4056800000000000
poi 20 403e000000000000 4049000000000000 4024000000000000 0000000000000000 4091c00000000000 4056800000000000
poi 21 403e000000000000 404a000000000000 4034000000000000 0000000000000000 4091bc0000000000 4056800000000000
poi 22 403c000000000000 404a000000000000 4034000000000000 0000000000000000 4091b40000000000 4056800000000000
poi 23 403c000000000000 404b800000000000 4024000000000000 4086e00000000000 4088480000000000 4056800000000000
poi 24 4039000000000000 4049000000000000 4024000000000000 0000000000000000 4091ac0000000000 4056800000000000
poi 25 4039000000000000 404a000000000000 4044000000000000 4065200000000000 406c000000000000 4056800000000000
poi 26 4039000000000000 404b800000000000 4024000000000000 0000000000000000 4091a80000000000 4056800000000000
poi 27 4037000000000000 404a000000000000 4024000000000000 0000000000000000 4091a00000000000 4056800000000000
poi 28 4037000000000000 404b800000000000 4034000000000000 0000000000000000 4091a00000000000 4056800000000000
poi 29 4034000000000000 4049000000000000 4024000000000000 0000000000000000 4091980000000000 4056800000000000
poi 30 4034000000000000 404b800000000000 4024000000000000 0000000000000000 4091940000000000 4056800000000000
poi 31 4024000000000000 4041800000000000 4034000000000000 0000000000000000 4091600000000000 4056800000000000
poi 32 4024000000000000 4044000000000000 403e000000000000 0000000000000000 4091680000000000 4056800000000000
poi 33 4020000000000000 4044000000000000 4044000000000000 0000000000000000 4091600000000000 4056800000000000
poi 34 4020000000000000 4046800000000000 4034000000000000 0000000000000000 4091640000000000 4056800000000000
poi 35 4014000000000000 4041800000000000 4024000000000000 0000000000000000 40914c0000000000 4056800000000000
poi 36 4014000000000000 4046800000000000 4024000000000000 0000000000000000 4091580000000000 4056800000000000
poi 37 4000000000000000 4044000000000000 4034000000000000 0000000000000000 4091480000000000 4056800000000000
poi 38 0000000000000000 4044000000000000 403e000000000000 407df00000000000 4080500000000000 4056800000000000
poi 39 0000000000000000 4046800000000000 4034000000000000 0000000000000000 4091440000000000 4056800000000000
poi 40 4041800000000000 403e000000000000 4024000000000000 0000000000000000 4091940000000000 4056800000000000
poi 41 4041800000000000 4040000000000000 4024000000000000 0000000000000000 40919c0000000000 4056800000000000
poi 42 4040800000000000 4040000000000000 4034000000000000 0000000000000000 4091980000000000 4056800000000000
poi 43 4040800000000000 4041800000000000 4024000000000000 0000000000000000 4091a40000000000 4056800000000000
poi 44 4040000000000000 403e000000000000 4024000000000000 4076700000000000 4079c00000000000 4056800000000000
poi 45 403e000000000000 403e000000000000 4024000000000000 0000000000000000 40918c0000000000 4056800000000000
poi 46 403e000000000000 4040000000000000 403e000000000000 0000000000000000 4091940000000000 4056800000000000
poi 47 403e000000000000 4041800000000000 4024000000000000 0000000000000000 40919c0000000000 4056800000000000
poi 48 403c000000000000 403e000000000000 4024000000000000 0000000000000000 4091880000000000 4056800000000000
poi 49 403c000000000000 4041800000000000 4024000000000000 0000000000000000 4091980000000000 4056800000000000
poi 50 403a000000000000 4040000000000000 4024000000000000 0000000000000000 40918c0000000000 4056800000000000
poi 51 4039000000000000 403e000000000000 4024000000000000 0000000000000000 4091840000000000 4056800000000000
poi 52 4039000000000000 4041800000000000 4024000000000000 0000000000000000 4091900000000000 4056800000000000
poi 53 4046000000000000 4014000000000000 4034000000000000 4071e00000000000 4075b00000000000 4056800000000000
poi 54 4045000000000000 4024000000000000 4044000000000000 0000000000000000 4091440000000000 4056800000000000
poi 55 4045000000000000 402e000000000000 4024000000000000 4057c00000000000 4063c00000000000 4056800000000000
poi 56 4044000000000000 4014000000000000 403e000000000000 0000000000000000 4091340000000000 4056800000000000
poi 57 4044000000000000 402e000000000000 4044000000000000 0000000000000000 40915c0000000000 4056800000000000
poi 58 4043000000000000 4014000000000000 403e000000000000 407d700000000000 4080b00000000000 4056800000000000
poi 59 4043000000000000 402e000000000000 4024000000000000 0000000000000000 4091580000000000 4056800000000000
poi 60 4041800000000000 4014000000000000 4034000000000000 0000000000000000 4091300000000000 4056800000000000
poi 61 4049000000000000 403e000000000000 4024000000000000 0000000000000000 40918c0000000000 4056800000000000
poi 62 4049000000000000 4041800000000000 4034000000000000 4070600000000000 4073d00000000000 4056800000000000
poi 63 4049000000000000 4044000000000000 4049000000000000 0000000000000000 4091ac0000000000 4056800000000000
poi 64 4048000000000000 403e000000000000 4024000000000000 0000000000000000 4091900000000000 4056800000000000
poi 65 4048000000000000 4044000000000000 4024000000000000 0000000000000000 4091b40000000000 4056800000000000
poi 66 4047800000000000 4041800000000000 4024000000000000 0000000000000000 4091a40000000000 4056800000000000
poi 67 4047800000000000 4044000000000000 4024000000000000 4028000000000000 4053400000000000 4056800000000000
poi 68 4046800000000000 403e000000000000 4024000000000000 0000000000000000 4091940000000000 4056800000000000
poi 69 4046800000000000 4041800000000000 4024000000000000 408ca00000000000 408e480000000000 4056800000000000
poi 70 4057c00000000000 403e000000000000 403e000000000000 0000000000000000 4090fc0000000000 4056800000000000
poi 71 4057c00000000000 4041800000000000 4034000000000000 0000000000000000 4091000000000000 4056800000000000
poi 72 404a800000000000 403e000000000000 4024000000000000 0000000000000000 4091880000000000 4056800000000000
poi 73 4057000000000000 403e000000000000 4024000000000000 0000000000000000 4091080000000000 4056800000000000
poi 74 404a800000000000 4041800000000000 4049000000000000 4076100000000000 4079c00000000000 4056800000000000
poi 75 4046800000000000 4050400000000000 4034000000000000 0000000000000000 4091a80000000000 4056800000000000
poi 76 4056800000000000 4041800000000000 4024000000000000 4069600000000000 4070400000000000 4056800000000000
poi 77 4056000000000000 403e000000000000 4024000000000000 4081f00000000000 4084180000000000 4056800000000000
poi 78 4056000000000000 4041800000000000 4034000000000000 0000000000000000 40911c0000000000 4056800000000000
poi 79 4055c00000000000 403e000000000000 4024000000000000 4084e00000000000 4086d80000000000 4056800000000000
poi 80 4055400000000000 4039000000000000 4024000000000000 0000000000000000 4091180000000000 4056800000000000
poi 81 4055400000000000 4041800000000000 403e000000000000 0000000000000000 4091280000000000 4056800000000000
poi 82 4052c00000000000 404b800000000000 4034000000000000 0000000000000000 4091580000000000 4056800000000000
poi 83 4052000000000000 404b800000000000 4024000000000000 0000000000000000 4091640000000000 4056800000000000
poi 84 4051800000000000 404d000000000000 4034000000000000 407ca00000000000 4080580000000000 4056800000000000
poi 85 4051000000000000 404e000000000000 403e000000000000 0000000000000000 4091700000000000 4056800000000000
poi 86 4050800000000000 404b800000000000 4024000000000000 0000000000000000 40917c0000000000 4056800000000000
poi 87 4050400000000000 404b800000000000 4034000000000000 4055400000000000 4062000000000000 4056800000000000
poi 88 4050400000000000 404e000000000000 403e000000000000 0000000000000000 40917c0000000000 4056800000000000
poi 89 404f800000000000 404d000000000000 4024000000000000 0000000000000000 4091840000000000 4056800000000000
poi 90 404e000000000000 404b800000000000 4024000000000000 0000000000000000 4091940000000000 4056800000000000
poi 91 404e000000000000 404e000000000000 4024000000000000 0000000000000000 40918c0000000000 4056800000000000
poi 92 4050c00000000000 4055400000000000 4034000000000000 4077000000000000 407b900000000000 4056800000000000
poi 93 4050400000000000 4055400000000000 4044000000000000 0000000000000000 4091380000000000 4056800000000000
poi 94 4050400000000000 4054800000000000 4024000000000000 0000000000000000 4091440000000000 4056800000000000
poi 95 404f000000000000 4054000000000000 403e000000000000 0000000000000000 4091500000000000 4056800000000000
poi 96 404e000000000000 4054000000000000 4024000000000000 0000000000000000 4091540000000000 4056800000000000
poi 97 404e000000000000 4055400000000000 403e000000000000 0000000000000000 4091440000000000 4056800000000000
poi 98 404d000000000000 4052c00000000000 4034000000000000 0000000000000000 40916c0000000000 4056800000000000
poi 99 404b800000000000 4054000000000000 4024000000000000 4087380000000000 4089a00000000000 4056800000000000
poi 100 404b800000000000 4055400000000000 4034000000000000 4084380000000000 4086b00000000000 4056800000000000
# inst c105
name c105
n 101
tmax 4093500000000000
poi 0 4044000000000000 4049000000000000 0000000000000000 0000000000000000 4093500000000000 0000000000000000
poi 1 4046800000000000 4051000000000000 4024000000000000 408ba80000000000 408f100000000000 4056800000000000
poi 2 4046800000000000 4051800000000000 403e000000000000 4089100000000000 408be80000000000 4056800000000000
poi 3 4045000000000000 4050800000000000 4024000000000000 4039000000000000 4067400000000000 4056800000000000
poi 4 4045000000000000 4051000000000000 4024000000000000 4085d80000000000 4089500000000000 4056800000000000
poi 5 4045000000000000 4050400000000000 4024000000000000 402e000000000000 405e000000000000 4056800000000000
poi 6 4044000000000000 4051400000000000 4034000000000000 4082200000000000 4087380000000000 4056800000000000
poi 7 4044000000000000 4050800000000000 4034000000000000 4061c00000000000 406fa00000000000 4056800000000000
poi 8 4043000000000000 4051000000000000 4034000000000000 406b800000000000 4076700000000000 4056800000000000
poi 9 4043000000000000 4051800000000000 4024000000000000 407f300000000000 4084000000000000 4056800000000000
poi 10 4041800000000000 4050800000000000 4024000000000000 4074b00000000000 407b400000000000 4056800000000000
poi 11 4041800000000000 4051400000000000 4024000000000000 407a400000000000 4080a80000000000 4056800000000000
poi 12 4039000000000000 4055400000000000 4034000000000000 4083480000000000 4087a00000000000 4056800000000000
poi 13 4036000000000000 4052c00000000000 403e000000000000 403e000000000000 4063600000000000 4056800000000000
poi 14 4036000000000000 4055400000000000 4024000000000000 4080e80000000000 4084300000000000 4056800000000000
poi 15 4034000000000000 4054000000000000 4044000000000000 4076a00000000000 407c300000000000 4056800000000000
poi 16 4034000000000000 4055400000000000 4044000000000000 407c000000000000 4081580000000000 4056800000000000
poi 17 4032000000000000 4052c00000000000 4034000000000000 4052c00000000000 4065800000000000 4056800000000000
poi 18 402e000000000000 4052c00000000000 4034000000000000 4061c00000000000 4072300000000000 4056800000000000
poi 19 402e000000000000 4054000000000000 4024000000000000 406e800000000000 4077b00000000000 4056800000000000
poi 20 403e000000000000 4049000000000000 4024000000000000 4024000000000000 4061200000000000 4056800000000000
poi 21 403e000000000000 404a000000000000 4034000000000000 408bc00000000000 408ef80000000000 4056800000000000
poi 22 403c000000000000 404a000000000000 4034000000000000 4088400000000000 408cb80000000000 4056800000000000
poi 23 403c000000000000 404b800000000000 4024000000000000 4086280000000000 4089000000000000 4056800000000000
poi 24 4039000000000000 4049000000000000 4024000000000000 4039000000000000 4067000000000000 4056800000000000
poi 25 4039000000000000 404a000000000000 4044000000000000 4061c00000000000 406f600000000000 4056800000000000
poi 26 4039000000000000 404b800000000000 4024000000000000 4082300000000000 4087280000000000 4056800000000000
poi 27 4037000000000000 404a000000000000 4024000000000000 406d400000000000 4075700000000000 4056800000000000
poi 28 4037000000000000 404b800000000000 4034000000000000 4080580000000000 4083400000000000 4056800000000000
poi 29 4034000000000000 4049000000000000 4024000000000000 4074f00000000000 407ac00000000000 4056800000000000
poi 30 4034000000000000 404b800000000000 4024000000000000 407a600000000000 4080980000000000 4056800000000000
poi 31 4024000000000000 4041800000000000 4034000000000000 4066a00000000000 4070000000000000 4056800000000000
poi 32 4024000000000000 4044000000000000 403e000000000000 403f000000000000 4065400000000000 4056800000000000
poi 33 4020000000000000 4044000000000000 4044000000000000 404a000000000000 4068200000000000 4056800000000000
poi 34 4020000000000000 4046800000000000 4034000000000000 4086780000000000 408a800000000000 4056800000000000
poi 35 4014000000000000 4041800000000000 4024000000000000 406f800000000000 4077700000000000 4056800000000000
poi 36 4014000000000000 4046800000000000 4024000000000000 4083f80000000000 4087300000000000 4056800000000000
poi 37 4000000000000000 4044000000000000 4034000000000000 4076500000000000 407cc00000000000 4056800000000000
poi 38 0000000000000000 4044000000000000 403e000000000000 407c900000000000 4081000000000000 4056800000000000
poi 39 0000000000000000 4046800000000000 4034000000000000 4080d00000000000 4084680000000000 4056800000000000
poi 40 4041800000000000 403e000000000000 4024000000000000 406d800000000000 4075d00000000000 4056800000000000
poi 41 4041800000000000 4040000000000000 4024000000000000 4060800000000000 4070d00000000000 4056800000000000
poi 42 4040800000000000 4040000000000000 4034000000000000 403b000000000000 4067c00000000000 4056800000000000
poi 43 4040800000000000 4041800000000000 4024000000000000 4030000000000000 4062000000000000 4056800000000000
poi 44 4040000000000000 403e000000000000 4024000000000000 4074c00000000000 407b700000000000 4056800000000000
poi 45 403e000000000000 403e000000000000 4024000000000000 4080000000000000 4083a80000000000 4056800000000000
poi 46 403e000000000000 4040000000000000 403e000000000000 407a100000000000 4080e00000000000 4056800000000000
poi 47 403e000000000000 4041800000000000 4024000000000000 408eb00000000000 40919c0000000000 4056800000000000
poi 48 403c000000000000 403e000000000000 4024000000000000 4082c80000000000 4086a00000000000 4056800000000000
poi 49 403c000000000000 4041800000000000 4024000000000000 408e480000000000 4091280000000000 4056800000000000
poi 50 403a000000000000 4040000000000000 4024000000000000 4088780000000000 408c800000000000 4056800000000000
poi 51 4039000000000000 403e000000000000 4024000000000000 4085b80000000000 4089800000000000 4056800000000000
poi 52 4039000000000000 4041800000000000 4024000000000000 408b980000000000 408f300000000000 4056800000000000
poi 53 4046000000000000 4014000000000000 4034000000000000 406fe00000000000 4077a00000000000 4056800000000000
poi 54 4045000000000000 4024000000000000 4044000000000000 4062c00000000000 4072500000000000 4056800000000000
poi 55 4045000000000000 402e000000000000 4024000000000000 404f800000000000 4067c00000000000 4056800000000000
poi 56 4044000000000000 4014000000000000 403e000000000000 4076700000000000 407ce00000000000 4056800000000000
poi 57 4044000000000000 402e000000000000 4044000000000000 4041800000000000 4061800000000000 4056800000000000
poi 58 4043000000000000 4014000000000000 403e000000000000 407b700000000000 4081b00000000000 4056800000000000
poi 59 4043000000000000 402e000000000000 4024000000000000 4082f80000000000 4088800000000000 4056800000000000
poi 60 4041800000000000 4014000000000000 4034000000000000 4080880000000000 4084b00000000000 4056800000000000
poi 61 4049000000000000 403e000000000000 4024000000000000 407eb00000000000 4084500000000000 4056800000000000
poi 62 4049000000000000 4041800000000000 4034000000000000 406d600000000000 4075800000000000 4056800000000000
poi 63 4049000000000000 4044000000000000 4049000000000000 4062600000000000 406e400000000000 4056800000000000
poi 64 4048000000000000 403e000000000000 4024000000000000 4082c80000000000 4086a00000000000 4056800000000000
poi 65 4048000000000000 4044000000000000 4024000000000000 4049000000000000 4063600000000000 4056800000000000
poi 66 4047800000000000 4041800000000000 4024000000000000 4089100000000000 408c180000000000 4056800000000000
poi 67 4047800000000000 4044000000000000 4024000000000000 4028000000000000 4061e00000000000 4056800000000000
poi 68 4046800000000000 403e000000000000 4024000000000000 4086400000000000 4088f80000000000 4056800000000000
poi 69 4046800000000000 4041800000000000 4024000000000000 408bc80000000000 408f200000000000 4056800000000000
poi 70 4057c00000000000 403e000000000000 403e000000000000 4076100000000000 407ea00000000000 4056800000000000
poi 71 4057c00000000000 4041800000000000 4034000000000000 4070400000000000 4078900000000000 4056800000000000
poi 72 404a800000000000 403e000000000000 4024000000000000 407a600000000000 4080a80000000000 4056800000000000
poi 73 4057000000000000 403e000000000000 4024000000000000 407ba00000000000 4082580000000000 4056800000000000
poi 74 404a800000000000 4041800000000000 4049000000000000 4074300000000000 407ba00000000000 4056800000000000
poi 75 4046800000000000 4050400000000000 4034000000000000 408e100000000000 40913c0000000000 4056800000000000
poi 76 4056800000000000 4041800000000000 4024000000000000 4065e00000000000 4072000000000000 4056800000000000
poi 77 4056000000000000 403e000000000000 4024000000000000 4080d80000000000 4085300000000000 4056800000000000
poi 78 4056000000000000 4041800000000000 4034000000000000 4053800000000000 4069200000000000 4056800000000000
poi 79 4055c00000000000 403e000000000000 4024000000000000 4083e00000000000 4087d80000000000 4056800000000000
poi 80 4055400000000000 4039000000000000 4024000000000000 4087400000000000 408a680000000000 4056800000000000
poi 81 4055400000000000 4041800000000000 403e000000000000 4047800000000000 4069200000000000 4056800000000000
poi 82 4052c00000000000 404b800000000000 4034000000000000 4075800000000000 407bd00000000000 4056800000000000
poi 83 4052000000000000 404b800000000000 4024000000000000 406c800000000000 4077700000000000 4056800000000000
poi 84 4051800000000000 404d000000000000 4034000000000000 407a900000000000 4081600000000000 4056800000000000
poi 85 4051000000000000 404e000000000000 403e000000000000 4080780000000000 4084000000000000 4056800000000000
poi 86 4050800000000000 404b800000000000 4024000000000000 4061a00000000000 4070e00000000000 4056800000000000
poi 87 4050400000000000 404b800000000000 4034000000000000 404c000000000000 4065a00000000000 4056800000000000
poi 88 4050400000000000 404e000000000000 403e000000000000 4083300000000000 4087180000000000 4056800000000000
poi 89 404f800000000000 404d000000000000 4024000000000000 4086080000000000 408a100000000000 4056800000000000
poi 90 404e000000000000 404b800000000000 4024000000000000 4034000000000000 4062800000000000 4056800000000000
poi 91 404e000000000000 404e000000000000 4024000000000000 4089480000000000 408ca00000000000 4056800000000000
poi 92 4050c00000000000 4055400000000000 4034000000000000 4074b00000000000 407de00000000000 4056800000000000
poi 93 4050400000000000 4055400000000000 4044000000000000 407c500000000000 4080e00000000000 4056800000000000
poi 94 4050400000000000 4054800000000000 4024000000000000 4070400000000000 4076900000000000 4056800000000000
poi 95 404f000000000000 4054000000000000 403e000000000000 4065c00000000000 4070500000000000 4056800000000000
poi 96 404e000000000000 4054000000000000 4024000000000000 4050000000000000 4067600000000000 4056800000000000
poi 97 404e000000000000 4055400000000000 403e000000000000 4080980000000000 4084600000000000 4056800000000000
poi 98 404d000000000000 4052c00000000000 4034000000000000 403e000000000000 4061600000000000 4056800000000000
poi 99 404b800000000000 4054000000000000 4024000000000000 4086080000000000 408ad00000000000 4056800000000000
poi 100 404b800000000000 4055400000000000 4034000000000000 4083000000000000 4087e80000000000 4056800000000000
# inst c201
name c201
n 101
tmax 40aa7c0000000000
poi 0 4044000000000000 4049000000000000 0000000000000000 0000000000000000 40aa7c0000000000 0000000000000000
poi 1 404a000000000000 4052c00000000000 4024000000000000 4073700000000000 407d700000000000 4056800000000000
poi 2 4046800000000000 4051800000000000 403e000000000000 406aa00000000000 4077500000000000 4056800000000000
poi 3 404f000000000000 4051400000000000 4024000000000000 40923c0000000000 4094bc0000000000 4056800000000000
poi 4 404e000000000000 4050800000000000 4024000000000000 4093b40000000000 4096340000000000 4056800000000000
poi 5 4045000000000000 4050400000000000 4024000000000000 4039000000000000 4067200000000000 4056800000000000
poi 6 4030000000000000 4045000000000000 4034000000000000 407f100000000000 4084880000000000 4056800000000000
poi 7 404d000000000000 4051800000000000 4034000000000000 4090c40000000000 4093440000000000 4056800000000000
poi 8 4041000000000000 404e000000000000 4034000000000000 40a68e0000000000 40a7ce0000000000 4056800000000000
poi 9 403c000000000000 4051800000000000 4024000000000000 40a4520000000000 40a5920000000000 4056800000000000
poi 10 4041800000000000 4050800000000000 4024000000000000 40a5ce0000000000 40a70e0000000000 4056800000000000
poi 11 4041800000000000 4051400000000000 4024000000000000 40a5140000000000 40a6540000000000 4056800000000000
poi 12 4039000000000000 4055400000000000 4034000000000000 40a08e0000000000 40a1ce0000000000 4056800000000000
poi 13 4036000000000000 4052c00000000000 403e000000000000 40a2ca0000000000 40a40a0000000000 4056800000000000
poi 14 4036000000000000 4055400000000000 4024000000000000 409fa80000000000 40a1140000000000 4056800000000000
poi 15 4034000000000000 4054000000000000 4044000000000000 40a1500000000000 40a2900000000000 4056800000000000
poi 16 4034000000000000 4055400000000000 4044000000000000 409e380000000000 40a05c0000000000 4056800000000000
poi 17 4032000000000000 4052c00000000000 4034000000000000 40a20e0000000000 40a34e0000000000 4056800000000000
poi 18 402e000000000000 4052c00000000000 4034000000000000 409b380000000000 409db80000000000 4056800000000000
poi 19 402e000000000000 4054000000000000 4024000000000000 409cb40000000000 409f340000000000 4056800000000000
poi 20 403e000000000000 4049000000000000 4024000000000000 4024000000000000 4065400000000000 4056800000000000
poi 21 403e000000000000 404c000000000000 4034000000000000 40a74e0000000000 40a88e0000000000 4056800000000000
poi 22 403c000000000000 404a000000000000 4034000000000000 4036000000000000 4066c00000000000 4056800000000000
poi 23 402c000000000000 4050800000000000 4024000000000000 4099ac0000000000 409c2c0000000000 4056800000000000
poi 24 4039000000000000 4049000000000000 4024000000000000 405d000000000000 4071400000000000 4056800000000000
poi 25 4036000000000000 4050800000000000 4044000000000000 40a3900000000000 40a4d00000000000 4056800000000000
poi 26 4020000000000000 404f000000000000 4024000000000000 4098240000000000 409aa40000000000 4056800000000000
poi 27 4037000000000000 404a000000000000 4024000000000000 406a200000000000 4077100000000000 4056800000000000
poi 28 4010000000000000 404b800000000000 4034000000000000 40969c0000000000 40991c0000000000 4056800000000000
poi 29 4034000000000000 4049000000000000 4024000000000000 4078e00000000000 4081700000000000 4056800000000000
poi 30 4034000000000000 404b800000000000 4024000000000000 4072f00000000000 407cf00000000000 4056800000000000
poi 31 4024000000000000 4041800000000000 4034000000000000 4088680000000000 408d680000000000 4056800000000000
poi 32 4024000000000000 4044000000000000 403e000000000000 4082880000000000 4087880000000000 4056800000000000
poi 33 4020000000000000 4044000000000000 4044000000000000 4085680000000000 408a680000000000 4056800000000000
poi 34 4020000000000000 4046800000000000 4034000000000000 4095080000000000 4097880000000000 4056800000000000
poi 35 4014000000000000 4041800000000000 4024000000000000 408b600000000000 4090300000000000 4056800000000000
poi 36 4014000000000000 4046800000000000 4024000000000000 4093940000000000 4096140000000000 4056800000000000
poi 37 4000000000000000 4044000000000000 4034000000000000 408e580000000000 4091ac0000000000 4056800000000000
poi 38 0000000000000000 4044000000000000 403e000000000000 40909c0000000000 40931c0000000000 4056800000000000
poi 39 0000000000000000 4046800000000000 4034000000000000 4092180000000000 4094980000000000 4056800000000000
poi 40 4042000000000000 4032000000000000 4024000000000000 409c6c0000000000 409eec0000000000 4056800000000000
poi 41 4041800000000000 4040000000000000 4024000000000000 40a58c0000000000 40a6cc0000000000 4056800000000000
poi 42 4040800000000000 4040000000000000 4034000000000000 40a4d40000000000 40a6140000000000 4056800000000000
poi 43 4040800000000000 4041800000000000 4024000000000000 40a41a0000000000 40a55a0000000000 4056800000000000
poi 44 4040000000000000 4034000000000000 4024000000000000 409de40000000000 40a0320000000000 4056800000000000
poi 45 403e000000000000 403e000000000000 4024000000000000 40a0720000000000 40a1b20000000000 4056800000000000
poi 46 4041000000000000 4039000000000000 403e000000000000 409f640000000000 40a0f20000000000 4056800000000000
poi 47 403e000000000000 4041800000000000 4024000000000000 40a3600000000000 40a4a00000000000 4056800000000000
poi 48 4042000000000000 4044000000000000 4024000000000000 40a6500000000000 40a7900000000000 4056800000000000
poi 49 4048000000000000 4034000000000000 4024000000000000 408e380000000000 40919c0000000000 4056800000000000
poi 50 403a000000000000 4040000000000000 4024000000000000 40a1e80000000000 40a3280000000000 4056800000000000
poi 51 4039000000000000 403e000000000000 4024000000000000 40a1300000000000 40a2700000000000 4056800000000000
poi 52 4039000000000000 4041800000000000 4024000000000000 40a2a20000000000 40a3e20000000000 4056800000000000
poi 53 4046000000000000 4014000000000000 4034000000000000 4093a00000000000 4096200000000000 4056800000000000
poi 54 4045000000000000 4024000000000000 4044000000000000 4092200000000000 4094a00000000000 4056800000000000
poi 55 4045000000000000 402e000000000000 4024000000000000 4090a40000000000 4093240000000000 4056800000000000
poi 56 4044000000000000 4014000000000000 403e000000000000 4095180000000000 4097980000000000 4056800000000000
poi 57 4043000000000000 402e000000000000 4044000000000000 409af40000000000 409d740000000000 4056800000000000
poi 58 4043000000000000 4014000000000000 403e000000000000 4096880000000000 4099080000000000 4056800000000000
poi 59 4043000000000000 4024000000000000 4024000000000000 4099780000000000 409bf80000000000 4056800000000000
poi 60 4041800000000000 4014000000000000 4034000000000000 4097fc0000000000 409a7c0000000000 4056800000000000
poi 61 4049000000000000 403e000000000000 4024000000000000 4079100000000000 4081880000000000 4056800000000000
poi 62 4049000000000000 4041800000000000 4034000000000000 405e000000000000 4071800000000000 4056800000000000
poi 63 4049000000000000 4044000000000000 4049000000000000 4039000000000000 4067200000000000 4056800000000000
poi 64 4048000000000000 403e000000000000 4024000000000000 407ed00000000000 4084680000000000 4056800000000000
poi 65 4046000000000000 4039000000000000 4024000000000000 408b380000000000 40901c0000000000 4056800000000000
poi 66 4047800000000000 4041800000000000 4024000000000000 4082600000000000 4087600000000000 4056800000000000
poi 67 4047800000000000 4044000000000000 4024000000000000 4028000000000000 4065800000000000 4056800000000000
poi 68 4045000000000000 403e000000000000 4024000000000000 4088400000000000 408d400000000000 4056800000000000
poi 69 4046800000000000 4041800000000000 4024000000000000 4085400000000000 408a400000000000 4056800000000000
poi 70 4057c00000000000 403e000000000000 403e000000000000 40a2220000000000 40a3620000000000 4056800000000000
poi 71 4057c00000000000 4041800000000000 4034000000000000 40a1640000000000 40a2a40000000000 4056800000000000
poi 72 404a800000000000 403e000000000000 4024000000000000 4073400000000000 407d400000000000 4056800000000000
poi 73 4057000000000000 403e000000000000 4024000000000000 40a2dc0000000000 40a41c0000000000 4056800000000000
poi 74 404a800000000000 4041800000000000 4049000000000000 406aa00000000000 4077500000000000 4056800000000000
poi 75 4046800000000000 4050400000000000 4034000000000000 405d800000000000 4071600000000000 4056800000000000
poi 76 4056800000000000 4041800000000000 4024000000000000 40a0a60000000000 40a1e60000000000 4056800000000000
poi 77 4052000000000000 4046800000000000 4024000000000000 40a6a80000000000 40a7e80000000000 4056800000000000
poi 78 4053800000000000 4044000000000000 4034000000000000 40a5e40000000000 40a7240000000000 4056800000000000
poi 79 4055c00000000000 403e000000000000 4024000000000000 40a4600000000000 40a5a00000000000 4056800000000000
poi 80 4055400000000000 4039000000000000 4024000000000000 40a3a20000000000 40a4e20000000000 4056800000000000
poi 81 4055400000000000 4041800000000000 403e000000000000 40a51e0000000000 40a65e0000000000 4056800000000000
poi 82 4052c00000000000 404b800000000000 4034000000000000 409e140000000000 40a04a0000000000 4056800000000000
poi 83 4052000000000000 404b800000000000 4024000000000000 409ca00000000000 409f200000000000 4056800000000000
poi 84 4051800000000000 404d000000000000 4034000000000000 4099a40000000000 409c240000000000 4056800000000000
poi 85 4055800000000000 4047000000000000 403e000000000000 409fb40000000000 40a11a0000000000 4056800000000000
poi 86 4050800000000000 404b800000000000 4024000000000000 409b200000000000 409da00000000000 4056800000000000
poi 87 4050000000000000 4047000000000000 4034000000000000 40a8320000000000 40a9720000000000 4056800000000000
poi 88 4050400000000000 404e000000000000 403e000000000000 4098280000000000 409aa80000000000 4056800000000000
poi 89 404c000000000000 4050000000000000 4024000000000000 40952c0000000000 4097ac0000000000 4056800000000000
poi 90 404e000000000000 404b800000000000 4024000000000000 40a85e0000000000 40a99e0000000000 4056800000000000
poi 91 404e000000000000 404e000000000000 4024000000000000 4096ac0000000000 40992c0000000000 4056800000000000
poi 92 4050c00000000000 4055400000000000 4034000000000000 4085b00000000000 408ab00000000000 4056800000000000
poi 93 4045000000000000 404d000000000000 4044000000000000 4020000000000000 4065000000000000 4056800000000000
poi 94 4050400000000000 4054800000000000 4024000000000000 4088a00000000000 408da00000000000 4056800000000000
poi 95 404f000000000000 4054000000000000 403e000000000000 408b880000000000 4090440000000000 4056800000000000
poi 96 404f000000000000 4044000000000000 4024000000000000 40a7720000000000 40a8b20000000000 4056800000000000
poi 97 404e000000000000 4055400000000000 403e000000000000 4082a80000000000 4087a80000000000 4056800000000000
poi 98 404d000000000000 4052c00000000000 4034000000000000 408e900000000000 4091c80000000000 4056800000000000
poi 99 404b800000000000 4054000000000000 4024000000000000 4079700000000000 4081b80000000000 4056800000000000
poi 100 404b800000000000 4055400000000000 4034000000000000 407f600000000000 4084b00000000000 4056800000000000
# inst c202
name c202
n 101
tmax 40aa7c0000000000
poi 0 4044000000000000 4049000000000000 0000000000000000 0000000000000000 40aa7c0000000000 0000000000000000
poi 1 404a000000000000 4052c00000000000 4024000000000000 0000000000000000 40a9900000000000 4056800000000000
poi 2 4046800000000000 4051800000000000 403e000000000000 0000000000000000 40a99e0000000000 4056800000000000
poi 3 404f000000000000 4051400000000000 4024000000000000 0000000000000000 40a98c0000000000 4056800000000000
poi 4 404e000000000000 4050800000000000 4024000000000000 4093b40000000000 4096340000000000 4056800000000000
poi 5 4045000000000000 4050400000000000 4024000000000000 0000000000000000 40a9a80000000000 4056800000000000
poi 6 4030000000000000 4045000000000000 4034000000000000 407f100000000000 4084880000000000 4056800000000000
poi 7 404d000000000000 4051800000000000 4034000000000000 0000000000000000 40a9920000000000 4056800000000000
poi 8 4041000000000000 404e000000000000 4034000000000000 40a68e0000000000 40a7ce0000000000 4056800000000000
poi 9 403c000000000000 4051800000000000 4024000000000000 40a4520000000000 40a5920000000000 4056800000000000
poi 10 4041800000000000 4050800000000000 4024000000000000 40a5ce0000000000 40a70e0000000000 4056800000000000
poi 11 4041800000000000 4051400000000000 4024000000000000 40a5140000000000 40a6540000000000 4056800000000000
poi 12 4039000000000000 4055400000000000 4034000000000000 0000000000000000 40a97a0000000000 4056800000000000
poi 13 4036000000000000 4052c00000000000 403e000000000000 40a2ca0000000000 40a40a0000000000 4056800000000000
poi 14 4036000000000000 4055400000000000 4024000000000000 409fa80000000000 40a1140000000000 4056800000000000
poi 15 4034000000000000 4054000000000000 4044000000000000 40a1500000000000 40a2900000000000 4056800000000000
poi 16 4034000000000000 4055400000000000 4044000000000000 409e380000000000 40a05c0000000000 4056800000000000
poi 17 4032000000000000 4052c00000000000 4034000000000000 40a20e0000000000 40a34e0000000000 4056800000000000
poi 18 402e000000000000 4052c00000000000 4034000000000000 409b380000000000 409db80000000000 4056800000000000
poi 19 402e000000000000 4054000000000000 4024000000000000 409cb40000000000 409f340000000000 4056800000000000
poi 20 403e000000000000 4049000000000000 4024000000000000 4024000000000000 4065400000000000 4056800000000000
poi 21 403e000000000000 404c000000000000 4034000000000000 0000000000000000 40a9b00000000000 4056800000000000
poi 22 403c000000000000 404a000000000000 4034000000000000 4036000000000000 4066c00000000000 4056800000000000
poi 23 402c000000000000 4050800000000000 4024000000000000 4099ac0000000000 409c2c0000000000 4056800000000000
poi 24 4039000000000000 4049000000000000 4024000000000000 405d000000000000 4071400000000000 4056800000000000
poi 25 4036000000000000 4050800000000000 4044000000000000 40a3900000000000 40a4d00000000000 4056800000000000
poi 26 4020000000000000 404f000000000000 4024000000000000 0000000000000000 40a9820000000000 4056800000000000
poi 27 4037000000000000 404a000000000000 4024000000000000 406a200000000000 4077100000000000 4056800000000000
poi 28 4010000000000000 404b800000000000 4034000000000000 40969c0000000000 40991c0000000000 4056800000000000
poi 29 4034000000000000 4049000000000000 4024000000000000 4078e00000000000 4081700000000000 4056800000000000
poi 30 4034000000000000 404b800000000000 4024000000000000 4072f00000000000 407cf00000000000 4056800000000000
poi 31 4024000000000000 4041800000000000 4034000000000000 0000000000000000 40a9840000000000 4056800000000000
poi 32 4024000000000000 4044000000000000 403e000000000000 4082880000000000 4087880000000000 4056800000000000
poi 33 4020000000000000 4044000000000000 4044000000000000 4085680000000000 408a680000000000 4056800000000000
poi 34 4020000000000000 4046800000000000 4034000000000000 0000000000000000 40a9860000000000 4056800000000000
poi 35 4014000000000000 4041800000000000 4024000000000000 408b600000000000 4090300000000000 4056800000000000
poi 36 4014000000000000 4046800000000000 4024000000000000 4093940000000000 4096140000000000 4056800000000000
poi 37 4000000000000000 4044000000000000 4034000000000000 0000000000000000 40a9780000000000 4056800000000000
poi 38 0000000000000000 4044000000000000 403e000000000000 40909c0000000000 40931c0000000000 4056800000000000
poi 39 0000000000000000 4046800000000000 4034000000000000 4092180000000000 4094980000000000 4056800000000000
poi 40 4042000000000000 4032000000000000 4024000000000000 409c6c0000000000 409eec0000000000 4056800000000000
poi 41 4041800000000000 4040000000000000 4024000000000000 40a58c0000000000 40a6cc0000000000 4056800000000000
poi 42 4040800000000000 4040000000000000 4034000000000000 40a4d40000000000 40a6140000000000 4056800000000000
poi 43 4040800000000000 4041800000000000 4024000000000000 40a41a0000000000 40a55a0000000000 4056800000000000
poi 44 4040000000000000 4034000000000000 4024000000000000 409de40000000000 40a0320000000000 4056800000000000
poi 45 403e000000000000 403e000000000000 4024000000000000 40a0720000000000 40a1b20000000000 4056800000000000
poi 46 4041000000000000 4039000000000000 403e000000000000 409f640000000000 40a0f20000000000 4056800000000000
poi 47 403e000000000000 4041800000000000 4024000000000000 40a3600000000000 40a4a00000000000 4056800000000000
poi 48 4042000000000000 4044000000000000 4024000000000000 0000000000000000 40a9b20000000000 4056800000000000
poi 49 4048000000000000 4034000000000000 4024000000000000 408e380000000000 40919c0000000000 4056800000000000
poi 50 403a000000000000 4040000000000000 4024000000000000 0000000000000000 40a99a0000000000 4056800000000000
poi 51 4039000000000000 403e000000000000 4024000000000000 40a1300000000000 40a2700000000000 4056800000000000
poi 52 4039000000000000 4041800000000000 4024000000000000 0000000000000000 40a99c0000000000 4056800000000000
poi 53 4046000000000000 4014000000000000 4034000000000000 4093a00000000000 4096200000000000 4056800000000000
poi 54 4045000000000000 4024000000000000 4044000000000000 4092200000000000 4094a00000000000 4056800000000000
poi 55 4045000000000000 402e000000000000 4024000000000000 4090a40000000000 4093240000000000 4056800000000000
poi 56 4044000000000000 4014000000000000 403e000000000000 4095180000000000 4097980000000000 4056800000000000
poi 57 4043000000000000 402e000000000000 4044000000000000 409af40000000000 409d740000000000 4056800000000000
poi 58 4043000000000000 4014000000000000 403e000000000000 4096880000000000 4099080000000000 4056800000000000
poi 59 4043000000000000 4024000000000000 4024000000000000 0000000000000000 40a9760000000000 4056800000000000
poi 60 4041800000000000 4014000000000000 4034000000000000 4097fc0000000000 409a7c0000000000 4056800000000000
poi 61 4049000000000000 403e000000000000 4024000000000000 4079100000000000 4081880000000000 4056800000000000
poi 62 4049000000000000 4041800000000000 4034000000000000 405e000000000000 4071800000000000 4056800000000000
poi 63 4049000000000000 4044000000000000 4049000000000000 4039000000000000 4067200000000000 4056800000000000
poi 64 4048000000000000 403e000000000000 4024000000000000 407ed00000000000 4084680000000000 4056800000000000
poi 65 4046000000000000 4039000000000000 4024000000000000 408b380000000000 40901c0000000000 4056800000000000
poi 66 4047800000000000 4041800000000000 4024000000000000 4082600000000000 4087600000000000 4056800000000000
poi 67 4047800000000000 4044000000000000 4024000000000000 4028000000000000 4065800000000000 4056800000000000
poi 68 4045000000000000 403e000000000000 4024000000000000 4088400000000000 408d400000000000 4056800000000000
poi 69 4046800000000000 4041800000000000 4024000000000000 4085400000000000 408a400000000000 4056800000000000
poi 70 4057c00000000000 403e000000000000 403e000000000000 40a2220000000000 40a3620000000000 4056800000000000
poi 71 4057c00000000000 4041800000000000 4034000000000000 40a1640000000000 40a2a40000000000 4056800000000000
poi 72 404a800000000000 403e000000000000 4024000000000000 0000000000000000 40a9980000000000 4056800000000000
poi 73 4057000000000000 403e000000000000 4024000000000000 40a2dc0000000000 40a41c0000000000 4056800000000000
poi 74 404a800000000000 4041800000000000 4049000000000000 406aa00000000000 4077500000000000 4056800000000000
poi 75 4046800000000000 4050400000000000 4034000000000000 0000000000000000 40a9a80000000000 4056800000000000
poi 76 4056800000000000 4041800000000000 4024000000000000 40a0a60000000000 40a1e60000000000 4056800000000000
poi 77 4052000000000000 4046800000000000 4024000000000000 40a6a80000000000 40a7e80000000000 4056800000000000
poi 78 4053800000000000 4044000000000000 4034000000000000 40a5e40000000000 40a7240000000000 4056800000000000
poi 79 4055c00000000000 403e000000000000 4024000000000000 40a4600000000000 40a5a00000000000 4056800000000000
poi 80 4055400000000000 4039000000000000 4024000000000000 40a3a20000000000 40a4e20000000000 4056800000000000
poi 81 4055400000000000 4041800000000000 403e000000000000 40a51e0000000000 40a65e0000000000 4056800000000000
poi 82 4052c00000000000 404b800000000000 4034000000000000 0000000000000000 40a9800000000000 4056800000000000
poi 83 4052000000000000 404b800000000000 4024000000000000 0000000000000000 40a9860000000000 4056800000000000
poi 84 4051800000000000 404d000000000000 4034000000000000 4099a40000000000 409c240000000000 4056800000000000
poi 85 4055800000000000 4047000000000000 403e000000000000 0000000000000000 40a96a0000000000 4056800000000000
poi 86 4050800000000000 404b800000000000 4024000000000000 409b200000000000 409da00000000000 4056800000000000
poi 87 4050000000000000 4047000000000000 4034000000000000 40a8320000000000 40a9720000000000 4056800000000000
poi 88 4050400000000000 404e000000000000 403e000000000000 4098280000000000 409aa80000000000 4056800000000000
poi 89 404c000000000000 4050000000000000 4024000000000000 40952c0000000000 4097ac0000000000 4056800000000000
poi 90 404e000000000000 404b800000000000 4024000000000000 40a85e0000000000 40a99e0000000000 4056800000000000
poi 91 404e000000000000 404e000000000000 4024000000000000 0000000000000000 40a99a0000000000 4056800000000000
poi 92 4050c00000000000 4055400000000000 4034000000000000 4085b00000000000 408ab00000000000 4056800000000000
poi 93 4045000000000000 404d000000000000 4044000000000000 4020000000000000 4065000000000000 4056800000000000
poi 94 4050400000000000 4054800000000000 4024000000000000 0000000000000000 40a9760000000000 4056800000000000
poi 95 404f000000000000 4054000000000000 403e000000000000 0000000000000000 40a97c0000000000 4056800000000000
poi 96 404f000000000000 4044000000000000 4024000000000000 0000000000000000 40a9960000000000 4056800000000000
poi 97 404e000000000000 4055400000000000 403e000000000000 4082a80000000000 4087a80000000000 4056800000000000
poi 98 404d000000000000 4052c00000000000 4034000000000000 0000000000000000 40a98a0000000000 4056800000000000
poi 99 404b800000000000 4054000000000000 4024000000000000 4079700000000000 4081b80000000000 4056800000000000
poi 100 404b800000000000 4055400000000000 4034000000000000 407f600000000000 4084b00000000000 4056800000000000
# inst c203
name c203
n 101
tmax 40aa7c0000000000
poi 0 4044000000000000 4049000000000000 0000000000000000 0000000000000000 40aa7c0000000000 0000000000000000
poi 1 404a000000000000 4052c00000000000 4024000000000000 0000000000000000 40a9900000000000 4056800000000000
poi 2 4046800000000000 4051800000000000 403e000000000000 0000000000000000 40a99e0000000000 4056800000000000
poi 3 404f000000000000 4051400000000000 4024000000000000 0000000000000000 40a98c0000000000 4056800000000000
poi 4 404e000000000000 4050800000000000 4024000000000000 4093b40000000000 4096340000000000 4056800000000000
poi 5 4045000000000000 4050400000000000 4024000000000000 0000000000000000 40a9a80000000000 4056800000000000
poi 6 4030000000000000 4045000000000000 4034000000000000 407f100000000000 4084880000000000 4056800000000000
poi 7 404d000000000000 4051800000000000 4034000000000000 0000000000000000 40a9920000000000 4056800000000000
poi 8 4041000000000000 404e000000000000 4034000000000000 40a68e0000000000 40a7ce0000000000 4056800000000000
poi 9 403c000000000000 4051800000000000 4024000000000000 40a4520000000000 40a5920000000000 4056800000000000
poi 10 4041800000000000 4050800000000000 4024000000000000 40a5ce0000000000 40a70e0000000000 4056800000000000
poi 11 4041800000000000 4051400000000000 4024000000000000 40a5140000000000 40a6540000000000 4056800000000000
poi 12 4039000000000000 4055400000000000 4034000000000000 0000000000000000 40a97a0000000000 4056800000000000
poi 13 4036000000000000 4052c00000000000 403e000000000000 40a2ca0000000000 40a40a0000000000 4056800000000000
poi 14 4036000000000000 4055400000000000 4024000000000000 0000000000000000 40a9780000000000 4056800000000000
poi 15 4034000000000000 4054000000000000 4044000000000000 40a1500000000000 40a2900000000000 4056800000000000
poi 16 4034000000000000 4055400000000000 4044000000000000 0000000000000000 40a9760000000000 4056800000000000
poi 17 4032000000000000 4052c00000000000 4034000000000000 40a20e0000000000 40a34e0000000000 4056800000000000
poi 18 402e000000000000 4052c00000000000 4034000000000000 0000000000000000 40a9800000000000 4056800000000000
poi 19 402e000000000000 4054000000000000 4024000000000000 0000000000000000 40a9780000000000 4056800000000000
poi 20 403e000000000000 4049000000000000 4024000000000000 0000000000000000 40a9b40000000000 4056800000000000
poi 21 403e000000000000 404c000000000000 4034000000000000 0000000000000000 40a9b00000000000 4056800000000000
poi 22 403c000000000000 404a000000000000 4034000000000000 4036000000000000 4066c00000000000 4056800000000000
poi 23 402c000000000000 4050800000000000 4024000000000000 4099ac0000000000 409c2c0000000000 4056800000000000
poi 24 4039000000000000 4049000000000000 4024000000000000 0000000000000000 40a9aa0000000000 4056800000000000
poi 25 4036000000000000 4050800000000000 4044000000000000 40a3900000000000 40a4d00000000000 4056800000000000
poi 26 4020000000000000 404f000000000000 4024000000000000 0000000000000000 40a9820000000000 4056800000000000
poi 27 4037000000000000 404a000000000000 4024000000000000 406a200000000000 4077100000000000 4056800000000000
poi 28 4010000000000000 404b800000000000 4034000000000000 0000000000000000 40a97e0000000000 4056800000000000
poi 29 4034000000000000 4049000000000000 4024000000000000 0000000000000000 40a9a00000000000 4056800000000000
poi 30 4034000000000000 404b800000000000 4024000000000000 4072f00000000000 407cf00000000000 4056800000000000
poi 31 4024000000000000 4041800000000000 4034000000000000 0000000000000000 40a9840000000000 4056800000000000
poi 32 4024000000000000 4044000000000000 403e000000000000 0000000000000000 40a9880000000000 4056800000000000
poi 33 4020000000000000 4044000000000000 4044000000000000 4085680000000000 408a680000000000 4056800000000000
poi 34 4020000000000000 4046800000000000 4034000000000000 0000000000000000 40a9860000000000 4056800000000000
poi 35 4014000000000000 4041800000000000 4024000000000000 408b600000000000 4090300000000000 4056800000000000
poi 36 4014000000000000 4046800000000000 4024000000000000 4093940000000000 4096140000000000 4056800000000000
poi 37 4000000000000000 4044000000000000 4034000000000000 0000000000000000 40a9780000000000 4056800000000000
poi 38 0000000000000000 4044000000000000 403e000000000000 40909c0000000000 40931c0000000000 4056800000000000
poi 39 0000000000000000 4046800000000000 4034000000000000 4092180000000000 4094980000000000 4056800000000000
poi 40 4042000000000000 4032000000000000 4024000000000000 409c6c0000000000 409eec0000000000 4056800000000000
poi 41 4041800000000000 4040000000000000 4024000000000000 40a58c0000000000 40a6cc0000000000 4056800000000000
poi 42 4040800000000000 4040000000000000 4034000000000000 40a4d40000000000 40a6140000000000 4056800000000000
poi 43 4040800000000000 4041800000000000 4024000000000000 0000000000000000 40a9a60000000000 4056800000000000
poi 44 4040000000000000 4034000000000000 4024000000000000 409de40000000000 40a0320000000000 4056800000000000
poi 45 403e000000000000 403e000000000000 4024000000000000 40a0720000000000 40a1b20000000000 4056800000000000
poi 46 4041000000000000 4039000000000000 403e000000000000 0000000000000000 40a9940000000000 4056800000000000
poi 47 403e000000000000 4041800000000000 4024000000000000 0000000000000000 40a9a20000000000 4056800000000000
poi 48 4042000000000000 4044000000000000 4024000000000000 0000000000000000 40a9b20000000000 4056800000000000
poi 49 4048000000000000 4034000000000000 4024000000000000 408e380000000000 40919c0000000000 4056800000000000
poi 50 403a000000000000 4040000000000000 4024000000000000 0000000000000000 40a99a0000000000 4056800000000000
poi 51 4039000000000000 403e000000000000 4024000000000000 0000000000000000 40a9960000000000 4056800000000000
poi 52 4039000000000000 4041800000000000 4024000000000000 0000000000000000 40a99c0000000000 4056800000000000
poi 53 4046000000000000 4014000000000000 4034000000000000 4093a00000000000 4096200000000000 4056800000000000
poi 54 4045000000000000 4024000000000000 4044000000000000 0000000000000000 40a9760000000000 4056800000000000
poi 55 4045000000000000 402e000000000000 4024000000000000 4090a40000000000 4093240000000000 4056800000000000
poi 56 4044000000000000 4014000000000000 403e000000000000 4095180000000000 4097980000000000 4056800000000000
poi 57 4043000000000000 402e000000000000 4044000000000000 0000000000000000 40a9800000000000 4056800000000000
poi 58 4043000000000000 4014000000000000 403e000000000000 4096880000000000 4099080000000000 4056800000000000
poi 59 4043000000000000 4024000000000000 4024000000000000 0000000000000000 40a9760000000000 4056800000000000
poi 60 4041800000000000 4014000000000000 4034000000000000 0000000000000000 40a96c0000000000 4056800000000000
poi 61 4049000000000000 403e000000000000 4024000000000000 0000000000000000 40a99a0000000000 4056800000000000
poi 62 4049000000000000 4041800000000000 4034000000000000 405e000000000000 4071800000000000 4056800000000000
poi 63 4049000000000000 4044000000000000 4049000000000000 0000000000000000 40a9aa0000000000 4056800000000000
poi 64 4048000000000000 403e000000000000 4024000000000000 407ed00000000000 4084680000000000 4056800000000000
poi 65 4046000000000000 4039000000000000 4024000000000000 408b380000000000 40901c0000000000 4056800000000000
poi 66 4047800000000000 4041800000000000 4024000000000000 4082600000000000 4087600000000000 4056800000000000
poi 67 4047800000000000 4044000000000000 4024000000000000 4028000000000000 4065800000000000 4056800000000000
poi 68 4045000000000000 403e000000000000 4024000000000000 4088400000000000 408d400000000000 4056800000000000
poi 69 4046800000000000 4041800000000000 4024000000000000 4085400000000000 408a400000000000 4056800000000000
poi 70 4057c00000000000 403e000000000000 403e000000000000 40a2220000000000 40a3620000000000 4056800000000000
poi 71 4057c00000000000 4041800000000000 4034000000000000 0000000000000000 40a9540000000000 4056800000000000
poi 72 404a800000000000 403e000000000000 4024000000000000 0000000000000000 40a9980000000000 4056800000000000
poi 73 4057000000000000 403e000000000000 4024000000000000 0000000000000000 40a9580000000000 4056800000000000
poi 74 404a800000000000 4041800000000000 4049000000000000 406aa00000000000 4077500000000000 4056800000000000
poi 75 4046800000000000 4050400000000000 4034000000000000 0000000000000000 40a9a80000000000 4056800000000000
poi 76 4056800000000000 4041800000000000 4024000000000000 40a0a60000000000 40a1e60000000000 4056800000000000
poi 77 4052000000000000 4046800000000000 4024000000000000 40a6a80000000000 40a7e80000000000 4056800000000000
poi 78 4053800000000000 4044000000000000 4034000000000000 40a5e40000000000 40a7240000000000 4056800000000000
poi 79 4055c00000000000 403e000000000000 4024000000000000 40a4600000000000 40a5a00000000000 4056800000000000
poi 80 4055400000000000 4039000000000000 4024000000000000 40a3a20000000000 40a4e20000000000 4056800000000000
poi 81 4055400000000000 4041800000000000 403e000000000000 0000000000000000 40a9680000000000 4056800000000000
poi 82 4052c00000000000 404b800000000000 4034000000000000 0000000000000000 40a9800000000000 4056800000000000
poi 83 4052000000000000 404b800000000000 4024000000000000 0000000000000000 40a9860000000000 4056800000000000
poi 84 4051800000000000 404d000000000000 4034000000000000 4099a40000000000 409c240000000000 4056800000000000
poi 85 4055800000000000 4047000000000000 403e000000000000 0000000000000000 40a96a0000000000 4056800000000000
poi 86 4050800000000000 404b800000000000 4024000000000000 0000000000000000 40a9920000000000 4056800000000000
poi 87 4050000000000000 4047000000000000 4034000000000000 40a8320000000000 40a9720000000000 4056800000000000
poi 88 4050400000000000 404e000000000000 403e000000000000 4098280000000000 409aa80000000000 4056800000000000
poi 89 404c000000000000 4050000000000000 4024000000000000 0000000000000000 40a99c0000000000 4056800000000000
poi 90 404e000000000000 404b800000000000 4024000000000000 0000000000000000 40a99e0000000000 4056800000000000
poi 91 404e000000000000 404e000000000000 4024000000000000 0000000000000000 40a99a0000000000 4056800000000000
poi 92 4050c00000000000 4055400000000000 4034000000000000 4085b00000000000 408ab00000000000 4056800000000000
poi 93 4045000000000000 404d000000000000 4044000000000000 4020000000000000 4065000000000000 4056800000000000
poi 94 4050400000000000 4054800000000000 4024000000000000 0000000000000000 40a9760000000000 4056800000000000
poi 95 404f000000000000 4054000000000000 403e000000000000 0000000000000000 40a97c0000000000 4056800000000000
poi 96 404f000000000000 4044000000000000 4024000000000000 0000000000000000 40a9960000000000 4056800000000000
poi 97 404e000000000000 4055400000000000 403e000000000000 0000000000000000 40a9760000000000 4056800000000000
poi 98 404d000000000000 4052c00000000000 4034000000000000 0000000000000000 40a98a0000000000 4056800000000000
poi 99 404b800000000000 4054000000000000 4024000000000000 4079700000000000 4081b80000000000 4056800000000000
poi 100 404b800000000000 4055400000000000 4034000000000000 407f600000000000 4084b00000000000 4056800000000000
# inst c204
name c204
n 101
tmax 40aa7c0000000000
poi 0 4044000000000000 4049000000000000 0000000000000000 0000000000000000 40aa7c0000000000 0000000000000000
poi 1 404a000000000000 4052c00000000000 4024000000000000 0000000000000000 40a9900000000000 4056800000000000
poi 2 4046800000000000 4051800000000000 403e000000000000 0000000000000000 40a99e0000000000 4056800000000000
poi 3 404f000000000000 4051400000000000 4024000000000000 0000000000000000 40a98c0000000000 4056800000000000
poi 4 404e000000000000 4050800000000000 4024000000000000 4093b40000000000 4096340000000000 4056800000000000
poi 5 4045000000000000 4050400000000000 4024000000000000 0000000000000000 40a9a80000000000 4056800000000000
poi 6 4030000000000000 4045000000000000 4034000000000000 0000000000000000 40a9940000000000 4056800000000000
poi 7 404d000000000000 4051800000000000 4034000000000000 0000000000000000 40a9920000000000 4056800000000000
poi 8 4041000000000000 404e000000000000 4034000000000000 40a68e0000000000 40a7ce0000000000 4056800000000000
poi 9 403c000000000000 4051800000000000 4024000000000000 40a4520000000000 40a5920000000000 4056800000000000
poi 10 4041800000000000 4050800000000000 4024000000000000 0000000000000000 40a9a60000000000 4056800000000000
poi 11 4041800000000000 4051400000000000 4024000000000000 40a5140000000000 40a6540000000000 4056800000000000
poi 12 4039000000000000 4055400000000000 4034000000000000 0000000000000000 40a97a0000000000 4056800000000000
poi 13 4036000000000000 4052c00000000000 403e000000000000 40a2ca0000000000 40a40a0000000000 4056800000000000
poi 14 4036000000000000 4055400000000000 4024000000000000 0000000000000000 40a9780000000000 4056800000000000
poi 15 4034000000000000 4054000000000000 4044000000000000 40a1500000000000 40a2900000000000 4056800000000000
poi 16 4034000000000000 4055400000000000 4044000000000000 0000000000000000 40a9760000000000 4056800000000000
poi 17 4032000000000000 4052c00000000000 4034000000000000 0000000000000000 40a9840000000000 4056800000000000
poi 18 402e000000000000 4052c00000000000 4034000000000000 0000000000000000 40a9800000000000 4056800000000000
poi 19 402e000000000000 4054000000000000 4024000000000000 0000000000000000 40a9780000000000 4056800000000000
poi 20 403e000000000000 4049000000000000 4024000000000000 0000000000000000 40a9b40000000000 4056800000000000
poi 21 403e000000000000 404c000000000000 4034000000000000 0000000000000000 40a9b00000000000 4056800000000000
poi 22 403c000000000000 404a000000000000 4034000000000000 0000000000000000 40a9ae0000000000 4056800000000000
poi 23 402c000000000000 4050800000000000 4024000000000000 4099ac0000000000 409c2c0000000000 4056800000000000
poi 24 4039000000000000 4049000000000000 4024000000000000 0000000000000000 40a9aa0000000000 4056800000000000
poi 25 4036000000000000 4050800000000000 4044000000000000 40a3900000000000 40a4d00000000000 4056800000000000
poi 26 4020000000000000 404f000000000000 4024000000000000 0000000000000000 40a9820000000000 4056800000000000
poi 27 4037000000000000 404a000000000000 4024000000000000 0000000000000000 40a9a40000000000 4056800000000000
poi 28 4010000000000000 404b800000000000 4034000000000000 0000000000000000 40a97e0000000000 4056800000000000
poi 29 4034000000000000 4049000000000000 4024000000000000 0000000000000000 40a9a00000000000 4056800000000000
poi 30 4034000000000000 404b800000000000 4024000000000000 0000000000000000 40a99e0000000000 4056800000000000
poi 31 4024000000000000 4041800000000000 4034000000000000 0000000000000000 40a9840000000000 4056800000000000
poi 32 4024000000000000 4044000000000000 403e000000000000 0000000000000000 40a9880000000000 4056800000000000
poi 33 4020000000000000 4044000000000000 4044000000000000 0000000000000000 40a9840000000000 4056800000000000
poi 34 4020000000000000 4046800000000000 4034000000000000 0000000000000000 40a9860000000000 4056800000000000
poi 35 4014000000000000 4041800000000000 4024000000000000 0000000000000000 40a97a0000000000 4056800000000000
poi 36 4014000000000000 4046800000000000 4024000000000000 0000000000000000 40a9800000000000 4056800000000000
poi 37 4000000000000000 4044000000000000 4034000000000000 0000000000000000 40a9780000000000 4056800000000000
poi 38 0000000000000000 4044000000000000 403e000000000000 40909c0000000000 40931c0000000000 4056800000000000
poi 39 0000000000000000 4046800000000000 4034000000000000 0000000000000000 40a9760000000000 4056800000000000
poi 40 4042000000000000 4032000000000000 4024000000000000 0000000000000000 40a9860000000000 4056800000000000
poi 41 4041800000000000 4040000000000000 4024000000000000 0000000000000000 40a9a20000000000 4056800000000000
poi 42 4040800000000000 4040000000000000 4034000000000000 0000000000000000 40a9a00000000000 4056800000000000
poi 43 4040800000000000 4041800000000000 4024000000000000 0000000000000000 40a9a60000000000 4056800000000000
poi 44 4040000000000000 4034000000000000 4024000000000000 409de40000000000 40a0320000000000 4056800000000000
poi 45 403e000000000000 403e000000000000 4024000000000000 0000000000000000 40a99a0000000000 4056800000000000
poi 46 4041000000000000 4039000000000000 403e000000000000 0000000000000000 40a9940000000000 4056800000000000
poi 47 403e000000000000 4041800000000000 4024000000000000 0000000000000000 40a9a20000000000 4056800000000000
poi 48 4042000000000000 4044000000000000 4024000000000000 0000000000000000 40a9b20000000000 4056800000000000
poi 49 4048000000000000 4034000000000000 4024000000000000 0000000000000000 40a9880000000000 4056800000000000
poi 50 403a000000000000 4040000000000000 4024000000000000 0000000000000000 40a99a0000000000 4056800000000000
poi 51 4039000000000000 403e000000000000 4024000000000000 0000000000000000 40a9960000000000 4056800000000000
poi 52 4039000000000000 4041800000000000 4024000000000000 0000000000000000 40a99c0000000000 4056800000000000
poi 53 4046000000000000 4014000000000000 4034000000000000 4093a00000000000 4096200000000000 4056800000000000
poi 54 4045000000000000 4024000000000000 4044000000000000 0000000000000000 40a9760000000000 4056800000000000
poi 55 4045000000000000 402e000000000000 4024000000000000 4090a40000000000 4093240000000000 4056800000000000
poi 56 4044000000000000 4014000000000000 403e000000000000 0000000000000000 40a96e0000000000 4056800000000000
poi 57 4043000000000000 402e000000000000 4044000000000000 0000000000000000 40a9800000000000 4056800000000000
poi 58 4043000000000000 4014000000000000 403e000000000000 4096880000000000 4099080000000000 4056800000000000
poi 59 4043000000000000 4024000000000000 4024000000000000 0000000000000000 40a9760000000000 4056800000000000
poi 60 4041800000000000 4014000000000000 4034000000000000 0000000000000000 40a96c0000000000 4056800000000000
poi 61 4049000000000000 403e000000000000 4024000000000000 0000000000000000 40a99a0000000000 4056800000000000
poi 62 4049000000000000 4041800000000000 4034000000000000 405e000000000000 4071800000000000 4056800000000000
poi 63 4049000000000000 4044000000000000 4049000000000000 0000000000000000 40a9aa0000000000 4056800000000000
poi 64 4048000000000000 403e000000000000 4024000000000000 0000000000000000 40a99c0000000000 4056800000000000
poi 65 4046000000000000 4039000000000000 4024000000000000 0000000000000000 40a9940000000000 4056800000000000
poi 66 4047800000000000 4041800000000000 4024000000000000 0000000000000000 40a9a60000000000 4056800000000000
poi 67 4047800000000000 4044000000000000 4024000000000000 4028000000000000 4065800000000000 4056800000000000
poi 68 4045000000000000 403e000000000000 4024000000000000 0000000000000000 40a99e0000000000 4056800000000000
poi 69 4046800000000000 4041800000000000 4024000000000000 4085400000000000 408a400000000000 4056800000000000
poi 70 4057c00000000000 403e000000000000 403e000000000000 0000000000000000 40a9520000000000 4056800000000000
poi 71 4057c00000000000 4041800000000000 4034000000000000 0000000000000000 40a9540000000000 4056800000000000
poi 72 404a800000000000 403e000000000000 4024000000000000 0000000000000000 40a9980000000000 4056800000000000
poi 73 4057000000000000 403e000000000000 4024000000000000 0000000000000000 40a9580000000000 4056800000000000
poi 74 404a800000000000 4041800000000000 4049000000000000 406aa00000000000 4077500000000000 4056800000000000
poi 75 4046800000000000 4050400000000000 4034000000000000 0000000000000000 40a9a80000000000 4056800000000000
poi 76 4056800000000000 4041800000000000 4024000000000000 40a0a60000000000 40a1e60000000000 4056800000000000
poi 77 4052000000000000 4046800000000000 4024000000000000 40a6a80000000000 40a7e80000000000 4056800000000000
poi 78 4053800000000000 4044000000000000 4034000000000000 0000000000000000 40a9780000000000 4056800000000000
poi 79 4055c00000000000 403e000000000000 4024000000000000 40a4600000000000 40a5a00000000000 4056800000000000
poi 80 4055400000000000 4039000000000000 4024000000000000 0000000000000000 40a9600000000000 4056800000000000
poi 81 4055400000000000 4041800000000000 403e000000000000 0000000000000000 40a9680000000000 4056800000000000
poi 82 4052c00000000000 404b800000000000 4034000000000000 0000000000000000 40a9800000000000 4056800000000000
poi 83 4052000000000000 404b800000000000 4024000000000000 0000000000000000 40a9860000000000 4056800000000000
poi 84 4051800000000000 404d000000000000 4034000000000000 4099a40000000000 409c240000000000 4056800000000000
poi 85 4055800000000000 4047000000000000 403e000000000000 0000000000000000 40a96a0000000000 4056800000000000
poi 86 4050800000000000 404b800000000000 4024000000000000 0000000000000000 40a9920000000000 4056800000000000
poi 87 4050000000000000 4047000000000000 4034000000000000 40a8320000000000 40a9720000000000 4056800000000000
poi 88 4050400000000000 404e000000000000 403e000000000000 0000000000000000 40a9920000000000 4056800000000000
poi 89 404c000000000000 4050000000000000 4024000000000000 0000000000000000 40a99c0000000000 4056800000000000
poi 90 404e000000000000 404b800000000000 4024000000000000 0000000000000000 40a99e0000000000 4056800000000000
poi 91 404e000000000000 404e000000000000 4024000000000000 0000000000000000 40a99a0000000000 4056800000000000
poi 92 4050c00000000000 4055400000000000 4034000000000000 4085b00000000000 408ab00000000000 4056800000000000
poi 93 4045000000000000 404d000000000000 4044000000000000 0000000000000000 40a9b60000000000 4056800000000000
poi 94 4050400000000000 4054800000000000 4024000000000000 0000000000000000 40a9760000000000 4056800000000000
poi 95 404f000000000000 4054000000000000 403e000000000000 0000000000000000 40a97c0000000000 4056800000000000
poi 96 404f000000000000 4044000000000000 4024000000000000 0000000000000000 40a9960000000000 4056800000000000
poi 97 404e000000000000 4055400000000000 403e000000000000 0000000000000000 40a9760000000000 4056800000000000
poi 98 404d000000000000 4052c00000000000 4034000000000000 0000000000000000 40a98a0000000000 4056800000000000
poi 99 404b800000000000 4054000000000000 4024000000000000 4079700000000000 4081b80000000000 4056800000000000
poi 100 404b800000000000 4055400000000000 4034000000000000 407f600000000000 4084b00000000000 4056800000000000
# inst c205
name c205
n 101
tmax 40aa7c0000000000
poi 0 4044000000000000 4049000000000000 0000000000000000 0000000000000000 40aa7c0000000000 0000000000000000
poi 1 404a000000000000 4052c00000000000 4024000000000000 406ce00000000000 4081380000000000 4056800000000000
poi 2 4046800000000000 4051800000000000 403e000000000000 4060a00000000000 407c500000000000 4056800000000000
poi 3 404f000000000000 4051400000000000 4024000000000000 4090fc0000000000 4095fc0000000000 4056800000000000
poi 4 404e000000000000 4050800000000000 4024000000000000 4092740000000000 4097740000000000 4056800000000000
poi 5 4045000000000000 4050400000000000 4024000000000000 402e000000000000 4074f00000000000 4056800000000000
poi 6 4030000000000000 4045000000000000 4034000000000000 407a100000000000 4087080000000000 4056800000000000
poi 7 404d000000000000 4051800000000000 4034000000000000 408f080000000000 4094840000000000 4056800000000000
poi 8 4041000000000000 404e000000000000 4034000000000000 40a5ee0000000000 40a86e0000000000 4056800000000000
poi 9 403c000000000000 4051800000000000 4024000000000000 40a3b20000000000 40a6320000000000 4056800000000000
poi 10 4041800000000000 4050800000000000 4024000000000000 40a52e0000000000 40a7ae0000000000 4056800000000000
poi 11 4041800000000000 4051400000000000 4024000000000000 40a4740000000000 40a6f40000000000 4056800000000000
poi 12 4039000000000000 4055400000000000 4034000000000000 409fdc0000000000 40a26e0000000000 4056800000000000
poi 13 4036000000000000 4052c00000000000 403e000000000000 40a22a0000000000 40a4aa0000000000 4056800000000000
poi 14 4036000000000000 4055400000000000 4024000000000000 409e680000000000 40a1b40000000000 4056800000000000
poi 15 4034000000000000 4054000000000000 4044000000000000 40a0b00000000000 40a3300000000000 4056800000000000
poi 16 4034000000000000 4055400000000000 4044000000000000 409cf80000000000 40a0fc0000000000 4056800000000000
poi 17 4032000000000000 4052c00000000000 4034000000000000 40a16e0000000000 40a3ee0000000000 4056800000000000
poi 18 402e000000000000 4052c00000000000 4034000000000000 4099f80000000000 409ef80000000000 4056800000000000
poi 19 402e000000000000 4054000000000000 4024000000000000 409b740000000000 40a03a0000000000 4056800000000000
poi 20 403e000000000000 4049000000000000 4024000000000000 4024000000000000 4074a00000000000 4056800000000000
poi 21 403e000000000000 404c000000000000 4034000000000000 40a6ae0000000000 40a92e0000000000 4056800000000000
poi 22 403c000000000000 404a000000000000 4034000000000000 4028000000000000 4074c00000000000 4056800000000000
poi 23 402c000000000000 4050800000000000 4024000000000000 40986c0000000000 409d6c0000000000 4056800000000000
poi 24 4039000000000000 4049000000000000 4024000000000000 4042000000000000 4076400000000000 4056800000000000
poi 25 4036000000000000 4050800000000000 4044000000000000 40a2f00000000000 40a5700000000000 4056800000000000
poi 26 4020000000000000 404f000000000000 4024000000000000 4096e40000000000 409be40000000000 4056800000000000
poi 27 4037000000000000 404a000000000000 4024000000000000 4060200000000000 407c100000000000 4056800000000000
poi 28 4010000000000000 404b800000000000 4034000000000000 40955c0000000000 409a5c0000000000 4056800000000000
poi 29 4034000000000000 4049000000000000 4024000000000000 4073e00000000000 4083f00000000000 4056800000000000
poi 30 4034000000000000 404b800000000000 4024000000000000 406be00000000000 4080f80000000000 4056800000000000
poi 31 4024000000000000 4041800000000000 4034000000000000 4085e80000000000 408fe80000000000 4056800000000000
poi 32 4024000000000000 4044000000000000 403e000000000000 4080080000000000 408a080000000000 4056800000000000
poi 33 4020000000000000 4044000000000000 4044000000000000 4082e80000000000 408ce80000000000 4056800000000000
poi 34 4020000000000000 4046800000000000 4034000000000000 4093c80000000000 4098c80000000000 4056800000000000
poi 35 4014000000000000 4041800000000000 4024000000000000 4088e00000000000 4091700000000000 4056800000000000
poi 36 4014000000000000 4046800000000000 4024000000000000 4092540000000000 4097540000000000 4056800000000000
poi 37 4000000000000000 4044000000000000 4034000000000000 408bd80000000000 4092ec0000000000 4056800000000000
poi 38 0000000000000000 4044000000000000 403e000000000000 408eb80000000000 40945c0000000000 4056800000000000
poi 39 0000000000000000 4046800000000000 4034000000000000 4090d80000000000 4095d80000000000 4056800000000000
poi 40 4042000000000000 4032000000000000 4024000000000000 409b2c0000000000 40a0160000000000 4056800000000000
poi 41 4041800000000000 4040000000000000 4024000000000000 40a4ec0000000000 40a76c0000000000 4056800000000000
poi 42 4040800000000000 4040000000000000 4034000000000000 40a4340000000000 40a6b40000000000 4056800000000000
poi 43 4040800000000000 4041800000000000 4024000000000000 40a37a0000000000 40a5fa0000000000 4056800000000000
poi 44 4040000000000000 4034000000000000 4024000000000000 409ca40000000000 40a0d20000000000 4056800000000000
poi 45 403e000000000000 403e000000000000 4024000000000000 409fa40000000000 40a2520000000000 4056800000000000
poi 46 4041000000000000 4039000000000000 403e000000000000 409e240000000000 40a1920000000000 4056800000000000
poi 47 403e000000000000 4041800000000000 4024000000000000 40a2c00000000000 40a5400000000000 4056800000000000
poi 48 4042000000000000 4044000000000000 4024000000000000 40a5b00000000000 40a8300000000000 4056800000000000
poi 49 4048000000000000 4034000000000000 4024000000000000 408bb80000000000 4092dc0000000000 4056800000000000
poi 50 403a000000000000 4040000000000000 4024000000000000 40a1480000000000 40a3c80000000000 4056800000000000
poi 51 4039000000000000 403e000000000000 4024000000000000 40a0900000000000 40a3100000000000 4056800000000000
poi 52 4039000000000000 4041800000000000 4024000000000000 40a2020000000000 40a4820000000000 4056800000000000
poi 53 4046000000000000 4014000000000000 4034000000000000 4092600000000000 4097600000000000 4056800000000000
poi 54 4045000000000000 4024000000000000 4044000000000000 4090e00000000000 4095e00000000000 4056800000000000
poi 55 4045000000000000 402e000000000000 4024000000000000 408ec80000000000 4094640000000000 4056800000000000
poi 56 4044000000000000 4014000000000000 403e000000000000 4093d80000000000 4098d80000000000 4056800000000000
poi 57 4043000000000000 402e000000000000 4044000000000000 4099b40000000000 409eb40000000000 4056800000000000
poi 58 4043000000000000 4014000000000000 403e000000000000 4095480000000000 409a480000000000 4056800000000000
poi 59 4043000000000000 4024000000000000 4024000000000000 4098380000000000 409d380000000000 4056800000000000
poi 60 4041800000000000 4014000000000000 4034000000000000 4096bc0000000000 409bbc0000000000 4056800000000000
poi 61 4049000000000000 403e000000000000 4024000000000000 4074100000000000 4084080000000000 4056800000000000
poi 62 4049000000000000 4041800000000000 4034000000000000 4044000000000000 4076800000000000 4056800000000000
poi 63 4049000000000000 4044000000000000 4049000000000000 402c000000000000 4074e00000000000 4056800000000000
poi 64 4048000000000000 403e000000000000 4024000000000000 4079d00000000000 4086e80000000000 4056800000000000
poi 65 4046000000000000 4039000000000000 4024000000000000 4088b80000000000 40915c0000000000 4056800000000000
poi 66 4047800000000000 4041800000000000 4024000000000000 407fc00000000000 4089e00000000000 4056800000000000
poi 67 4047800000000000 4044000000000000 4024000000000000 4028000000000000 4074c00000000000 4056800000000000
poi 68 4045000000000000 403e000000000000 4024000000000000 4085c00000000000 408fc00000000000 4056800000000000
poi 69 4046800000000000 4041800000000000 4024000000000000 4082c00000000000 408cc00000000000 4056800000000000
poi 70 4057c00000000000 403e000000000000 403e000000000000 40a1820000000000 40a4020000000000 4056800000000000
poi 71 4057c00000000000 4041800000000000 4034000000000000 40a0c40000000000 40a3440000000000 4056800000000000
poi 72 404a800000000000 403e000000000000 4024000000000000 406c800000000000 4081200000000000 4056800000000000
poi 73 4057000000000000 403e000000000000 4024000000000000 40a23c0000000000 40a4bc0000000000 4056800000000000
poi 74 404a800000000000 4041800000000000 4049000000000000 4060a00000000000 407c500000000000 4056800000000000
poi 75 4046800000000000 4050400000000000 4034000000000000 4043000000000000 4076600000000000 4056800000000000
poi 76 4056800000000000 4041800000000000 4024000000000000 40a0060000000000 40a2860000000000 4056800000000000
poi 77 4052000000000000 4046800000000000 4024000000000000 40a6080000000000 40a8880000000000 4056800000000000
poi 78 4053800000000000 4044000000000000 4034000000000000 40a5440000000000 40a7c40000000000 4056800000000000
poi 79 4055c00000000000 403e000000000000 4024000000000000 40a3c00000000000 40a6400000000000 4056800000000000
poi 80 4055400000000000 4039000000000000 4024000000000000 40a3020000000000 40a5820000000000 4056800000000000
poi 81 4055400000000000 4041800000000000 403e000000000000 40a47e0000000000 40a6fe0000000000 4056800000000000
poi 82 4052c00000000000 404b800000000000 4034000000000000 409cd40000000000 40a0ea0000000000 4056800000000000
poi 83 4052000000000000 404b800000000000 4024000000000000 409b600000000000 40a0300000000000 4056800000000000
poi 84 4051800000000000 404d000000000000 4034000000000000 4098640000000000 409d640000000000 4056800000000000
poi 85 4055800000000000 4047000000000000 403e000000000000 409e740000000000 40a1ba0000000000 4056800000000000
poi 86 4050800000000000 404b800000000000 4024000000000000 4099e00000000000 409ee00000000000 4056800000000000
poi 87 4050000000000000 4047000000000000 4034000000000000 40a7160000000000 40a9960000000000 4056800000000000
poi 88 4050400000000000 404e000000000000 403e000000000000 4096e80000000000 409be80000000000 4056800000000000
poi 89 404c000000000000 4050000000000000 4024000000000000 4093ec0000000000 4098ec0000000000 4056800000000000
poi 90 404e000000000000 404b800000000000 4024000000000000 40a71e0000000000 40a99e0000000000 4056800000000000
poi 91 404e000000000000 404e000000000000 4024000000000000 40956c0000000000 409a6c0000000000 4056800000000000
poi 92 4050c00000000000 4055400000000000 4034000000000000 4083300000000000 408d300000000000 4056800000000000
poi 93 4045000000000000 404d000000000000 4044000000000000 4020000000000000 4074800000000000 4056800000000000
poi 94 4050400000000000 4054800000000000 4024000000000000 4086200000000000 4090100000000000 4056800000000000
poi 95 404f000000000000 4054000000000000 403e000000000000 4089080000000000 4091840000000000 4056800000000000
poi 96 404f000000000000 4044000000000000 4024000000000000 40a6d20000000000 40a9520000000000 4056800000000000
poi 97 404e000000000000 4055400000000000 403e000000000000 4080280000000000 408a280000000000 4056800000000000
poi 98 404d000000000000 4052c00000000000 4034000000000000 408c100000000000 4093080000000000 4056800000000000
poi 99 404b800000000000 4054000000000000 4024000000000000 4074700000000000 4084380000000000 4056800000000000
poi 100 404b800000000000 4055400000000000 4034000000000000 407a600000000000 4087300000000000 4056800000000000
# inst r101
name r101
n 101
tmax 406cc00000000000
poi 0 4041800000000000 4041800000000000 0000000000000000 0000000000000000 406cc00000000000 0000000000000000
poi 1 4044800000000000 4048800000000000 4024000000000000 4064200000000000 4065600000000000 4024000000000000
poi 2 4041800000000000 4031000000000000 401c000000000000 4049000000000000 404e000000000000 4024000000000000
poi 3 404b800000000000 4046800000000000 402a000000000000 405d000000000000 405f800000000000 4024000000000000
poi 4 404b800000000000 4034000000000000 4033000000000000 4062a00000000000 4063e00000000000 4024000000000000
poi 5 402e000000000000 403e000000000000 403a000000000000 4041000000000000 4046000000000000 4024000000000000
poi 6 4039000000000000 403e000000000000 4008000000000000 4058c00000000000 405b400000000000 4024000000000000
poi 7 4034000000000000 4049000000000000 4014000000000000 4054400000000000 4056c00000000000 4024000000000000
poi 8 4024000000000000 4045800000000000 4022000000000000 4057c00000000000 405a400000000000 4024000000000000
poi 9 404b800000000000 404e000000000000 4030000000000000 4058400000000000 405ac00000000000 4024000000000000
poi 10 403e000000000000 404e000000000000 4030000000000000 405f000000000000 4060c00000000000 4024000000000000
poi 11 4034000000000000 4050400000000000 4028000000000000 4050c00000000000 4053400000000000 4024000000000000
poi 12 4049000000000000 4041800000000000 4033000000000000 404f800000000000 4052400000000000 4024000000000000
poi 13 403e000000000000 4039000000000000 4037000000000000 4063e00000000000 4065200000000000 4024000000000000
poi 14 402e000000000000 4024000000000000 4034000000000000 4040000000000000 4045000000000000 4024000000000000
poi 15 403e000000000000 4014000000000000 4020000000000000 404e800000000000 4051c00000000000 4024000000000000
poi 16 4024000000000000 4034000000000000 4033000000000000 4052c00000000000 4055400000000000 4024000000000000
poi 17 4014000000000000 403e000000000000 4000000000000000 4063a00000000000 4064e00000000000 4024000000000000
poi 18 4034000000000000 4044000000000000 4028000000000000 4055c00000000000 4058400000000000 4024000000000000
poi 19 402e000000000000 404e000000000000 4031000000000000 4053000000000000 4055800000000000 4024000000000000
poi 20 4046800000000000 4050400000000000 4022000000000000 405f800000000000 4061000000000000 4024000000000000
poi 21 4046800000000000 4034000000000000 4026000000000000 404f000000000000 4052000000000000 4024000000000000
poi 22 4046800000000000 4024000000000000 4032000000000000 4058400000000000 405ac00000000000 4024000000000000
poi 23 404b800000000000 4014000000000000 403d000000000000 4051000000000000 4053800000000000 4024000000000000
poi 24 4050400000000000 4041800000000000 4008000000000000 4063200000000000 4064600000000000 4024000000000000
poi 25 4050400000000000 4034000000000000 4018000000000000 4065800000000000 4066c00000000000 4024000000000000
poi 26 4046800000000000 403e000000000000 4031000000000000 4060800000000000 4061c00000000000 4024000000000000
poi 27 4041800000000000 4044000000000000 4030000000000000 4042800000000000 4047800000000000 4024000000000000
poi 28 4044800000000000 4042800000000000 4030000000000000 4043800000000000 4048800000000000 4024000000000000
poi 29 4050000000000000 4045000000000000 4022000000000000 404f800000000000 4052400000000000 4024000000000000
poi 30 4044000000000000 404e000000000000 4035000000000000 4051c00000000000 4054400000000000 4024000000000000
poi 31 403f000000000000 404a000000000000 403b000000000000 4049000000000000 404e000000000000 4024000000000000
poi 32 4041800000000000 4051400000000000 4037000000000000 4061a00000000000 4062e00000000000 4024000000000000
poi 33 404a800000000000 404a000000000000 4026000000000000 4042800000000000 4047800000000000 4024000000000000
poi 34 4050400000000000 404b800000000000 402c000000000000 405d400000000000 405fc00000000000 4024000000000000
poi 35 404f800000000000 4050400000000000 4020000000000000 4061e00000000000 4063200000000000 4024000000000000
poi 36 4000000000000000 404e000000000000 4014000000000000 4044800000000000 4049800000000000 4024000000000000
poi 37 4034000000000000 4034000000000000 4020000000000000 4060c00000000000 4062000000000000 4024000000000000
poi 38 4014000000000000 4014000000000000 4030000000000000 4054c00000000000 4057400000000000 4024000000000000
poi 39 404e000000000000 4028000000000000 403f000000000000 4046000000000000 404b000000000000 4024000000000000
poi 40 4044000000000000 4039000000000000 4022000000000000 4055400000000000 4057c00000000000 4024000000000000
poi 41 4045000000000000 401c000000000000 4014000000000000 4058400000000000 405ac00000000000 4024000000000000
poi 42 4038000000000000 4028000000000000 4014000000000000 403f000000000000 4044800000000000 4024000000000000
poi 43 4037000000000000 4008000000000000 401c000000000000 4060800000000000 4061c00000000000 4024000000000000
poi 44 4026000000000000 402c000000000000 4032000000000000 4051400000000000 4053c00000000000 4024000000000000
poi 45 4018000000000000 4043000000000000 4030000000000000 4040000000000000 4045000000000000 4024000000000000
poi 46 4000000000000000 4048000000000000 3ff0000000000000 405d400000000000 405fc00000000000 4024000000000000
poi 47 4020000000000000 404c000000000000 403b000000000000 4049800000000000 404e800000000000 4024000000000000
poi 48 402a000000000000 404a000000000000 4042000000000000 4064a00000000000 4065e00000000000 4024000000000000
poi 49 4018000000000000 4051000000000000 403e000000000000 405b000000000000 405d800000000000 4024000000000000
poi 50 4047800000000000 4047800000000000 402a000000000000 405f000000000000 4060c00000000000 4024000000000000
poi 51 4048800000000000 404d000000000000 4024000000000000 4056000000000000 4058800000000000 4024000000000000
poi 52 403b000000000000 4045800000000000 4022000000000000 404a000000000000 404f000000000000 4024000000000000
poi 53 4042800000000000 403f000000000000 402c000000000000 4057c00000000000 405a400000000000 4024000000000000
poi 54 404c800000000000 403d000000000000 4032000000000000 4061800000000000 4062c00000000000 4024000000000000
poi 55 404f800000000000 4037000000000000 4000000000000000 4061000000000000 4062400000000000 4024000000000000
poi 56 404a800000000000 4028000000000000 4018000000000000 4060400000000000 4061800000000000 4024000000000000
poi 57 4040000000000000 4028000000000000 401c000000000000 4059400000000000 405bc00000000000 4024000000000000
poi 58 4042000000000000 403a000000000000 4032000000000000 4069000000000000 406a400000000000 4024000000000000
poi 59 4035000000000000 4038000000000000 403c000000000000 4032000000000000 403c000000000000 4024000000000000
poi 60 4031000000000000 4041000000000000 4008000000000000 4064400000000000 4065800000000000 4024000000000000
poi 61 4028000000000000 4038000000000000 402a000000000000 4053000000000000 4055800000000000 4024000000000000
poi 62 4038000000000000 404d000000000000 4033000000000000 404d000000000000 4051000000000000 4024000000000000
poi 63 403b000000000000 4051400000000000 4024000000000000 4041000000000000 4046000000000000 4024000000000000
poi 64 402e000000000000 4053400000000000 4022000000000000 4052400000000000 4054c00000000000 4024000000000000
poi 65 404f000000000000 4053400000000000 4034000000000000 4049800000000000 404e800000000000 4024000000000000
poi 66 4048800000000000 4052400000000000 4039000000000000 405fc00000000000 4061200000000000 4024000000000000
poi 67 4050c00000000000 4014000000000000 4039000000000000 4054c00000000000 4057400000000000 4024000000000000
poi 68 404c000000000000 4043800000000000 4042000000000000 4061c00000000000 4063000000000000 4024000000000000
poi 69 4042800000000000 4047800000000000 4018000000000000 4049000000000000 404e000000000000 4024000000000000
poi 70 4042800000000000 404c000000000000 4014000000000000 4066c00000000000 4068000000000000 4024000000000000
poi 71 404c800000000000 4051000000000000 402e000000000000 4053400000000000 4055c00000000000 4024000000000000
poi 72 4047800000000000 4030000000000000 4039000000000000 4041800000000000 4046800000000000 4024000000000000
poi 73 4046000000000000 4031000000000000 4022000000000000 4053800000000000 4056000000000000 4024000000000000
poi 74 4047000000000000 402a000000000000 4020000000000000 4062a00000000000 4063e00000000000 4024000000000000
poi 75 4048800000000000 4026000000000000 4032000000000000 4051400000000000 4053c00000000000 4024000000000000
poi 76 4048800000000000 4045000000000000 402a000000000000 4052400000000000 4054c00000000000 4024000000000000
poi 77 404a800000000000 4045800000000000 402c000000000000 4066600000000000 4067a00000000000 4024000000000000
poi 78 404e800000000000 404a000000000000 4008000000000000 4058000000000000 405a800000000000 4024000000000000
poi 79 404c800000000000 4048000000000000 4037000000000000 4057000000000000 4059800000000000 4024000000000000
poi 80 404c000000000000 4042800000000000 4018000000000000 4066c00000000000 4068000000000000 4024000000000000
poi 81 404b800000000000 404b000000000000 403a000000000000 4057800000000000 405a000000000000 4024000000000000
poi 82 402e000000000000 4047800000000000 4030000000000000 404b800000000000 4050400000000000 4024000000000000
poi 83 402c000000000000 4042800000000000 4026000000000000 4046000000000000 404b000000000000 4024000000000000
poi 84 4026000000000000 403f000000000000 401c000000000000 4059400000000000 405bc00000000000 4024000000000000
poi 85 4030000000000000 4036000000000000 4044800000000000 4056c00000000000 4059400000000000 4024000000000000
poi 86 4010000000000000 4032000000000000 4041800000000000 4057800000000000 405a000000000000 4024000000000000
poi 87 403c000000000000 4032000000000000 403a000000000000 4057400000000000 4059c00000000000 4024000000000000
poi 88 403a000000000000 404a000000000000 4022000000000000 4052800000000000 4055000000000000 4024000000000000
poi 89 403a000000000000 4041800000000000 402e000000000000 4066000000000000 4067400000000000 4024000000000000
poi 90 403f000000000000 4050c00000000000 4008000000000000 4057c00000000000 405a400000000000 4024000000000000
poi 91 402e000000000000 4033000000000000 3ff0000000000000 4064000000000000 4065400000000000 4024000000000000
poi 92 4036000000000000 4036000000000000 4000000000000000 4032000000000000 403c000000000000 4024000000000000
poi 93 4032000000000000 4038000000000000 4036000000000000 4067800000000000 4068c00000000000 4024000000000000
poi 94 403a000000000000 403b000000000000 403b000000000000 4059000000000000 405b800000000000 4024000000000000
poi 95 4039000000000000 4038000000000000 4034000000000000 4043800000000000 4048800000000000 4024000000000000
poi 96 4036000000000000 403b000000000000 4026000000000000 4060e00000000000 4062200000000000 4024000000000000
poi 97 4039000000000000 4035000000000000 4028000000000000 4060a00000000000 4061e00000000000 4024000000000000
poi 98 4033000000000000 4035000000000000 4024000000000000 404d000000000000 4051000000000000 4024000000000000
poi 99 4034000000000000 403a000000000000 4022000000000000 4054c00000000000 4057400000000000 4024000000000000
poi 100 4032000000000000 4032000000000000 4031000000000000 4067200000000000 4068600000000000 4024000000000000
# inst r102
name r102
n 101
tmax 406cc00000000000
poi 0 4041800000000000 4041800000000000 0000000000000000 0000000000000000 406cc00000000000 0000000000000000
poi 1 4044800000000000 4048800000000000 4024000000000000 0000000000000000 4069800000000000 4024000000000000
poi 2 4041800000000000 4031000000000000 401c000000000000 0000000000000000 4069400000000000 4024000000000000
poi 3 404b800000000000 4046800000000000 402a000000000000 0000000000000000 4068a00000000000 4024000000000000
poi 4 404b800000000000 4034000000000000 4033000000000000 4062a00000000000 4063e00000000000 4024000000000000
poi 5 402e000000000000 403e000000000000 403a000000000000 0000000000000000 4068e00000000000 4024000000000000
poi 6 4039000000000000 403e000000000000 4008000000000000 4058c00000000000 405b400000000000 4024000000000000
poi 7 4034000000000000 4049000000000000 4014000000000000 0000000000000000 4068c00000000000 4024000000000000
poi 8 4024000000000000 4045800000000000 4022000000000000 4057c00000000000 405a400000000000 4024000000000000
poi 9 404b800000000000 404e000000000000 4030000000000000 4058400000000000 405ac00000000000 4024000000000000
poi 10 403e000000000000 404e000000000000 4030000000000000 405f000000000000 4060c00000000000 4024000000000000
poi 11 4034000000000000 4050400000000000 4028000000000000 4050c00000000000 4053400000000000 4024000000000000
poi 12 4049000000000000 4041800000000000 4033000000000000 0000000000000000 4069a00000000000 4024000000000000
poi 13 403e000000000000 4039000000000000 4037000000000000 4063e00000000000 4065200000000000 4024000000000000
poi 14 402e000000000000 4024000000000000 4034000000000000 4040000000000000 4045000000000000 4024000000000000
poi 15 403e000000000000 4014000000000000 4020000000000000 404e800000000000 4051c00000000000 4024000000000000
poi 16 4024000000000000 4034000000000000 4033000000000000 4052c00000000000 4055400000000000 4024000000000000
poi 17 4014000000000000 403e000000000000 4000000000000000 4063a00000000000 4064e00000000000 4024000000000000
poi 18 4034000000000000 4044000000000000 4028000000000000 4055c00000000000 4058400000000000 4024000000000000
poi 19 402e000000000000 404e000000000000 4031000000000000 4053000000000000 4055800000000000 4024000000000000
poi 20 4046800000000000 4050400000000000 4022000000000000 405f800000000000 4061000000000000 4024000000000000
poi 21 4046800000000000 4034000000000000 4026000000000000 0000000000000000 4069200000000000 4024000000000000
poi 22 4046800000000000 4024000000000000 4032000000000000 4058400000000000 405ac00000000000 4024000000000000
poi 23 404b800000000000 4014000000000000 403d000000000000 4051000000000000 4053800000000000 4024000000000000
poi 24 4050400000000000 4041800000000000 4008000000000000 4063200000000000 4064600000000000 4024000000000000
poi 25 4050400000000000 4034000000000000 4018000000000000 4065800000000000 4066c00000000000 4024000000000000
poi 26 4046800000000000 403e000000000000 4031000000000000 0000000000000000 406a000000000000 4024000000000000
poi 27 4041800000000000 4044000000000000 4030000000000000 4042800000000000 4047800000000000 4024000000000000
poi 28 4044800000000000 4042800000000000 4030000000000000 4043800000000000 4048800000000000 4024000000000000
poi 29 4050000000000000 4045000000000000 4022000000000000 404f800000000000 4052400000000000 4024000000000000
poi 30 4044000000000000 404e000000000000 4035000000000000 4051c00000000000 4054400000000000 4024000000000000
poi 31 403f000000000000 404a000000000000 403b000000000000 0000000000000000 4069400000000000 4024000000000000
poi 32 4041800000000000 4051400000000000 4037000000000000 4061a00000000000 4062e00000000000 4024000000000000
poi 33 404a800000000000 404a000000000000 4026000000000000 4042800000000000 4047800000000000 4024000000000000
poi 34 4050400000000000 404b800000000000 402c000000000000 0000000000000000 4066e00000000000 4024000000000000
poi 35 404f800000000000 4050400000000000 4020000000000000 4061e00000000000 4063200000000000 4024000000000000
poi 36 4000000000000000 404e000000000000 4014000000000000 4044800000000000 4049800000000000 4024000000000000
poi 37 4034000000000000 4034000000000000 4020000000000000 0000000000000000 4068c00000000000 4024000000000000
poi 38 4014000000000000 4014000000000000 4030000000000000 4054c00000000000 4057400000000000 4024000000000000
poi 39 404e000000000000 4028000000000000 403f000000000000 4046000000000000 404b000000000000 4024000000000000
poi 40 4044000000000000 4039000000000000 4022000000000000 4055400000000000 4057c00000000000 4024000000000000
poi 41 4045000000000000 401c000000000000 4014000000000000 4058400000000000 405ac00000000000 4024000000000000
poi 42 4038000000000000 4028000000000000 4014000000000000 403f000000000000 4044800000000000 4024000000000000
poi 43 4037000000000000 4008000000000000 401c000000000000 4060800000000000 4061c00000000000 4024000000000000
poi 44 4026000000000000 402c000000000000 4032000000000000 4051400000000000 4053c00000000000 4024000000000000
poi 45 4018000000000000 4043000000000000 4030000000000000 4040000000000000 4045000000000000 4024000000000000
poi 46 4000000000000000 4048000000000000 3ff0000000000000 405d400000000000 405fc00000000000 4024000000000000
poi 47 4020000000000000 404c000000000000 403b000000000000 4049800000000000 404e800000000000 4024000000000000
poi 48 402a000000000000 404a000000000000 4042000000000000 0000000000000000 4068000000000000 4024000000000000
poi 49 4018000000000000 4051000000000000 403e000000000000 405b000000000000 405d800000000000 4024000000000000
poi 50 4047800000000000 4047800000000000 402a000000000000 0000000000000000 4069600000000000 4024000000000000
poi 51 4048800000000000 404d000000000000 4024000000000000 4056000000000000 4058800000000000 4024000000000000
poi 52 403b000000000000 4045800000000000 4022000000000000 0000000000000000 406a000000000000 4024000000000000
poi 53 4042800000000000 403f000000000000 402c000000000000 4057c00000000000 405a400000000000 4024000000000000
poi 54 404c800000000000 403d000000000000 4032000000000000 4061800000000000 4062c00000000000 4024000000000000
poi 55 404f800000000000 4037000000000000 4000000000000000 4061000000000000 4062400000000000 4024000000000000
poi 56 404a800000000000 4028000000000000 4018000000000000 4060400000000000 4061800000000000 4024000000000000
poi 57 4040000000000000 4028000000000000 401c000000000000 4059400000000000 405bc00000000000 4024000000000000
poi 58 4042000000000000 403a000000000000 4032000000000000 4069000000000000 406a400000000000 4024000000000000
poi 59 4035000000000000 4038000000000000 403c000000000000 0000000000000000 4069400000000000 4024000000000000
poi 60 4031000000000000 4041000000000000 4008000000000000 4064400000000000 4065800000000000 4024000000000000
poi 61 4028000000000000 4038000000000000 402a000000000000 4053000000000000 4055800000000000 4024000000000000
poi 62 4038000000000000 404d000000000000 4033000000000000 404d000000000000 4051000000000000 4024000000000000
poi 63 403b000000000000 4051400000000000 4024000000000000 4041000000000000 4046000000000000 4024000000000000
poi 64 402e000000000000 4053400000000000 4022000000000000 4052400000000000 4054c00000000000 4024000000000000
poi 65 404f000000000000 4053400000000000 4034000000000000 4049800000000000 404e800000000000 4024000000000000
poi 66 4048800000000000 4052400000000000 4039000000000000 405fc00000000000 4061200000000000 4024000000000000
poi 67 4050c00000000000 4014000000000000 4039000000000000 4054c00000000000 4057400000000000 4024000000000000
poi 68 404c000000000000 4043800000000000 4042000000000000 4061c00000000000 4063000000000000 4024000000000000
poi 69 4042800000000000 4047800000000000 4018000000000000 4049000000000000 404e000000000000 4024000000000000
poi 70 4042800000000000 404c000000000000 4014000000000000 4066c00000000000 4068000000000000 4024000000000000
poi 71 404c800000000000 4051000000000000 402e000000000000 4053400000000000 4055c00000000000 4024000000000000
poi 72 4047800000000000 4030000000000000 4039000000000000 0000000000000000 4068a00000000000 4024000000000000
poi 73 4046000000000000 4031000000000000 4022000000000000 4053800000000000 4056000000000000 4024000000000000
poi 74 4047000000000000 402a000000000000 4020000000000000 4062a00000000000 4063e00000000000 4024000000000000
poi 75 4048800000000000 4026000000000000 4032000000000000 0000000000000000 4068000000000000 4024000000000000
poi 76 4048800000000000 4045000000000000 402a000000000000 4052400000000000 4054c00000000000 4024000000000000
poi 77 404a800000000000 4045800000000000 402c000000000000 4066600000000000 4067a00000000000 4024000000000000
poi 78 404e800000000000 404a000000000000 4008000000000000 4058000000000000 405a800000000000 4024000000000000
poi 79 404c800000000000 4048000000000000 4037000000000000 4057000000000000 4059800000000000 4024000000000000
poi 80 404c000000000000 4042800000000000 4018000000000000 4066c00000000000 4068000000000000 4024000000000000
poi 81 404b800000000000 404b000000000000 403a000000000000 4057800000000000 405a000000000000 4024000000000000
poi 82 402e000000000000 4047800000000000 4030000000000000 0000000000000000 4068800000000000 4024000000000000
poi 83 402c000000000000 4042800000000000 4026000000000000 0000000000000000 4068c00000000000 4024000000000000
poi 84 4026000000000000 403f000000000000 401c000000000000 4059400000000000 405bc00000000000 4024000000000000
poi 85 4030000000000000 4036000000000000 4044800000000000 0000000000000000 4068800000000000 4024000000000000
poi 86 4010000000000000 4032000000000000 4041800000000000 4057800000000000 405a000000000000 4024000000000000
poi 87 403c000000000000 4032000000000000 403a000000000000 4057400000000000 4059c00000000000 4024000000000000
poi 88 403a000000000000 404a000000000000 4022000000000000 4052800000000000 4055000000000000 4024000000000000
poi 89 403a000000000000 4041800000000000 402e000000000000 4066000000000000 4067400000000000 4024000000000000
poi 90 403f000000000000 4050c00000000000 4008000000000000 4057c00000000000 405a400000000000 4024000000000000
poi 91 402e000000000000 4033000000000000 3ff0000000000000 0000000000000000 4068400000000000 4024000000000000
poi 92 4036000000000000 4036000000000000 4000000000000000 4032000000000000 403c000000000000 4024000000000000
poi 93 4032000000000000 4038000000000000 4036000000000000 4067800000000000 4068c00000000000 4024000000000000
poi 94 403a000000000000 403b000000000000 403b000000000000 0000000000000000 4069e00000000000 4024000000000000
poi 95 4039000000000000 4038000000000000 4034000000000000 0000000000000000 4069a00000000000 4024000000000000
poi 96 4036000000000000 403b000000000000 4026000000000000 0000000000000000 4069800000000000 4024000000000000
poi 97 4039000000000000 4035000000000000 4028000000000000 4060a00000000000 4061e00000000000 4024000000000000
poi 98 4033000000000000 4035000000000000 4024000000000000 0000000000000000 4068c00000000000 4024000000000000
poi 99 4034000000000000 403a000000000000 4022000000000000 4054c00000000000 4057400000000000 4024000000000000
poi 100 4032000000000000 4032000000000000 4031000000000000 4067200000000000 4068600000000000 4024000000000000
# inst r103
name r103
n 101
tmax 406cc00000000000
poi 0 4041800000000000 4041800000000000 0000000000000000 0000000000000000 406cc00000000000 0000000000000000
poi 1 4044800000000000 4048800000000000 4024000000000000 0000000000000000 4069800000000000 4024000000000000
poi 2 4041800000000000 4031000000000000 401c000000000000 0000000000000000 4069400000000000 4024000000000000
poi 3 404b800000000000 4046800000000000 402a000000000000 0000000000000000 4068a00000000000 4024000000000000
poi 4 404b800000000000 4034000000000000 4033000000000000 4062a00000000000 4063e00000000000 4024000000000000
poi 5 402e000000000000 403e000000000000 403a000000000000 0000000000000000 4068e00000000000 4024000000000000
poi 6 4039000000000000 403e000000000000 4008000000000000 4058c00000000000 405b400000000000 4024000000000000
poi 7 4034000000000000 4049000000000000 4014000000000000 0000000000000000 4068c00000000000 4024000000000000
poi 8 4024000000000000 4045800000000000 4022000000000000 4057c00000000000 405a400000000000 4024000000000000
poi 9 404b800000000000 404e000000000000 4030000000000000 4058400000000000 405ac00000000000 4024000000000000
poi 10 403e000000000000 404e000000000000 4030000000000000 405f000000000000 4060c00000000000 4024000000000000
poi 11 4034000000000000 4050400000000000 4028000000000000 4050c00000000000 4053400000000000 4024000000000000
poi 12 4049000000000000 4041800000000000 4033000000000000 0000000000000000 4069a00000000000 4024000000000000
poi 13 403e000000000000 4039000000000000 4037000000000000 4063e00000000000 4065200000000000 4024000000000000
poi 14 402e000000000000 4024000000000000 4034000000000000 0000000000000000 4067600000000000 4024000000000000
poi 15 403e000000000000 4014000000000000 4020000000000000 404e800000000000 4051c00000000000 4024000000000000
poi 16 4024000000000000 4034000000000000 4033000000000000 0000000000000000 4067c00000000000 4024000000000000
poi 17 4014000000000000 403e000000000000 4000000000000000 4063a00000000000 4064e00000000000 4024000000000000
poi 18 4034000000000000 4044000000000000 4028000000000000 0000000000000000 4069800000000000 4024000000000000
poi 19 402e000000000000 404e000000000000 4031000000000000 0000000000000000 4067600000000000 4024000000000000
poi 20 4046800000000000 4050400000000000 4022000000000000 0000000000000000 4067800000000000 4024000000000000
poi 21 4046800000000000 4034000000000000 4026000000000000 0000000000000000 4069200000000000 4024000000000000
poi 22 4046800000000000 4024000000000000 4032000000000000 4058400000000000 405ac00000000000 4024000000000000
poi 23 404b800000000000 4014000000000000 403d000000000000 4051000000000000 4053800000000000 4024000000000000
poi 24 4050400000000000 4041800000000000 4008000000000000 0000000000000000 4067c00000000000 4024000000000000
poi 25 4050400000000000 4034000000000000 4018000000000000 4065800000000000 4066c00000000000 4024000000000000
poi 26 4046800000000000 403e000000000000 4031000000000000 0000000000000000 406a000000000000 4024000000000000
poi 27 4041800000000000 4044000000000000 4030000000000000 4042800000000000 4047800000000000 4024000000000000
poi 28 4044800000000000 4042800000000000 4030000000000000 0000000000000000 406aa00000000000 4024000000000000
poi 29 4050000000000000 4045000000000000 4022000000000000 0000000000000000 4067c00000000000 4024000000000000
poi 30 4044000000000000 404e000000000000 4035000000000000 4051c00000000000 4054400000000000 4024000000000000
poi 31 403f000000000000 404a000000000000 403b000000000000 0000000000000000 4069400000000000 4024000000000000
poi 32 4041800000000000 4051400000000000 4037000000000000 0000000000000000 4067400000000000 4024000000000000
poi 33 404a800000000000 404a000000000000 4026000000000000 4042800000000000 4047800000000000 4024000000000000
poi 34 4050400000000000 404b800000000000 402c000000000000 0000000000000000 4066e00000000000 4024000000000000
poi 35 404f800000000000 4050400000000000 4020000000000000 4061e00000000000 4063200000000000 4024000000000000
poi 36 4000000000000000 404e000000000000 4014000000000000 4044800000000000 4049800000000000 4024000000000000
poi 37 4034000000000000 4034000000000000 4020000000000000 0000000000000000 4068c00000000000 4024000000000000
poi 38 4014000000000000 4014000000000000 4030000000000000 4054c00000000000 4057400000000000 4024000000000000
poi 39 404e000000000000 4028000000000000 403f000000000000 4046000000000000 404b000000000000 4024000000000000
poi 40 4044000000000000 4039000000000000 4022000000000000 4055400000000000 4057c00000000000 4024000000000000
poi 41 4045000000000000 401c000000000000 4014000000000000 4058400000000000 405ac00000000000 4024000000000000
poi 42 4038000000000000 4028000000000000 4014000000000000 403f000000000000 4044800000000000 4024000000000000
poi 43 4037000000000000 4008000000000000 401c000000000000 0000000000000000 4067200000000000 4024000000000000
poi 44 4026000000000000 402c000000000000 4032000000000000 4051400000000000 4053c00000000000 4024000000000000
poi 45 4018000000000000 4043000000000000 4030000000000000 4040000000000000 4045000000000000 4024000000000000
poi 46 4000000000000000 4048000000000000 3ff0000000000000 0000000000000000 4067000000000000 4024000000000000
poi 47 4020000000000000 404c000000000000 403b000000000000 0000000000000000 4067200000000000 4024000000000000
poi 48 402a000000000000 404a000000000000 4042000000000000 0000000000000000 4068000000000000 4024000000000000
poi 49 4018000000000000 4051000000000000 403e000000000000 405b000000000000 405d800000000000 4024000000000000
poi 50 4047800000000000 4047800000000000 402a000000000000 0000000000000000 4069600000000000 4024000000000000
poi 51 4048800000000000 404d000000000000 4024000000000000 0000000000000000 4068200000000000 4024000000000000
poi 52 403b000000000000 4045800000000000 4022000000000000 0000000000000000 406a000000000000 4024000000000000
poi 53 4042800000000000 403f000000000000 402c000000000000 4057c00000000000 405a400000000000 4024000000000000
poi 54 404c800000000000 403d000000000000 4032000000000000 0000000000000000 4068a00000000000 4024000000000000
poi 55 404f800000000000 4037000000000000 4000000000000000 4061000000000000 4062400000000000 4024000000000000
poi 56 404a800000000000 4028000000000000 4018000000000000 4060400000000000 4061800000000000 4024000000000000
poi 57 4040000000000000 4028000000000000 401c000000000000 0000000000000000 4068800000000000 4024000000000000
poi 58 4042000000000000 403a000000000000 4032000000000000 4069000000000000 406a400000000000 4024000000000000
poi 59 4035000000000000 4038000000000000 403c000000000000 0000000000000000 4069400000000000 4024000000000000
poi 60 4031000000000000 4041000000000000 4008000000000000 0000000000000000 4069200000000000 4024000000000000
poi 61 4028000000000000 4038000000000000 402a000000000000 0000000000000000 4068400000000000 4024000000000000
poi 62 4038000000000000 404d000000000000 4033000000000000 404d000000000000 4051000000000000 4024000000000000
poi 63 403b000000000000 4051400000000000 4024000000000000 0000000000000000 4067200000000000 4024000000000000
poi 64 402e000000000000 4053400000000000 4022000000000000 4052400000000000 4054c00000000000 4024000000000000
poi 65 404f000000000000 4053400000000000 4034000000000000 4049800000000000 404e800000000000 4024000000000000
poi 66 4048800000000000 4052400000000000 4039000000000000 405fc00000000000 4061200000000000 4024000000000000
poi 67 4050c00000000000 4014000000000000 4039000000000000 4054c00000000000 4057400000000000 4024000000000000
poi 68 404c000000000000 4043800000000000 4042000000000000 4061c00000000000 4063000000000000 4024000000000000
poi 69 4042800000000000 4047800000000000 4018000000000000 4049000000000000 404e000000000000 4024000000000000
poi 70 4042800000000000 404c000000000000 4014000000000000 4066c00000000000 4068000000000000 4024000000000000
poi 71 404c800000000000 4051000000000000 402e000000000000 0000000000000000 4066800000000000 4024000000000000
poi 72 4047800000000000 4030000000000000 4039000000000000 0000000000000000 4068a00000000000 4024000000000000
poi 73 4046000000000000 4031000000000000 4022000000000000 0000000000000000 4068e00000000000 4024000000000000
poi 74 4047000000000000 402a000000000000 4020000000000000 4062a00000000000 4063e00000000000 4024000000000000
poi 75 4048800000000000 4026000000000000 4032000000000000 0000000000000000 4068000000000000 4024000000000000
poi 76 4048800000000000 4045000000000000 402a000000000000 4052400000000000 4054c00000000000 4024000000000000
poi 77 404a800000000000 4045800000000000 402c000000000000 4066600000000000 4067a00000000000 4024000000000000
poi 78 404e800000000000 404a000000000000 4008000000000000 4058000000000000 405a800000000000 4024000000000000
poi 79 404c800000000000 4048000000000000 4037000000000000 4057000000000000 4059800000000000 4024000000000000
poi 80 404c000000000000 4042800000000000 4018000000000000 4066c00000000000 4068000000000000 4024000000000000
poi 81 404b800000000000 404b000000000000 403a000000000000 0000000000000000 4068000000000000 4024000000000000
poi 82 402e000000000000 4047800000000000 4030000000000000 0000000000000000 4068800000000000 4024000000000000
poi 83 402c000000000000 4042800000000000 4026000000000000 0000000000000000 4068c00000000000 4024000000000000
poi 84 4026000000000000 403f000000000000 401c000000000000 4059400000000000 405bc00000000000 4024000000000000
poi 85 4030000000000000 4036000000000000 4044800000000000 0000000000000000 4068800000000000 4024000000000000
poi 86 4010000000000000 4032000000000000 4041800000000000 0000000000000000 4067000000000000 4024000000000000
poi 87 403c000000000000 4032000000000000 403a000000000000 4057400000000000 4059c00000000000 4024000000000000
poi 88 403a000000000000 404a000000000000 4022000000000000 4052800000000000 4055000000000000 4024000000000000
poi 89 403a000000000000 4041800000000000 402e000000000000 0000000000000000 406a600000000000 4024000000000000
poi 90 403f000000000000 4050c00000000000 4008000000000000 0000000000000000 4067600000000000 4024000000000000
poi 91 402e000000000000 4033000000000000 3ff0000000000000 0000000000000000 4068400000000000 4024000000000000
poi 92 4036000000000000 4036000000000000 4000000000000000 4032000000000000 403c000000000000 4024000000000000
poi 93 4032000000000000 4038000000000000 4036000000000000 4067800000000000 4068c00000000000 4024000000000000
poi 94 403a000000000000 403b000000000000 403b000000000000 0000000000000000 4069e00000000000 4024000000000000
poi 95 4039000000000000 4038000000000000 4034000000000000 0000000000000000 4069a00000000000 4024000000000000
poi 96 4036000000000000 403b000000000000 4026000000000000 0000000000000000 4069800000000000 4024000000000000
poi 97 4039000000000000 4035000000000000 4028000000000000 0000000000000000 4069400000000000 4024000000000000
poi 98 4033000000000000 4035000000000000 4024000000000000 0000000000000000 4068c00000000000 4024000000000000
poi 99 4034000000000000 403a000000000000 4022000000000000 4054c00000000000 4057400000000000 4024000000000000
poi 100 4032000000000000 4032000000000000 4031000000000000 4067200000000000 4068600000000000 4024000000000000
# inst r104
name r104
n 101
tmax 406cc00000000000
poi 0 4041800000000000 4041800000000000 0000000000000000 0000000000000000 406cc00000000000 0000000000000000
poi 1 4044800000000000 4048800000000000 4024000000000000 0000000000000000 4069800000000000 4024000000000000
poi 2 4041800000000000 4031000000000000 401c000000000000 0000000000000000 4069400000000000 4024000000000000
poi 3 404b800000000000 4046800000000000 402a000000000000 0000000000000000 4068a00000000000 4024000000000000
poi 4 404b800000000000 4034000000000000 4033000000000000 4062a00000000000 4063e00000000000 4024000000000000
poi 5 402e000000000000 403e000000000000 403a000000000000 0000000000000000 4068e00000000000 4024000000000000
poi 6 4039000000000000 403e000000000000 4008000000000000 0000000000000000 406a000000000000 4024000000000000
poi 7 4034000000000000 4049000000000000 4014000000000000 0000000000000000 4068c00000000000 4024000000000000
poi 8 4024000000000000 4045800000000000 4022000000000000 4057c00000000000 405a400000000000 4024000000000000
poi 9 404b800000000000 404e000000000000 4030000000000000 4058400000000000 405ac00000000000 4024000000000000
poi 10 403e000000000000 404e000000000000 4030000000000000 0000000000000000 4068400000000000 4024000000000000
poi 11 4034000000000000 4050400000000000 4028000000000000 4050c00000000000 4053400000000000 4024000000000000
poi 12 4049000000000000 4041800000000000 4033000000000000 0000000000000000 4069a00000000000 4024000000000000
poi 13 403e000000000000 4039000000000000 4037000000000000 4063e00000000000 4065200000000000 4024000000000000
poi 14 402e000000000000 4024000000000000 4034000000000000 0000000000000000 4067600000000000 4024000000000000
poi 15 403e000000000000 4014000000000000 4020000000000000 404e800000000000 4051c00000000000 4024000000000000
poi 16 4024000000000000 4034000000000000 4033000000000000 0000000000000000 4067c00000000000 4024000000000000
poi 17 4014000000000000 403e000000000000 4000000000000000 0000000000000000 4067a00000000000 4024000000000000
poi 18 4034000000000000 4044000000000000 4028000000000000 0000000000000000 4069800000000000 4024000000000000
poi 19 402e000000000000 404e000000000000 4031000000000000 0000000000000000 4067600000000000 4024000000000000
poi 20 4046800000000000 4050400000000000 4022000000000000 0000000000000000 4067800000000000 4024000000000000
poi 21 4046800000000000 4034000000000000 4026000000000000 0000000000000000 4069200000000000 4024000000000000
poi 22 4046800000000000 4024000000000000 4032000000000000 0000000000000000 4068200000000000 4024000000000000
poi 23 404b800000000000 4014000000000000 403d000000000000 4051000000000000 4053800000000000 4024000000000000
poi 24 4050400000000000 4041800000000000 4008000000000000 0000000000000000 4067c00000000000 4024000000000000
poi 25 4050400000000000 4034000000000000 4018000000000000 4065800000000000 4066c00000000000 4024000000000000
poi 26 4046800000000000 403e000000000000 4031000000000000 0000000000000000 406a000000000000 4024000000000000
poi 27 4041800000000000 4044000000000000 4030000000000000 0000000000000000 406ae00000000000 4024000000000000
poi 28 4044800000000000 4042800000000000 4030000000000000 0000000000000000 406aa00000000000 4024000000000000
poi 29 4050000000000000 4045000000000000 4022000000000000 0000000000000000 4067c00000000000 4024000000000000
poi 30 4044000000000000 404e000000000000 4035000000000000 0000000000000000 4068400000000000 4024000000000000
poi 31 403f000000000000 404a000000000000 403b000000000000 0000000000000000 4069400000000000 4024000000000000
poi 32 4041800000000000 4051400000000000 4037000000000000 0000000000000000 4067400000000000 4024000000000000
poi 33 404a800000000000 404a000000000000 4026000000000000 0000000000000000 4068600000000000 4024000000000000
poi 34 4050400000000000 404b800000000000 402c000000000000 0000000000000000 4066e00000000000 4024000000000000
poi 35 404f800000000000 4050400000000000 4020000000000000 0000000000000000 4066400000000000 4024000000000000
poi 36 4000000000000000 404e000000000000 4014000000000000 0000000000000000 4066400000000000 4024000000000000
poi 37 4034000000000000 4034000000000000 4020000000000000 0000000000000000 4068c00000000000 4024000000000000
poi 38 4014000000000000 4014000000000000 4030000000000000 4054c00000000000 4057400000000000 4024000000000000
poi 39 404e000000000000 4028000000000000 403f000000000000 0000000000000000 4067400000000000 4024000000000000
poi 40 4044000000000000 4039000000000000 4022000000000000 0000000000000000 406a000000000000 4024000000000000
poi 41 4045000000000000 401c000000000000 4014000000000000 0000000000000000 4067e00000000000 4024000000000000
poi 42 4038000000000000 4028000000000000 4014000000000000 0000000000000000 4068400000000000 4024000000000000
poi 43 4037000000000000 4008000000000000 401c000000000000 0000000000000000 4067200000000000 4024000000000000
poi 44 4026000000000000 402c000000000000 4032000000000000 4051400000000000 4053c00000000000 4024000000000000
poi 45 4018000000000000 4043000000000000 4030000000000000 0000000000000000 4067c00000000000 4024000000000000
poi 46 4000000000000000 4048000000000000 3ff0000000000000 0000000000000000 4067000000000000 4024000000000000
poi 47 4020000000000000 404c000000000000 403b000000000000 0000000000000000 4067200000000000 4024000000000000
poi 48 402a000000000000 404a000000000000 4042000000000000 0000000000000000 4068000000000000 4024000000000000
poi 49 4018000000000000 4051000000000000 403e000000000000 0000000000000000 4066000000000000 4024000000000000
poi 50 4047800000000000 4047800000000000 402a000000000000 0000000000000000 4069600000000000 4024000000000000
poi 51 4048800000000000 404d000000000000 4024000000000000 0000000000000000 4068200000000000 4024000000000000
poi 52 403b000000000000 4045800000000000 4022000000000000 0000000000000000 406a000000000000 4024000000000000
poi 53 4042800000000000 403f000000000000 402c000000000000 4057c00000000000 405a400000000000 4024000000000000
poi 54 404c800000000000 403d000000000000 4032000000000000 0000000000000000 4068a00000000000 4024000000000000
poi 55 404f800000000000 4037000000000000 4000000000000000 4061000000000000 4062400000000000 4024000000000000
poi 56 404a800000000000 4028000000000000 4018000000000000 0000000000000000 4067c00000000000 4024000000000000
poi 57 4040000000000000 4028000000000000 401c000000000000 0000000000000000 4068800000000000 4024000000000000
poi 58 4042000000000000 403a000000000000 4032000000000000 4069000000000000 406a400000000000 4024000000000000
poi 59 4035000000000000 4038000000000000 403c000000000000 0000000000000000 4069400000000000 4024000000000000
poi 60 4031000000000000 4041000000000000 4008000000000000 0000000000000000 4069200000000000 4024000000000000
poi 61 4028000000000000 4038000000000000 402a000000000000 0000000000000000 4068400000000000 4024000000000000
poi 62 4038000000000000 404d000000000000 4033000000000000 404d000000000000 4051000000000000 4024000000000000
poi 63 403b000000000000 4051400000000000 4024000000000000 0000000000000000 4067200000000000 4024000000000000
poi 64 402e000000000000 4053400000000000 4022000000000000 0000000000000000 4065a00000000000 4024000000000000
poi 65 404f000000000000 4053400000000000 4034000000000000 0000000000000000 4065400000000000 4024000000000000
poi 66 4048800000000000 4052400000000000 4039000000000000 0000000000000000 4066600000000000 4024000000000000
poi 67 4050c00000000000 4014000000000000 4039000000000000 4054c00000000000 4057400000000000 4024000000000000
poi 68 404c000000000000 4043800000000000 4042000000000000 0000000000000000 4068c00000000000 4024000000000000
poi 69 4042800000000000 4047800000000000 4018000000000000 4049000000000000 404e000000000000 4024000000000000
poi 70 4042800000000000 404c000000000000 4014000000000000 0000000000000000 4068c00000000000 4024000000000000
poi 71 404c800000000000 4051000000000000 402e000000000000 0000000000000000 4066800000000000 4024000000000000
poi 72 4047800000000000 4030000000000000 4039000000000000 0000000000000000 4068a00000000000 4024000000000000
poi 73 4046000000000000 4031000000000000 4022000000000000 0000000000000000 4068e00000000000 4024000000000000
poi 74 4047000000000000 402a000000000000 4020000000000000 4062a00000000000 4063e00000000000 4024000000000000
poi 75 4048800000000000 4026000000000000 4032000000000000 0000000000000000 4068000000000000 4024000000000000
poi 76 4048800000000000 4045000000000000 402a000000000000 4052400000000000 4054c00000000000 4024000000000000
poi 77 404a800000000000 4045800000000000 402c000000000000 4066600000000000 4067a00000000000 4024000000000000
poi 78 404e800000000000 404a000000000000 4008000000000000 0000000000000000 4067800000000000 4024000000000000
poi 79 404c800000000000 4048000000000000 4037000000000000 4057000000000000 4059800000000000 4024000000000000
poi 80 404c000000000000 4042800000000000 4018000000000000 0000000000000000 4068c00000000000 4024000000000000
poi 81 404b800000000000 404b000000000000 403a000000000000 0000000000000000 4068000000000000 4024000000000000
poi 82 402e000000000000 4047800000000000 4030000000000000 0000000000000000 4068800000000000 4024000000000000
poi 83 402c000000000000 4042800000000000 4026000000000000 0000000000000000 4068c00000000000 4024000000000000
poi 84 4026000000000000 403f000000000000 401c000000000000 4059400000000000 405bc00000000000 4024000000000000
poi 85 4030000000000000 4036000000000000 4044800000000000 0000000000000000 4068800000000000 4024000000000000
poi 86 4010000000000000 4032000000000000 4041800000000000 0000000000000000 4067000000000000 4024000000000000
poi 87 403c000000000000 4032000000000000 403a000000000000 4057400000000000 4059c00000000000 4024000000000000
poi 88 403a000000000000 404a000000000000 4022000000000000 0000000000000000 4069000000000000 4024000000000000
poi 89 403a000000000000 4041800000000000 402e000000000000 0000000000000000 406a600000000000 4024000000000000
poi 90 403f000000000000 4050c00000000000 4008000000000000 0000000000000000 4067600000000000 4024000000000000
poi 91 402e000000000000 4033000000000000 3ff0000000000000 0000000000000000 4068400000000000 4024000000000000
poi 92 4036000000000000 4036000000000000 4000000000000000 4032000000000000 403c000000000000 4024000000000000
poi 93 4032000000000000 4038000000000000 4036000000000000 0000000000000000 4068e00000000000 4024000000000000
poi 94 403a000000000000 403b000000000000 403b000000000000 0000000000000000 4069e00000000000 4024000000000000
poi 95 4039000000000000 4038000000000000 4034000000000000 0000000000000000 4069a00000000000 4024000000000000
poi 96 4036000000000000 403b000000000000 4026000000000000 0000000000000000 4069800000000000 4024000000000000
poi 97 4039000000000000 4035000000000000 4028000000000000 0000000000000000 4069400000000000 4024000000000000
poi 98 4033000000000000 4035000000000000 4024000000000000 0000000000000000 4068c00000000000 4024000000000000
poi 99 4034000000000000 403a000000000000 4022000000000000 4054c00000000000 4057400000000000 4024000000000000
poi 100 4032000000000000 4032000000000000 4031000000000000 4067200000000000 4068600000000000 4024000000000000
# inst r105
name r105
n 101
tmax 406cc00000000000
poi 0 4041800000000000 4041800000000000 0000000000000000 0000000000000000 406cc00000000000 0000000000000000
poi 1 4044800000000000 4048800000000000 4024000000000000 4062e00000000000 4066a00000000000 4024000000000000
poi 2 4041800000000000 4031000000000000 401c000000000000 4044000000000000 4051800000000000 4024000000000000
poi 3 404b800000000000 4046800000000000 402a000000000000 405a800000000000 4061000000000000 4024000000000000
poi 4 404b800000000000 4034000000000000 4033000000000000 4061600000000000 4065200000000000 4024000000000000
poi 5 402e000000000000 403e000000000000 403a000000000000 4038000000000000 404b000000000000 4024000000000000
poi 6 4039000000000000 403e000000000000 4008000000000000 4056400000000000 405dc00000000000 4024000000000000
poi 7 4034000000000000 4049000000000000 4014000000000000 4051c00000000000 4059400000000000 4024000000000000
poi 8 4024000000000000 4045800000000000 4022000000000000 4055400000000000 405cc00000000000 4024000000000000
poi 9 404b800000000000 404e000000000000 4030000000000000 4055c00000000000 405d400000000000 4024000000000000
poi 10 403e000000000000 404e000000000000 4030000000000000 405c800000000000 4062000000000000 4024000000000000
poi 11 4034000000000000 4050400000000000 4028000000000000 404c800000000000 4055c00000000000 4024000000000000
poi 12 4049000000000000 4041800000000000 4033000000000000 404a800000000000 4054c00000000000 4024000000000000
poi 13 403e000000000000 4039000000000000 4037000000000000 4062a00000000000 4066600000000000 4024000000000000
poi 14 402e000000000000 4024000000000000 4034000000000000 4040000000000000 404f000000000000 4024000000000000
poi 15 403e000000000000 4014000000000000 4020000000000000 4049800000000000 4054400000000000 4024000000000000
poi 16 4024000000000000 4034000000000000 4033000000000000 4050400000000000 4057c00000000000 4024000000000000
poi 17 4014000000000000 403e000000000000 4000000000000000 4062600000000000 4066200000000000 4024000000000000
poi 18 4034000000000000 4044000000000000 4028000000000000 4053400000000000 405ac00000000000 4024000000000000
poi 19 402e000000000000 404e000000000000 4031000000000000 4050800000000000 4058000000000000 4024000000000000
poi 20 4046800000000000 4050400000000000 4022000000000000 405d000000000000 4062400000000000 4024000000000000
poi 21 4046800000000000 4034000000000000 4026000000000000 404a000000000000 4054800000000000 4024000000000000
poi 22 4046800000000000 4024000000000000 4032000000000000 4055c00000000000 405d400000000000 4024000000000000
poi 23 404b800000000000 4014000000000000 403d000000000000 404d000000000000 4056000000000000 4024000000000000
poi 24 4050400000000000 4041800000000000 4008000000000000 4061e00000000000 4065a00000000000 4024000000000000
poi 25 4050400000000000 4034000000000000 4018000000000000 4063800000000000 4067400000000000 4024000000000000
poi 26 4046800000000000 403e000000000000 4031000000000000 405e800000000000 4063000000000000 4024000000000000
poi 27 4041800000000000 4044000000000000 4030000000000000 403b000000000000 404c800000000000 4024000000000000
poi 28 4044800000000000 4042800000000000 4030000000000000 403d000000000000 404d800000000000 4024000000000000
poi 29 4050000000000000 4045000000000000 4022000000000000 404a800000000000 4054c00000000000 4024000000000000
poi 30 4044000000000000 404e000000000000 4035000000000000 404e800000000000 4056c00000000000 4024000000000000
poi 31 403f000000000000 404a000000000000 403b000000000000 4044000000000000 4051800000000000 4024000000000000
poi 32 4041800000000000 4051400000000000 4037000000000000 4060600000000000 4064200000000000 4024000000000000
poi 33 404a800000000000 404a000000000000 4026000000000000 403b000000000000 404c800000000000 4024000000000000
poi 34 4050400000000000 404b800000000000 402c000000000000 405ac00000000000 4061200000000000 4024000000000000
poi 35 404f800000000000 4050400000000000 4020000000000000 4060a00000000000 4064600000000000 4024000000000000
poi 36 4000000000000000 404e000000000000 4014000000000000 4044800000000000 4051c00000000000 4024000000000000
poi 37 4034000000000000 4034000000000000 4020000000000000 405f000000000000 4063400000000000 4024000000000000
poi 38 4014000000000000 4014000000000000 4030000000000000 4052400000000000 4059c00000000000 4024000000000000
poi 39 404e000000000000 4028000000000000 403f000000000000 4041000000000000 4050000000000000 4024000000000000
poi 40 4044000000000000 4039000000000000 4022000000000000 4052c00000000000 405a400000000000 4024000000000000
poi 41 4045000000000000 401c000000000000 4014000000000000 4055c00000000000 405d400000000000 4024000000000000
poi 42 4038000000000000 4028000000000000 4014000000000000 4039000000000000 404b800000000000 4024000000000000
poi 43 4037000000000000 4008000000000000 401c000000000000 405e800000000000 4063000000000000 4024000000000000
poi 44 4026000000000000 402c000000000000 4032000000000000 404d800000000000 4056400000000000 4024000000000000
poi 45 4018000000000000 4043000000000000 4030000000000000 403d000000000000 404d800000000000 4024000000000000
poi 46 4000000000000000 4048000000000000 3ff0000000000000 405ac00000000000 4061200000000000 4024000000000000
poi 47 4020000000000000 404c000000000000 403b000000000000 4044800000000000 4051c00000000000 4024000000000000
poi 48 402a000000000000 404a000000000000 4042000000000000 4063600000000000 4067200000000000 4024000000000000
poi 49 4018000000000000 4051000000000000 403e000000000000 4058800000000000 4060000000000000 4024000000000000
poi 50 4047800000000000 4047800000000000 402a000000000000 405c800000000000 4062000000000000 4024000000000000
poi 51 4048800000000000 404d000000000000 4024000000000000 4053800000000000 405b000000000000 4024000000000000
poi 52 403b000000000000 4045800000000000 4022000000000000 4045000000000000 4052000000000000 4024000000000000
poi 53 4042800000000000 403f000000000000 402c000000000000 4055400000000000 405cc00000000000 4024000000000000
poi 54 404c800000000000 403d000000000000 4032000000000000 4060400000000000 4064000000000000 4024000000000000
poi 55 404f800000000000 4037000000000000 4000000000000000 405f800000000000 4063800000000000 4024000000000000
poi 56 404a800000000000 4028000000000000 4018000000000000 405e000000000000 4062c00000000000 4024000000000000
poi 57 4040000000000000 4028000000000000 401c000000000000 4056c00000000000 405e400000000000 4024000000000000
poi 58 4042000000000000 403a000000000000 4032000000000000 4066800000000000 406a400000000000 4024000000000000
poi 59 4035000000000000 4038000000000000 403c000000000000 4031000000000000 4047800000000000 4024000000000000
poi 60 4031000000000000 4041000000000000 4008000000000000 4063000000000000 4066c00000000000 4024000000000000
poi 61 4028000000000000 4038000000000000 402a000000000000 4050800000000000 4058000000000000 4024000000000000
poi 62 4038000000000000 404d000000000000 4033000000000000 4048000000000000 4053800000000000 4024000000000000
poi 63 403b000000000000 4051400000000000 4024000000000000 4041000000000000 4050000000000000 4024000000000000
poi 64 402e000000000000 4053400000000000 4022000000000000 404f800000000000 4057400000000000 4024000000000000
poi 65 404f000000000000 4053400000000000 4034000000000000 4048800000000000 4053c00000000000 4024000000000000
poi 66 4048800000000000 4052400000000000 4039000000000000 405d400000000000 4062600000000000 4024000000000000
poi 67 4050c00000000000 4014000000000000 4039000000000000 4052400000000000 4059c00000000000 4024000000000000
poi 68 404c000000000000 4043800000000000 4042000000000000 4060800000000000 4064400000000000 4024000000000000
poi 69 4042800000000000 4047800000000000 4018000000000000 4044000000000000 4051800000000000 4024000000000000
poi 70 4042800000000000 404c000000000000 4014000000000000 4065000000000000 4068c00000000000 4024000000000000
poi 71 404c800000000000 4051000000000000 402e000000000000 4050c00000000000 4058400000000000 4024000000000000
poi 72 4047800000000000 4030000000000000 4039000000000000 4039000000000000 404b800000000000 4024000000000000
poi 73 4046000000000000 4031000000000000 4022000000000000 4051000000000000 4058800000000000 4024000000000000
poi 74 4047000000000000 402a000000000000 4020000000000000 4061600000000000 4065200000000000 4024000000000000
poi 75 4048800000000000 4026000000000000 4032000000000000 404d800000000000 4056400000000000 4024000000000000
poi 76 4048800000000000 4045000000000000 402a000000000000 404f800000000000 4057400000000000 4024000000000000
poi 77 404a800000000000 4045800000000000 402c000000000000 4065200000000000 4068e00000000000 4024000000000000
poi 78 404e800000000000 404a000000000000 4008000000000000 4055800000000000 405d000000000000 4024000000000000
poi 79 404c800000000000 4048000000000000 4037000000000000 4054800000000000 405c000000000000 4024000000000000
poi 80 404c000000000000 4042800000000000 4018000000000000 4065000000000000 4068c00000000000 4024000000000000
poi 81 404b800000000000 404b000000000000 403a000000000000 4055000000000000 405c800000000000 4024000000000000
poi 82 402e000000000000 4047800000000000 4030000000000000 4046800000000000 4052c00000000000 4024000000000000
poi 83 402c000000000000 4042800000000000 4026000000000000 4041000000000000 4050000000000000 4024000000000000
poi 84 4026000000000000 403f000000000000 401c000000000000 4056c00000000000 405e400000000000 4024000000000000
poi 85 4030000000000000 4036000000000000 4044800000000000 4054400000000000 405bc00000000000 4024000000000000
poi 86 4010000000000000 4032000000000000 4041800000000000 4055000000000000 405c800000000000 4024000000000000
poi 87 403c000000000000 4032000000000000 403a000000000000 4054c00000000000 405c400000000000 4024000000000000
poi 88 403a000000000000 404a000000000000 4022000000000000 4050000000000000 4057800000000000 4024000000000000
poi 89 403a000000000000 4041800000000000 402e000000000000 4064c00000000000 4068800000000000 4024000000000000
poi 90 403f000000000000 4050c00000000000 4008000000000000 4055400000000000 405cc00000000000 4024000000000000
poi 91 402e000000000000 4033000000000000 3ff0000000000000 4062c00000000000 4066800000000000 4024000000000000
poi 92 4036000000000000 4036000000000000 4000000000000000 4032000000000000 4048000000000000 4024000000000000
poi 93 4032000000000000 4038000000000000 4036000000000000 4065200000000000 4068e00000000000 4024000000000000
poi 94 403a000000000000 403b000000000000 403b000000000000 4056800000000000 405e000000000000 4024000000000000
poi 95 4039000000000000 4038000000000000 4034000000000000 403d000000000000 404d800000000000 4024000000000000
poi 96 4036000000000000 403b000000000000 4026000000000000 405f400000000000 4063600000000000 4024000000000000
poi 97 4039000000000000 4035000000000000 4028000000000000 405ec00000000000 4063200000000000 4024000000000000
poi 98 4033000000000000 4035000000000000 4024000000000000 4048000000000000 4053800000000000 4024000000000000
poi 99 4034000000000000 403a000000000000 4022000000000000 4052400000000000 4059c00000000000 4024000000000000
poi 100 4032000000000000 4032000000000000 4031000000000000 4064a00000000000 4068600000000000 4024000000000000
# inst r201
name r201
n 101
tmax 408f400000000000
poi 0 4041800000000000 4041800000000000 0000000000000000 0000000000000000 408f400000000000 0000000000000000
poi 1 4044800000000000 4048800000000000 4024000000000000 4086180000000000 408a800000000000 4024000000000000
poi 2 4041800000000000 4031000000000000 401c000000000000 4061e00000000000 4071a00000000000 4024000000000000
poi 3 404b800000000000 4046800000000000 402a000000000000 4080780000000000 4082400000000000 4024000000000000
poi 4 404b800000000000 4034000000000000 4033000000000000 4085300000000000 4089080000000000 4024000000000000
poi 5 402e000000000000 403e000000000000 403a000000000000 4041000000000000 406a200000000000 4024000000000000
poi 6 4039000000000000 403e000000000000 4008000000000000 4079f00000000000 4080100000000000 4024000000000000
poi 7 4034000000000000 4049000000000000 4014000000000000 4074b00000000000 4079a00000000000 4024000000000000
poi 8 4024000000000000 4045800000000000 4022000000000000 4079400000000000 407e100000000000 4024000000000000
poi 9 404b800000000000 404e000000000000 4030000000000000 4079000000000000 407f100000000000 4024000000000000
poi 10 403e000000000000 404e000000000000 4030000000000000 4082080000000000 4083c00000000000 4024000000000000
poi 11 4034000000000000 4050400000000000 4028000000000000 4069c00000000000 4074500000000000 4024000000000000
poi 12 4049000000000000 4041800000000000 4033000000000000 406c800000000000 4075900000000000 4024000000000000
poi 13 403e000000000000 4039000000000000 4037000000000000 4085900000000000 4089d80000000000 4024000000000000
poi 14 402e000000000000 4024000000000000 4034000000000000 4040000000000000 406e600000000000 4024000000000000
poi 15 403e000000000000 4014000000000000 4020000000000000 4065e00000000000 4072c00000000000 4024000000000000
poi 16 4024000000000000 4034000000000000 4033000000000000 4071000000000000 4077500000000000 4024000000000000
poi 17 4014000000000000 403e000000000000 4000000000000000 4086e80000000000 408b300000000000 4024000000000000
poi 18 4034000000000000 4044000000000000 4028000000000000 4077900000000000 407b200000000000 4024000000000000
poi 19 402e000000000000 404e000000000000 4031000000000000 4070d00000000000 4077a00000000000 4024000000000000
poi 20 4046800000000000 4050400000000000 4022000000000000 4082280000000000 4084d00000000000 4024000000000000
poi 21 4046800000000000 4034000000000000 4026000000000000 406ac00000000000 4074b00000000000 4024000000000000
poi 22 4046800000000000 4024000000000000 4032000000000000 4079900000000000 407ee00000000000 4024000000000000
poi 23 404b800000000000 4014000000000000 403d000000000000 4069c00000000000 4074500000000000 4024000000000000
poi 24 4050400000000000 4041800000000000 4008000000000000 4086000000000000 408a780000000000 4024000000000000
poi 25 4050400000000000 4034000000000000 4018000000000000 4089880000000000 408de00000000000 4024000000000000
poi 26 4046800000000000 403e000000000000 4031000000000000 4082600000000000 4084d80000000000 4024000000000000
poi 27 4041800000000000 4044000000000000 4030000000000000 405a000000000000 406fe00000000000 4024000000000000
poi 28 4044800000000000 4042800000000000 4030000000000000 405c800000000000 406fe00000000000 4024000000000000
poi 29 4050000000000000 4045000000000000 4022000000000000 4067c00000000000 4073900000000000 4024000000000000
poi 30 4044000000000000 404e000000000000 4035000000000000 4070300000000000 4076200000000000 4024000000000000
poi 31 403f000000000000 404a000000000000 403b000000000000 4063000000000000 4071300000000000 4024000000000000
poi 32 4041800000000000 4051400000000000 4037000000000000 4084a00000000000 4088480000000000 4024000000000000
poi 33 404a800000000000 404a000000000000 4026000000000000 4046800000000000 4069000000000000 4024000000000000
poi 34 4050400000000000 404b800000000000 402c000000000000 4080880000000000 4083300000000000 4024000000000000
poi 35 404f800000000000 4050400000000000 4020000000000000 4085700000000000 4089680000000000 4024000000000000
poi 36 4000000000000000 404e000000000000 4014000000000000 4044800000000000 406a000000000000 4024000000000000
poi 37 4034000000000000 4034000000000000 4020000000000000 4082f00000000000 4085a80000000000 4024000000000000
poi 38 4014000000000000 4014000000000000 4030000000000000 4072e00000000000 4079500000000000 4024000000000000
poi 39 404e000000000000 4028000000000000 403f000000000000 4040800000000000 406c000000000000 4024000000000000
poi 40 4044000000000000 4039000000000000 4022000000000000 4076800000000000 407b500000000000 4024000000000000
poi 41 4045000000000000 401c000000000000 4014000000000000 4078c00000000000 407ff00000000000 4024000000000000
poi 42 4038000000000000 4028000000000000 4014000000000000 4039000000000000 4065800000000000 4024000000000000
poi 43 4037000000000000 4008000000000000 401c000000000000 4083600000000000 4086080000000000 4024000000000000
poi 44 4026000000000000 402c000000000000 4032000000000000 406d200000000000 4075400000000000 4024000000000000
poi 45 4018000000000000 4043000000000000 4030000000000000 403d000000000000 4067a00000000000 4024000000000000
poi 46 4000000000000000 4048000000000000 3ff0000000000000 4080180000000000 4083a00000000000 4024000000000000
poi 47 4020000000000000 404c000000000000 403b000000000000 4055400000000000 406f400000000000 4024000000000000
poi 48 402a000000000000 404a000000000000 4042000000000000 4088280000000000 408c500000000000 4024000000000000
poi 49 4018000000000000 4051000000000000 403e000000000000 407f500000000000 4080e00000000000 4024000000000000
poi 50 4047800000000000 4047800000000000 402a000000000000 4081180000000000 4084100000000000 4024000000000000
poi 51 4048800000000000 404d000000000000 4024000000000000 4075c00000000000 407c500000000000 4024000000000000
poi 52 403b000000000000 4045800000000000 4022000000000000 4065c00000000000 4072b00000000000 4024000000000000
poi 53 4042800000000000 403f000000000000 402c000000000000 4079e00000000000 407e900000000000 4024000000000000
poi 54 404c800000000000 403d000000000000 4032000000000000 4084080000000000 4086f00000000000 4024000000000000
poi 55 404f800000000000 4037000000000000 4000000000000000 4083600000000000 4087180000000000 4024000000000000
poi 56 404a800000000000 4028000000000000 4018000000000000 4082480000000000 4085a00000000000 4024000000000000
poi 57 4040000000000000 4028000000000000 401c000000000000 407a500000000000 4080900000000000 4024000000000000
poi 58 4042000000000000 403a000000000000 4032000000000000 408a880000000000 408ea00000000000 4024000000000000
poi 59 4035000000000000 4038000000000000 403c000000000000 4031000000000000 406ca00000000000 4024000000000000
poi 60 4031000000000000 4041000000000000 4008000000000000 4086880000000000 408af00000000000 4024000000000000
poi 61 4028000000000000 4038000000000000 402a000000000000 4072200000000000 4077900000000000 4024000000000000
poi 62 4038000000000000 404d000000000000 4033000000000000 4064600000000000 4072e00000000000 4024000000000000
poi 63 403b000000000000 4051400000000000 4024000000000000 4041000000000000 4067e00000000000 4024000000000000
poi 64 402e000000000000 4053400000000000 4022000000000000 406ac00000000000 4074d00000000000 4024000000000000
poi 65 404f000000000000 4053400000000000 4034000000000000 4048800000000000 4067800000000000 4024000000000000
poi 66 4048800000000000 4052400000000000 4039000000000000 4082800000000000 4085a80000000000 4024000000000000
poi 67 4050c00000000000 4014000000000000 4039000000000000 4072600000000000 4079100000000000 4024000000000000
poi 68 404c000000000000 4043800000000000 4042000000000000 4083e80000000000 4087800000000000 4024000000000000
poi 69 4042800000000000 4047800000000000 4018000000000000 4064400000000000 4072500000000000 4024000000000000
poi 70 4042800000000000 404c000000000000 4014000000000000 4088a00000000000 408e400000000000 4024000000000000
poi 71 404c800000000000 4051000000000000 402e000000000000 4070c00000000000 4076f00000000000 4024000000000000
poi 72 4047800000000000 4030000000000000 4039000000000000 403f000000000000 406a000000000000 4024000000000000
poi 73 4046000000000000 4031000000000000 4022000000000000 4073400000000000 4078f00000000000 4024000000000000
poi 74 4047000000000000 402a000000000000 4020000000000000 4085480000000000 4089100000000000 4024000000000000
poi 75 4048800000000000 4026000000000000 4032000000000000 406d800000000000 4075900000000000 4024000000000000
poi 76 4048800000000000 4045000000000000 402a000000000000 4072200000000000 4077500000000000 4024000000000000
poi 77 404a800000000000 4045800000000000 402c000000000000 4089880000000000 408dc00000000000 4024000000000000
poi 78 404e800000000000 404a000000000000 4008000000000000 4078000000000000 407f300000000000 4024000000000000
poi 79 404c800000000000 4048000000000000 4037000000000000 4078400000000000 407d100000000000 4024000000000000
poi 80 404c000000000000 4042800000000000 4018000000000000 408a380000000000 408e400000000000 4024000000000000
poi 81 404b800000000000 404b000000000000 403a000000000000 4079b00000000000 407c800000000000 4024000000000000
poi 82 402e000000000000 4047800000000000 4030000000000000 4064400000000000 4072100000000000 4024000000000000
poi 83 402c000000000000 4042800000000000 4026000000000000 4058000000000000 406f200000000000 4024000000000000
poi 84 4026000000000000 403f000000000000 401c000000000000 407b400000000000 407ff00000000000 4024000000000000
poi 85 4030000000000000 4036000000000000 4044800000000000 4077800000000000 407cd00000000000 4024000000000000
poi 86 4010000000000000 4032000000000000 4041800000000000 4078400000000000 407d100000000000 4024000000000000
poi 87 403c000000000000 4032000000000000 403a000000000000 407a400000000000 407bf00000000000 4024000000000000
poi 88 403a000000000000 404a000000000000 4022000000000000 4071700000000000 4078400000000000 4024000000000000
poi 89 403a000000000000 4041800000000000 402e000000000000 4087980000000000 408cc00000000000 4024000000000000
poi 90 403f000000000000 4050c00000000000 4008000000000000 4078800000000000 407e700000000000 4024000000000000
poi 91 402e000000000000 4033000000000000 3ff0000000000000 4087180000000000 408b100000000000 4024000000000000
poi 92 4036000000000000 4036000000000000 4000000000000000 4032000000000000 4066a00000000000 4024000000000000
poi 93 4032000000000000 4038000000000000 4036000000000000 4089580000000000 408e480000000000 4024000000000000
poi 94 403a000000000000 403b000000000000 403b000000000000 407b400000000000 407f700000000000 4024000000000000
poi 95 4039000000000000 4038000000000000 4034000000000000 4057000000000000 406ce00000000000 4024000000000000
poi 96 4036000000000000 403b000000000000 4026000000000000 4082f80000000000 4085900000000000 4024000000000000
poi 97 4039000000000000 4035000000000000 4028000000000000 4083200000000000 4085080000000000 4024000000000000
poi 98 4033000000000000 4035000000000000 4024000000000000 4066e00000000000 4073200000000000 4024000000000000
poi 99 4034000000000000 403a000000000000 4022000000000000 4074d00000000000 407b000000000000 4024000000000000
poi 100 4032000000000000 4032000000000000 4031000000000000 4088f00000000000 408e280000000000 4024000000000000
# inst r202
name r202
n 101
tmax 408f400000000000
poi 0 4041800000000000 4041800000000000 0000000000000000 0000000000000000 408f400000000000 0000000000000000
poi 1 4044800000000000 4048800000000000 4024000000000000 0000000000000000 408e700000000000 4024000000000000
poi 2 4041800000000000 4031000000000000 401c000000000000 0000000000000000 408e600000000000 4024000000000000
poi 3 404b800000000000 4046800000000000 402a000000000000 0000000000000000 408e380000000000 4024000000000000
poi 4 404b800000000000 4034000000000000 4033000000000000 4085300000000000 4089080000000000 4024000000000000
poi 5 402e000000000000 403e000000000000 403a000000000000 0000000000000000 408e480000000000 4024000000000000
poi 6 4039000000000000 403e000000000000 4008000000000000 4079f00000000000 4080100000000000 4024000000000000
poi 7 4034000000000000 4049000000000000 4014000000000000 0000000000000000 408e400000000000 4024000000000000
poi 8 4024000000000000 4045800000000000 4022000000000000 4079400000000000 407e100000000000 4024000000000000
poi 9 404b800000000000 404e000000000000 4030000000000000 4079000000000000 407f100000000000 4024000000000000
poi 10 403e000000000000 404e000000000000 4030000000000000 4082080000000000 4083c00000000000 4024000000000000
poi 11 4034000000000000 4050400000000000 4028000000000000 4069c00000000000 4074500000000000 4024000000000000
poi 12 4049000000000000 4041800000000000 4033000000000000 0000000000000000 408e780000000000 4024000000000000
poi 13 403e000000000000 4039000000000000 4037000000000000 4085900000000000 4089d80000000000 4024000000000000
poi 14 402e000000000000 4024000000000000 4034000000000000 4040000000000000 406e600000000000 4024000000000000
poi 15 403e000000000000 4014000000000000 4020000000000000 4065e00000000000 4072c00000000000 4024000000000000
poi 16 4024000000000000 4034000000000000 4033000000000000 4071000000000000 4077500000000000 4024000000000000
poi 17 4014000000000000 403e000000000000 4000000000000000 4086e80000000000 408b300000000000 4024000000000000
poi 18 4034000000000000 4044000000000000 4028000000000000 4077900000000000 407b200000000000 4024000000000000
poi 19 402e000000000000 404e000000000000 4031000000000000 4070d00000000000 4077a00000000000 4024000000000000
poi 20 4046800000000000 4050400000000000 4022000000000000 4082280000000000 4084d00000000000 4024000000000000
poi 21 4046800000000000 4034000000000000 4026000000000000 0000000000000000 408e580000000000 4024000000000000
poi 22 4046800000000000 4024000000000000 4032000000000000 4079900000000000 407ee00000000000 4024000000000000
poi 23 404b800000000000 4014000000000000 403d000000000000 4069c00000000000 4074500000000000 4024000000000000
poi 24 4050400000000000 4041800000000000 4008000000000000 4086000000000000 408a780000000000 4024000000000000
poi 25 4050400000000000 4034000000000000 4018000000000000 4089880000000000 408de00000000000 4024000000000000
poi 26 4046800000000000 403e000000000000 4031000000000000 0000000000000000 408e900000000000 4024000000000000
poi 27 4041800000000000 4044000000000000 4030000000000000 405a000000000000 406fe00000000000 4024000000000000
poi 28 4044800000000000 4042800000000000 4030000000000000 405c800000000000 406fe00000000000 4024000000000000
poi 29 4050000000000000 4045000000000000 4022000000000000 4067c00000000000 4073900000000000 4024000000000000
poi 30 4044000000000000 404e000000000000 4035000000000000 4070300000000000 4076200000000000 4024000000000000
poi 31 403f000000000000 404a000000000000 403b000000000000 0000000000000000 408e600000000000 4024000000000000
poi 32 4041800000000000 4051400000000000 4037000000000000 4084a00000000000 4088480000000000 4024000000000000
poi 33 404a800000000000 404a000000000000 4026000000000000 4046800000000000 4069000000000000 4024000000000000
poi 34 4050400000000000 404b800000000000 402c000000000000 0000000000000000 408dc80000000000 4024000000000000
poi 35 404f800000000000 4050400000000000 4020000000000000 4085700000000000 4089680000000000 4024000000000000
poi 36 4000000000000000 404e000000000000 4014000000000000 4044800000000000 406a000000000000 4024000000000000
poi 37 4034000000000000 4034000000000000 4020000000000000 0000000000000000 408e400000000000 4024000000000000
poi 38 4014000000000000 4014000000000000 4030000000000000 4072e00000000000 4079500000000000 4024000000000000
poi 39 404e000000000000 4028000000000000 403f000000000000 4040800000000000 406c000000000000 4024000000000000
poi 40 4044000000000000 4039000000000000 4022000000000000 4076800000000000 407b500000000000 4024000000000000
poi 41 4045000000000000 401c000000000000 4014000000000000 4078c00000000000 407ff00000000000 4024000000000000
poi 42 4038000000000000 4028000000000000 4014000000000000 4039000000000000 4065800000000000 4024000000000000
poi 43 4037000000000000 4008000000000000 401c000000000000 4083600000000000 4086080000000000 4024000000000000
poi 44 4026000000000000 402c000000000000 4032000000000000 406d200000000000 4075400000000000 4024000000000000
poi 45 4018000000000000 4043000000000000 4030000000000000 403d000000000000 4067a00000000000 4024000000000000
poi 46 4000000000000000 4048000000000000 3ff0000000000000 4080180000000000 4083a00000000000 4024000000000000
poi 47 4020000000000000 404c000000000000 403b000000000000 4055400000000000 406f400000000000 4024000000000000
poi 48 402a000000000000 404a000000000000 4042000000000000 0000000000000000 408e100000000000 4024000000000000
poi 49 4018000000000000 4051000000000000 403e000000000000 407f500000000000 4080e00000000000 4024000000000000
poi 50 4047800000000000 4047800000000000 402a000000000000 0000000000000000 408e680000000000 4024000000000000
poi 51 4048800000000000 404d000000000000 4024000000000000 4075c00000000000 407c500000000000 4024000000000000
poi 52 403b000000000000 4045800000000000 4022000000000000 0000000000000000 408e900000000000 4024000000000000
poi 53 4042800000000000 403f000000000000 402c000000000000 4079e00000000000 407e900000000000 4024000000000000
poi 54 404c800000000000 403d000000000000 4032000000000000 4084080000000000 4086f00000000000 4024000000000000
poi 55 404f800000000000 4037000000000000 4000000000000000 4083600000000000 4087180000000000 4024000000000000
poi 56 404a800000000000 4028000000000000 4018000000000000 4082480000000000 4085a00000000000 4024000000000000
poi 57 4040000000000000 4028000000000000 401c000000000000 407a500000000000 4080900000000000 4024000000000000
poi 58 4042000000000000 403a000000000000 4032000000000000 408a880000000000 408ea00000000000 4024000000000000
poi 59 4035000000000000 4038000000000000 403c000000000000 0000000000000000 408e600000000000 4024000000000000
poi 60 4031000000000000 4041000000000000 4008000000000000 4086880000000000 408af00000000000 4024000000000000
poi 61 4028000000000000 4038000000000000 402a000000000000 4072200000000000 4077900000000000 4024000000000000
poi 62 4038000000000000 404d000000000000 4033000000000000 4064600000000000 4072e00000000000 4024000000000000
poi 63 403b000000000000 4051400000000000 4024000000000000 4041000000000000 4067e00000000000 4024000000000000
poi 64 402e000000000000 4053400000000000 4022000000000000 406ac00000000000 4074d00000000000 4024000000000000
poi 65 404f000000000000 4053400000000000 4034000000000000 4048800000000000 4067800000000000 4024000000000000
poi 66 4048800000000000 4052400000000000 4039000000000000 4082800000000000 4085a80000000000 4024000000000000
poi 67 4050c00000000000 4014000000000000 4039000000000000 4072600000000000 4079100000000000 4024000000000000
poi 68 404c000000000000 4043800000000000 4042000000000000 4083e80000000000 4087800000000000 4024000000000000
poi 69 4042800000000000 4047800000000000 4018000000000000 4064400000000000 4072500000000000 4024000000000000
poi 70 4042800000000000 404c000000000000 4014000000000000 4088a00000000000 408e400000000000 4024000000000000
poi 71 404c800000000000 4051000000000000 402e000000000000 4070c00000000000 4076f00000000000 4024000000000000
poi 72 4047800000000000 4030000000000000 4039000000000000 0000000000000000 408e380000000000 4024000000000000
poi 73 4046000000000000 4031000000000000 4022000000000000 4073400000000000 4078f00000000000 4024000000000000
poi 74 4047000000000000 402a000000000000 4020000000000000 4085480000000000 4089100000000000 4024000000000000
poi 75 4048800000000000 4026000000000000 4032000000000000 0000000000000000 408e100000000000 4024000000000000
poi 76 4048800000000000 4045000000000000 402a000000000000 4072200000000000 4077500000000000 4024000000000000
poi 77 404a800000000000 4045800000000000 402c000000000000 4089880000000000 408dc00000000000 4024000000000000
poi 78 404e800000000000 404a000000000000 4008000000000000 4078000000000000 407f300000000000 4024000000000000
poi 79 404c800000000000 4048000000000000 4037000000000000 4078400000000000 407d100000000000 4024000000000000
poi 80 404c000000000000 4042800000000000 4018000000000000 408a380000000000 408e400000000000 4024000000000000
poi 81 404b800000000000 404b000000000000 403a000000000000 4079b00000000000 407c800000000000 4024000000000000
poi 82 402e000000000000 4047800000000000 4030000000000000 0000000000000000 408e300000000000 4024000000000000
poi 83 402c000000000000 4042800000000000 4026000000000000 0000000000000000 408e400000000000 4024000000000000
poi 84 4026000000000000 403f000000000000 401c000000000000 407b400000000000 407ff00000000000 4024000000000000
poi 85 4030000000000000 4036000000000000 4044800000000000 0000000000000000 408e300000000000 4024000000000000
poi 86 4010000000000000 4032000000000000 4041800000000000 4078400000000000 407d100000000000 4024000000000000
poi 87 403c000000000000 4032000000000000 403a000000000000 407a400000000000 407bf00000000000 4024000000000000
poi 88 403a000000000000 404a000000000000 4022000000000000 4071700000000000 4078400000000000 4024000000000000
poi 89 403a000000000000 4041800000000000 402e000000000000 4087980000000000 408cc00000000000 4024000000000000
poi 90 403f000000000000 4050c00000000000 4008000000000000 4078800000000000 407e700000000000 4024000000000000
poi 91 402e000000000000 4033000000000000 3ff0000000000000 0000000000000000 408e200000000000 4024000000000000
poi 92 4036000000000000 4036000000000000 4000000000000000 4032000000000000 4066a00000000000 4024000000000000
poi 93 4032000000000000 4038000000000000 4036000000000000 4089580000000000 408e480000000000 4024000000000000
poi 94 403a000000000000 403b000000000000 403b000000000000 0000000000000000 408e880000000000 4024000000000000
poi 95 4039000000000000 4038000000000000 4034000000000000 0000000000000000 408e780000000000 4024000000000000
poi 96 4036000000000000 403b000000000000 4026000000000000 0000000000000000 408e700000000000 4024000000000000
poi 97 4039000000000000 4035000000000000 4028000000000000 4083200000000000 4085080000000000 4024000000000000
poi 98 4033000000000000 4035000000000000 4024000000000000 0000000000000000 408e400000000000 4024000000000000
poi 99 4034000000000000 403a000000000000 4022000000000000 4074d00000000000 407b000000000000 4024000000000000
poi 100 4032000000000000 4032000000000000 4031000000000000 4088f00000000000 408e280000000000 4024000000000000
# inst r203
name r203
n 101
tmax 408f400000000000
poi 0 4041800000000000 4041800000000000 0000000000000000 0000000000000000 408f400000000000 0000000000000000
poi 1 4044800000000000 4048800000000000 4024000000000000 0000000000000000 408e700000000000 4024000000000000
poi 2 4041800000000000 4031000000000000 401c000000000000 0000000000000000 408e600000000000 4024000000000000
poi 3 404b800000000000 4046800000000000 402a000000000000 0000000000000000 408e380000000000 4024000000000000
poi 4 404b800000000000 4034000000000000 4033000000000000 4085300000000000 4089080000000000 4024000000000000
poi 5 402e000000000000 403e000000000000 403a000000000000 0000000000000000 408e480000000000 4024000000000000
poi 6 4039000000000000 403e000000000000 4008000000000000 4079f00000000000 4080100000000000 4024000000000000
poi 7 4034000000000000 4049000000000000 4014000000000000 0000000000000000 408e400000000000 4024000000000000
poi 8 4024000000000000 4045800000000000 4022000000000000 4079400000000000 407e100000000000 4024000000000000
poi 9 404b800000000000 404e000000000000 4030000000000000 4079000000000000 407f100000000000 4024000000000000
poi 10 403e000000000000 404e000000000000 4030000000000000 4082080000000000 4083c00000000000 4024000000000000
poi 11 4034000000000000 4050400000000000 4028000000000000 4069c00000000000 4074500000000000 4024000000000000
poi 12 4049000000000000 4041800000000000 4033000000000000 0000000000000000 408e780000000000 4024000000000000
poi 13 403e000000000000 4039000000000000 4037000000000000 4085900000000000 4089d80000000000 4024000000000000
poi 14 402e000000000000 4024000000000000 4034000000000000 0000000000000000 408de80000000000 4024000000000000
poi 15 403e000000000000 4014000000000000 4020000000000000 4065e00000000000 4072c00000000000 4024000000000000
poi 16 4024000000000000 4034000000000000 4033000000000000 0000000000000000 408e000000000000 4024000000000000
poi 17 4014000000000000 403e000000000000 4000000000000000 4086e80000000000 408b300000000000 4024000000000000
poi 18 4034000000000000 4044000000000000 4028000000000000 0000000000000000 408e700000000000 4024000000000000
poi 19 402e000000000000 404e000000000000 4031000000000000 0000000000000000 408de80000000000 4024000000000000
poi 20 4046800000000000 4050400000000000 4022000000000000 0000000000000000 408df00000000000 4024000000000000
poi 21 4046800000000000 4034000000000000 4026000000000000 0000000000000000 408e580000000000 4024000000000000
poi 22 4046800000000000 4024000000000000 4032000000000000 4079900000000000 407ee00000000000 4024000000000000
poi 23 404b800000000000 4014000000000000 403d000000000000 4069c00000000000 4074500000000000 4024000000000000
poi 24 4050400000000000 4041800000000000 4008000000000000 0000000000000000 408e000000000000 4024000000000000
poi 25 4050400000000000 4034000000000000 4018000000000000 4089880000000000 408de00000000000 4024000000000000
poi 26 4046800000000000 403e000000000000 4031000000000000 0000000000000000 408e900000000000 4024000000000000
poi 27 4041800000000000 4044000000000000 4030000000000000 405a000000000000 406fe00000000000 4024000000000000
poi 28 4044800000000000 4042800000000000 4030000000000000 0000000000000000 408eb80000000000 4024000000000000
poi 29 4050000000000000 4045000000000000 4022000000000000 0000000000000000 408e000000000000 4024000000000000
poi 30 4044000000000000 404e000000000000 4035000000000000 4070300000000000 4076200000000000 4024000000000000
poi 31 403f000000000000 404a000000000000 403b000000000000 0000000000000000 408e600000000000 4024000000000000
poi 32 4041800000000000 4051400000000000 4037000000000000 0000000000000000 408de00000000000 4024000000000000
poi 33 404a800000000000 404a000000000000 4026000000000000 4046800000000000 4069000000000000 4024000000000000
poi 34 4050400000000000 404b800000000000 402c000000000000 0000000000000000 408dc80000000000 4024000000000000
poi 35 404f800000000000 4050400000000000 4020000000000000 4085700000000000 4089680000000000 4024000000000000
poi 36 4000000000000000 404e000000000000 4014000000000000 4044800000000000 406a000000000000 4024000000000000
poi 37 4034000000000000 4034000000000000 4020000000000000 0000000000000000 408e400000000000 4024000000000000
poi 38 4014000000000000 4014000000000000 4030000000000000 4072e00000000000 4079500000000000 4024000000000000
poi 39 404e000000000000 4028000000000000 403f000000000000 4040800000000000 406c000000000000 4024000000000000
poi 40 4044000000000000 4039000000000000 4022000000000000 4076800000000000 407b500000000000 4024000000000000
poi 41 4045000000000000 401c000000000000 4014000000000000 4078c00000000000 407ff00000000000 4024000000000000
poi 42 4038000000000000 4028000000000000 4014000000000000 4039000000000000 4065800000000000 4024000000000000
poi 43 4037000000000000 4008000000000000 401c000000000000 0000000000000000 408dd80000000000 4024000000000000
poi 44 4026000000000000 402c000000000000 4032000000000000 406d200000000000 4075400000000000 4024000000000000
poi 45 4018000000000000 4043000000000000 4030000000000000 403d000000000000 4067a00000000000 4024000000000000
poi 46 4000000000000000 4048000000000000 3ff0000000000000 0000000000000000 408dd00000000000 4024000000000000
poi 47 4020000000000000 404c000000000000 403b000000000000 0000000000000000 408dd80000000000 4024000000000000
poi 48 402a000000000000 404a000000000000 4042000000000000 0000000000000000 408e100000000000 4024000000000000
poi 49 4018000000000000 4051000000000000 403e000000000000 407f500000000000 4080e00000000000 4024000000000000
poi 50 4047800000000000 4047800000000000 402a000000000000 0000000000000000 408e680000000000 4024000000000000
poi 51 4048800000000000 404d000000000000 4024000000000000 0000000000000000 408e180000000000 4024000000000000
poi 52 403b000000000000 4045800000000000 4022000000000000 0000000000000000 408e900000000000 4024000000000000
poi 53 4042800000000000 403f000000000000 402c000000000000 4079e00000000000 407e900000000000 4024000000000000
poi 54 404c800000000000 403d000000000000 4032000000000000 0000000000000000 408e380000000000 4024000000000000
poi 55 404f800000000000 4037000000000000 4000000000000000 4083600000000000 4087180000000000 4024000000000000
poi 56 404a800000000000 4028000000000000 4018000000000000 4082480000000000 4085a00000000000 4024000000000000
poi 57 4040000000000000 4028000000000000 401c000000000000 0000000000000000 408e300000000000 4024000000000000
poi 58 4042000000000000 403a000000000000 4032000000000000 408a880000000000 408ea00000000000 4024000000000000
poi 59 4035000000000000 4038000000000000 403c000000000000 0000000000000000 408e600000000000 4024000000000000
poi 60 4031000000000000 4041000000000000 4008000000000000 0000000000000000 408e580000000000 4024000000000000
poi 61 4028000000000000 4038000000000000 402a000000000000 0000000000000000 408e200000000000 4024000000000000
poi 62 4038000000000000 404d000000000000 4033000000000000 4064600000000000 4072e00000000000 4024000000000000
poi 63 403b000000000000 4051400000000000 4024000000000000 0000000000000000 408dd80000000000 4024000000000000
poi 64 402e000000000000 4053400000000000 4022000000000000 406ac00000000000 4074d00000000000 4024000000000000
poi 65 404f000000000000 4053400000000000 4034000000000000 4048800000000000 4067800000000000 4024000000000000
poi 66 4048800000000000 4052400000000000 4039000000000000 4082800000000000 4085a80000000000 4024000000000000
poi 67 4050c00000000000 4014000000000000 4039000000000000 4072600000000000 4079100000000000 4024000000000000
poi 68 404c000000000000 4043800000000000 4042000000000000 4083e80000000000 4087800000000000 4024000000000000
poi 69 4042800000000000 4047800000000000 4018000000000000 4064400000000000 4072500000000000 4024000000000000
poi 70 4042800000000000 404c000000000000 4014000000000000 4088a00000000000 408e400000000000 4024000000000000
poi 71 404c800000000000 4051000000000000 402e000000000000 0000000000000000 408db00000000000 4024000000000000
poi 72 4047800000000000 4030000000000000 4039000000000000 0000000000000000 408e380000000000 4024000000000000
poi 73 4046000000000000 4031000000000000 4022000000000000 0000000000000000 408e480000000000 4024000000000000
poi 74 4047000000000000 402a000000000000 4020000000000000 4085480000000000 4089100000000000 4024000000000000
poi 75 4048800000000000 4026000000000000 4032000000000000 0000000000000000 408e100000000000 4024000000000000
poi 76 4048800000000000 4045000000000000 402a000000000000 4072200000000000 4077500000000000 4024000000000000
poi 77 404a800000000000 4045800000000000 402c000000000000 4089880000000000 408dc00000000000 4024000000000000
poi 78 404e800000000000 404a000000000000 4008000000000000 4078000000000000 407f300000000000 4024000000000000
poi 79 404c800000000000 4048000000000000 4037000000000000 4078400000000000 407d100000000000 4024000000000000
poi 80 404c000000000000 4042800000000000 4018000000000000 408a380000000000 408e400000000000 4024000000000000
poi 81 404b800000000000 404b000000000000 403a000000000000 0000000000000000 408e100000000000 4024000000000000
poi 82 402e000000000000 4047800000000000 4030000000000000 0000000000000000 408e300000000000 4024000000000000
poi 83 402c000000000000 4042800000000000 4026000000000000 0000000000000000 408e400000000000 4024000000000000
poi 84 4026000000000000 403f000000000000 401c000000000000 407b400000000000 407ff00000000000 4024000000000000
poi 85 4030000000000000 4036000000000000 4044800000000000 0000000000000000 408e300000000000 4024000000000000
poi 86 4010000000000000 4032000000000000 4041800000000000 0000000000000000 408dd00000000000 4024000000000000
poi 87 403c000000000000 4032000000000000 403a000000000000 407a400000000000 407bf00000000000 4024000000000000
poi 88 403a000000000000 404a000000000000 4022000000000000 4071700000000000 4078400000000000 4024000000000000
poi 89 403a000000000000 4041800000000000 402e000000000000 0000000000000000 408ea80000000000 4024000000000000
poi 90 403f000000000000 4050c00000000000 4008000000000000 0000000000000000 408de80000000000 4024000000000000
poi 91 402e000000000000 4033000000000000 3ff0000000000000 0000000000000000 408e200000000000 4024000000000000
poi 92 4036000000000000 4036000000000000 4000000000000000 4032000000000000 4066a00000000000 4024000000000000
poi 93 4032000000000000 4038000000000000 4036000000000000 4089580000000000 408e480000000000 4024000000000000
poi 94 403a000000000000 403b000000000000 403b000000000000 0000000000000000 408e880000000000 4024000000000000
poi 95 4039000000000000 4038000000000000 4034000000000000 0000000000000000 408e780000000000 4024000000000000
poi 96 4036000000000000 403b000000000000 4026000000000000 0000000000000000 408e700000000000 4024000000000000
poi 97 4039000000000000 4035000000000000 4028000000000000 0000000000000000 408e600000000000 4024000000000000
poi 98 4033000000000000 4035000000000000 4024000000000000 0000000000000000 408e400000000000 4024000000000000
poi 99 4034000000000000 403a000000000000 4022000000000000 4074d00000000000 407b000000000000 4024000000000000
poi 100 4032000000000000 4032000000000000 4031000000000000 4088f00000000000 408e280000000000 4024000000000000
# inst r204
name r204
n 101
tmax 408f400000000000
poi 0 4041800000000000 4041800000000000 0000000000000000 0000000000000000 408f400000000000 0000000000000000
poi 1 4044800000000000 4048800000000000 4024000000000000 0000000000000000 408e700000000000 4024000000000000
poi 2 4041800000000000 4031000000000000 401c000000000000 0000000000000000 408e600000000000 4024000000000000
poi 3 404b800000000000 4046800000000000 402a000000000000 0000000000000000 408e380000000000 4024000000000000
poi 4 404b800000000000 4034000000000000 4033000000000000 4085300000000000 4089080000000000 4024000000000000
poi 5 402e000000000000 403e000000000000 403a000000000000 0000000000000000 408e480000000000 4024000000000000
poi 6 4039000000000000 403e000000000000 4008000000000000 0000000000000000 408e900000000000 4024000000000000
poi 7 4034000000000000 4049000000000000 4014000000000000 0000000000000000 408e400000000000 4024000000000000
poi 8 4024000000000000 4045800000000000 4022000000000000 4079400000000000 407e100000000000 4024000000000000
poi 9 404b800000000000 404e000000000000 4030000000000000 4079000000000000 407f100000000000 4024000000000000
poi 10 403e000000000000 404e000000000000 4030000000000000 0000000000000000 408e200000000000 4024000000000000
poi 11 4034000000000000 4050400000000000 4028000000000000 4069c00000000000 4074500000000000 4024000000000000
poi 12 4049000000000000 4041800000000000 4033000000000000 0000000000000000 408e780000000000 4024000000000000
poi 13 403e000000000000 4039000000000000 4037000000000000 4085900000000000 4089d80000000000 4024000000000000
poi 14 402e000000000000 4024000000000000 4034000000000000 0000000000000000 408de80000000000 4024000000000000
poi 15 403e000000000000 4014000000000000 4020000000000000 4065e00000000000 4072c00000000000 4024000000000000
poi 16 4024000000000000 4034000000000000 4033000000000000 0000000000000000 408e000000000000 4024000000000000
poi 17 4014000000000000 403e000000000000 4000000000000000 0000000000000000 408df80000000000 4024000000000000
poi 18 4034000000000000 4044000000000000 4028000000000000 0000000000000000 408e700000000000 4024000000000000
poi 19 402e000000000000 404e000000000000 4031000000000000 0000000000000000 408de80000000000 4024000000000000
poi 20 4046800000000000 4050400000000000 4022000000000000 0000000000000000 408df00000000000 4024000000000000
poi 21 4046800000000000 4034000000000000 4026000000000000 0000000000000000 408e580000000000 4024000000000000
poi 22 4046800000000000 4024000000000000 4032000000000000 0000000000000000 408e180000000000 4024000000000000
poi 23 404b800000000000 4014000000000000 403d000000000000 4069c00000000000 4074500000000000 4024000000000000
poi 24 4050400000000000 4041800000000000 4008000000000000 0000000000000000 408e000000000000 4024000000000000
poi 25 4050400000000000 4034000000000000 4018000000000000 4089880000000000 408de00000000000 4024000000000000
poi 26 4046800000000000 403e000000000000 4031000000000000 0000000000000000 408e900000000000 4024000000000000
poi 27 4041800000000000 4044000000000000 4030000000000000 0000000000000000 408ec80000000000 4024000000000000
poi 28 4044800000000000 4042800000000000 4030000000000000 0000000000000000 408eb80000000000 4024000000000000
poi 29 4050000000000000 4045000000000000 4022000000000000 0000000000000000 408e000000000000 4024000000000000
poi 30 4044000000000000 404e000000000000 4035000000000000 0000000000000000 408e200000000000 4024000000000000
poi 31 403f000000000000 404a000000000000 403b000000000000 0000000000000000 408e600000000000 4024000000000000
poi 32 4041800000000000 4051400000000000 4037000000000000 0000000000000000 408de00000000000 4024000000000000
poi 33 404a800000000000 404a000000000000 4026000000000000 0000000000000000 408e280000000000 4024000000000000
poi 34 4050400000000000 404b800000000000 402c000000000000 0000000000000000 408dc80000000000 4024000000000000
poi 35 404f800000000000 4050400000000000 4020000000000000 0000000000000000 408da00000000000 4024000000000000
poi 36 4000000000000000 404e000000000000 4014000000000000 0000000000000000 408da00000000000 4024000000000000
poi 37 4034000000000000 4034000000000000 4020000000000000 0000000000000000 408e400000000000 4024000000000000
poi 38 4014000000000000 4014000000000000 4030000000000000 4072e00000000000 4079500000000000 4024000000000000
poi 39 404e000000000000 4028000000000000 403f000000000000 0000000000000000 408de00000000000 4024000000000000
poi 40 4044000000000000 4039000000000000 4022000000000000 0000000000000000 408e900000000000 4024000000000000
poi 41 4045000000000000 401c000000000000 4014000000000000 0000000000000000 408e080000000000 4024000000000000
poi 42 4038000000000000 4028000000000000 4014000000000000 0000000000000000 408e200000000000 4024000000000000
poi 43 4037000000000000 4008000000000000 401c000000000000 0000000000000000 408dd80000000000 4024000000000000
poi 44 4026000000000000 402c000000000000 4032000000000000 406d200000000000 4075400000000000 4024000000000000
poi 45 4018000000000000 4043000000000000 4030000000000000 0000000000000000 408e000000000000 4024000000000000
poi 46 4000000000000000 4048000000000000 3ff0000000000000 0000000000000000 408dd00000000000 4024000000000000
poi 47 4020000000000000 404c000000000000 403b000000000000 0000000000000000 408dd80000000000 4024000000000000
poi 48 402a000000000000 404a000000000000 4042000000000000 0000000000000000 408e100000000000 4024000000000000
poi 49 4018000000000000 4051000000000000 403e000000000000 0000000000000000 408d900000000000 4024000000000000
poi 50 4047800000000000 4047800000000000 402a000000000000 0000000000000000 408e680000000000 4024000000000000
poi 51 4048800000000000 404d000000000000 4024000000000000 0000000000000000 408e180000000000 4024000000000000
poi 52 403b000000000000 4045800000000000 4022000000000000 0000000000000000 408e900000000000 4024000000000000
poi 53 4042800000000000 403f000000000000 402c000000000000 4079e00000000000 407e900000000000 4024000000000000
poi 54 404c800000000000 403d000000000000 4032000000000000 0000000000000000 408e380000000000 4024000000000000
poi 55 404f800000000000 4037000000000000 4000000000000000 4083600000000000 4087180000000000 4024000000000000
poi 56 404a800000000000 4028000000000000 4018000000000000 0000000000000000 408e000000000000 4024000000000000
poi 57 4040000000000000 4028000000000000 401c000000000000 0000000000000000 408e300000000000 4024000000000000
poi 58 4042000000000000 403a000000000000 4032000000000000 408a880000000000 408ea00000000000 4024000000000000
poi 59 4035000000000000 4038000000000000 403c000000000000 0000000000000000 408e600000000000 4024000000000000
poi 60 4031000000000000 4041000000000000 4008000000000000 0000000000000000 408e580000000000 4024000000000000
poi 61 4028000000000000 4038000000000000 402a000000000000 0000000000000000 408e200000000000 4024000000000000
poi 62 4038000000000000 404d000000000000 4033000000000000 4064600000000000 4072e00000000000 4024000000000000
poi 63 403b000000000000 4051400000000000 4024000000000000 0000000000000000 408dd80000000000 4024000000000000
poi 64 402e000000000000 4053400000000000 4022000000000000 0000000000000000 408d780000000000 4024000000000000
poi 65 404f000000000000 4053400000000000 4034000000000000 0000000000000000 408d600000000000 4024000000000000
poi 66 4048800000000000 4052400000000000 4039000000000000 0000000000000000 408da80000000000 4024000000000000
poi 67 4050c00000000000 4014000000000000 4039000000000000 4072600000000000 4079100000000000 4024000000000000
poi 68 404c000000000000 4043800000000000 4042000000000000 0000000000000000 408e400000000000 4024000000000000
poi 69 4042800000000000 4047800000000000 4018000000000000 4064400000000000 4072500000000000 4024000000000000
poi 70 4042800000000000 404c000000000000 4014000000000000 0000000000000000 408e400000000000 4024000000000000
poi 71 404c800000000000 4051000000000000 402e000000000000 0000000000000000 408db00000000000 4024000000000000
poi 72 4047800000000000 4030000000000000 4039000000000000 0000000000000000 408e380000000000 4024000000000000
poi 73 4046000000000000 4031000000000000 4022000000000000 0000000000000000 408e480000000000 4024000000000000
poi 74 4047000000000000 402a000000000000 4020000000000000 4085480000000000 4089100000000000 4024000000000000
poi 75 4048800000000000 4026000000000000 4032000000000000 0000000000000000 408e100000000000 4024000000000000
poi 76 4048800000000000 4045000000000000 402a000000000000 4072200000000000 4077500000000000 4024000000000000
poi 77 404a800000000000 4045800000000000 402c000000000000 4089880000000000 408dc00000000000 4024000000000000
poi 78 404e800000000000 404a000000000000 4008000000000000 0000000000000000 408df00000000000 4024000000000000
poi 79 404c800000000000 4048000000000000 4037000000000000 4078400000000000 407d100000000000 4024000000000000
poi 80 404c000000000000 4042800000000000 4018000000000000 0000000000000000 408e400000000000 4024000000000000
poi 81 404b800000000000 404b000000000000 403a000000000000 0000000000000000 408e100000000000 4024000000000000
poi 82 402e000000000000 4047800000000000 4030000000000000 0000000000000000 408e300000000000 4024000000000000
poi 83 402c000000000000 4042800000000000 4026000000000000 0000000000000000 408e400000000000 4024000000000000
poi 84 4026000000000000 403f000000000000 401c000000000000 407b400000000000 407ff00000000000 4024000000000000
poi 85 4030000000000000 4036000000000000 4044800000000000 0000000000000000 408e300000000000 4024000000000000
poi 86 4010000000000000 4032000000000000 4041800000000000 0000000000000000 408dd00000000000 4024000000000000
poi 87 403c000000000000 4032000000000000 403a000000000000 407a400000000000 407bf00000000000 4024000000000000
poi 88 403a000000000000 404a000000000000 4022000000000000 0000000000000000 408e500000000000 4024000000000000
poi 89 403a000000000000 4041800000000000 402e000000000000 0000000000000000 408ea80000000000 4024000000000000
poi 90 403f000000000000 4050c00000000000 4008000000000000 0000000000000000 408de80000000000 4024000000000000
poi 91 402e000000000000 4033000000000000 3ff0000000000000 0000000000000000 408e200000000000 4024000000000000
poi 92 4036000000000000 4036000000000000 4000000000000000 4032000000000000 4066a00000000000 4024000000000000
poi 93 4032000000000000 4038000000000000 4036000000000000 0000000000000000 408e480000000000 4024000000000000
poi 94 403a000000000000 403b000000000000 403b000000000000 0000000000000000 408e880000000000 4024000000000000
poi 95 4039000000000000 4038000000000000 4034000000000000 0000000000000000 408e780000000000 4024000000000000
poi 96 4036000000000000 403b000000000000 4026000000000000 0000000000000000 408e700000000000 4024000000000000
poi 97 4039000000000000 4035000000000000 4028000000000000 0000000000000000 408e600000000000 4024000000000000
poi 98 4033000000000000 4035000000000000 4024000000000000 0000000000000000 408e400000000000 4024000000000000
poi 99 4034000000000000 403a000000000000 4022000000000000 4074d00000000000 407b000000000000 4024000000000000
poi 100 4032000000000000 4032000000000000 4031000000000000 4088f00000000000 408e280000000000 4024000000000000
# inst r205
name r205
n 101
tmax 408f400000000000
poi 0 4041800000000000 4041800000000000 0000000000000000 0000000000000000 408f400000000000 0000000000000000
poi 1 4044800000000000 4048800000000000 4024000000000000 4084900000000000 408c100000000000 4024000000000000
poi 2 4041800000000000 4031000000000000 401c000000000000 4057400000000000 4074d00000000000 4024000000000000
poi 3 404b800000000000 4046800000000000 402a000000000000 407b400000000000 4085200000000000 4024000000000000
poi 4 404b800000000000 4034000000000000 4033000000000000 4083600000000000 408ae00000000000 4024000000000000
poi 5 402e000000000000 403e000000000000 403a000000000000 4034000000000000 4070400000000000 4024000000000000
poi 6 4039000000000000 403e000000000000 4008000000000000 4075900000000000 4082480000000000 4024000000000000
poi 7 4034000000000000 4049000000000000 4014000000000000 406f600000000000 407eb00000000000 4024000000000000
poi 8 4024000000000000 4045800000000000 4022000000000000 4074300000000000 4081980000000000 4024000000000000
poi 9 404b800000000000 404e000000000000 4030000000000000 4074900000000000 4081c80000000000 4024000000000000
poi 10 403e000000000000 404e000000000000 4030000000000000 407e500000000000 4086a80000000000 4024000000000000
poi 11 4034000000000000 4050400000000000 4028000000000000 4062400000000000 4078200000000000 4024000000000000
poi 12 4049000000000000 4041800000000000 4033000000000000 4064e00000000000 4079700000000000 4024000000000000
poi 13 403e000000000000 4039000000000000 4037000000000000 4083f80000000000 408b780000000000 4024000000000000
poi 14 402e000000000000 4024000000000000 4034000000000000 4040000000000000 4071000000000000 4024000000000000
poi 15 403e000000000000 4014000000000000 4020000000000000 405d800000000000 4076600000000000 4024000000000000
poi 16 4024000000000000 4034000000000000 4033000000000000 4069600000000000 407bb00000000000 4024000000000000
poi 17 4014000000000000 403e000000000000 4000000000000000 4085500000000000 408cd00000000000 4024000000000000
poi 18 4034000000000000 4044000000000000 4028000000000000 4071e00000000000 4080700000000000 4024000000000000
poi 19 402e000000000000 404e000000000000 4031000000000000 4069800000000000 407bc00000000000 4024000000000000
poi 20 4046800000000000 4050400000000000 4022000000000000 407f800000000000 4087400000000000 4024000000000000
poi 21 4046800000000000 4034000000000000 4026000000000000 4063200000000000 4078900000000000 4024000000000000
poi 22 4046800000000000 4024000000000000 4032000000000000 4074c00000000000 4081e00000000000 4024000000000000
poi 23 404b800000000000 4014000000000000 403d000000000000 4062400000000000 4078200000000000 4024000000000000
poi 24 4050400000000000 4041800000000000 4008000000000000 4084800000000000 408c000000000000 4024000000000000
poi 25 4050400000000000 4034000000000000 4018000000000000 4086600000000000 408de00000000000 4024000000000000
poi 26 4046800000000000 403e000000000000 4031000000000000 407fc00000000000 4087600000000000 4024000000000000
poi 27 4041800000000000 4044000000000000 4030000000000000 404e000000000000 4072c00000000000 4024000000000000
poi 28 4044800000000000 4042800000000000 4030000000000000 4050400000000000 4073100000000000 4024000000000000
poi 29 4050000000000000 4045000000000000 4022000000000000 4060800000000000 4077400000000000 4024000000000000
poi 30 4044000000000000 404e000000000000 4035000000000000 4067600000000000 407ab00000000000 4024000000000000
poi 31 403f000000000000 404a000000000000 403b000000000000 4057800000000000 4074e00000000000 4024000000000000
poi 32 4041800000000000 4051400000000000 4037000000000000 4082b80000000000 408a380000000000 4024000000000000
poi 33 404a800000000000 404a000000000000 4026000000000000 4038000000000000 4070800000000000 4024000000000000
poi 34 4050400000000000 404b800000000000 402c000000000000 407c400000000000 4085a00000000000 4024000000000000
poi 35 404f800000000000 4050400000000000 4020000000000000 4083b00000000000 408b300000000000 4024000000000000
poi 36 4000000000000000 404e000000000000 4014000000000000 4044800000000000 4071900000000000 4024000000000000
poi 37 4034000000000000 4034000000000000 4020000000000000 4080900000000000 4088100000000000 4024000000000000
poi 38 4014000000000000 4014000000000000 4030000000000000 406d400000000000 407da00000000000 4024000000000000
poi 39 404e000000000000 4028000000000000 403f000000000000 4040800000000000 4071100000000000 4024000000000000
poi 40 4044000000000000 4039000000000000 4022000000000000 4071700000000000 4080380000000000 4024000000000000
poi 41 4045000000000000 401c000000000000 4014000000000000 4074e00000000000 4081f00000000000 4024000000000000
poi 42 4038000000000000 4028000000000000 4014000000000000 4039000000000000 4070900000000000 4024000000000000
poi 43 4037000000000000 4008000000000000 401c000000000000 4080f80000000000 4088780000000000 4024000000000000
poi 44 4026000000000000 402c000000000000 4032000000000000 4064e00000000000 4079700000000000 4024000000000000
poi 45 4018000000000000 4043000000000000 4030000000000000 403d000000000000 4070d00000000000 4024000000000000
poi 46 4000000000000000 4048000000000000 3ff0000000000000 407c400000000000 4085a00000000000 4024000000000000
poi 47 4020000000000000 404c000000000000 403b000000000000 4048000000000000 4072000000000000 4024000000000000
poi 48 402a000000000000 404a000000000000 4042000000000000 4086800000000000 408e000000000000 4024000000000000
poi 49 4018000000000000 4051000000000000 403e000000000000 4079100000000000 4084080000000000 4024000000000000
poi 50 4047800000000000 4047800000000000 402a000000000000 407db00000000000 4086580000000000 4024000000000000
poi 51 4048800000000000 404d000000000000 4024000000000000 4071900000000000 4080480000000000 4024000000000000
poi 52 403b000000000000 4045800000000000 4022000000000000 405d400000000000 4076500000000000 4024000000000000
poi 53 4042800000000000 403f000000000000 402c000000000000 4074c00000000000 4081e00000000000 4024000000000000
poi 54 404c800000000000 403d000000000000 4032000000000000 4081c00000000000 4089400000000000 4024000000000000
poi 55 404f800000000000 4037000000000000 4000000000000000 4081800000000000 4089000000000000 4024000000000000
poi 56 404a800000000000 4028000000000000 4018000000000000 4080380000000000 4087b80000000000 4024000000000000
poi 57 4040000000000000 4028000000000000 401c000000000000 4076400000000000 4082a00000000000 4024000000000000
poi 58 4042000000000000 403a000000000000 4032000000000000 4087200000000000 408ea00000000000 4024000000000000
poi 59 4035000000000000 4038000000000000 403c000000000000 4031000000000000 4070100000000000 4024000000000000
poi 60 4031000000000000 4041000000000000 4008000000000000 4085000000000000 408c800000000000 4024000000000000
poi 61 4028000000000000 4038000000000000 402a000000000000 406ac00000000000 407c600000000000 4024000000000000
poi 62 4038000000000000 404d000000000000 4033000000000000 405c400000000000 4076100000000000 4024000000000000
poi 63 403b000000000000 4051400000000000 4024000000000000 4041000000000000 4071200000000000 4024000000000000
poi 64 402e000000000000 4053400000000000 4022000000000000 4063400000000000 4078a00000000000 4024000000000000
poi 65 404f000000000000 4053400000000000 4034000000000000 4048800000000000 4072100000000000 4024000000000000
poi 66 4048800000000000 4052400000000000 4039000000000000 4080580000000000 4087d80000000000 4024000000000000
poi 67 4050c00000000000 4014000000000000 4039000000000000 406c800000000000 407d400000000000 4024000000000000
poi 68 404c000000000000 4043800000000000 4042000000000000 4081f80000000000 4089780000000000 4024000000000000
poi 69 4042800000000000 4047800000000000 4018000000000000 405b000000000000 4075c00000000000 4024000000000000
poi 70 4042800000000000 404c000000000000 4014000000000000 4086c00000000000 408e400000000000 4024000000000000
poi 71 404c800000000000 4051000000000000 402e000000000000 4068c00000000000 407b600000000000 4024000000000000
poi 72 4047800000000000 4030000000000000 4039000000000000 4036000000000000 4070600000000000 4024000000000000
poi 73 4046000000000000 4031000000000000 4022000000000000 406d400000000000 407da00000000000 4024000000000000
poi 74 4047000000000000 402a000000000000 4020000000000000 4083700000000000 408af00000000000 4024000000000000
poi 75 4048800000000000 4026000000000000 4032000000000000 4065600000000000 4079b00000000000 4024000000000000
poi 76 4048800000000000 4045000000000000 402a000000000000 406a800000000000 407c400000000000 4024000000000000
poi 77 404a800000000000 4045800000000000 402c000000000000 4086d00000000000 408e500000000000 4024000000000000
poi 78 404e800000000000 404a000000000000 4008000000000000 4074200000000000 4081900000000000 4024000000000000
poi 79 404c800000000000 4048000000000000 4037000000000000 4073300000000000 4081180000000000 4024000000000000
poi 80 404c000000000000 4042800000000000 4018000000000000 4086c00000000000 408e400000000000 4024000000000000
poi 81 404b800000000000 404b000000000000 403a000000000000 4073a00000000000 4081500000000000 4024000000000000
poi 82 402e000000000000 4047800000000000 4030000000000000 405a800000000000 4075a00000000000 4024000000000000
poi 83 402c000000000000 4042800000000000 4026000000000000 404a800000000000 4072500000000000 4024000000000000
poi 84 4026000000000000 403f000000000000 401c000000000000 4076200000000000 4082900000000000 4024000000000000
poi 85 4030000000000000 4036000000000000 4044800000000000 4072b00000000000 4080d80000000000 4024000000000000
poi 86 4010000000000000 4032000000000000 4041800000000000 4073300000000000 4081180000000000 4024000000000000
poi 87 403c000000000000 4032000000000000 403a000000000000 4073a00000000000 4081500000000000 4024000000000000
poi 88 403a000000000000 404a000000000000 4022000000000000 406ac00000000000 407c600000000000 4024000000000000
poi 89 403a000000000000 4041800000000000 402e000000000000 4086700000000000 408df00000000000 4024000000000000
poi 90 403f000000000000 4050c00000000000 4008000000000000 4074000000000000 4081800000000000 4024000000000000
poi 91 402e000000000000 4033000000000000 3ff0000000000000 4085580000000000 408cd80000000000 4024000000000000
poi 92 4036000000000000 4036000000000000 4000000000000000 4032000000000000 4070200000000000 4024000000000000
poi 93 4032000000000000 4038000000000000 4036000000000000 4086c80000000000 408e480000000000 4024000000000000
poi 94 403a000000000000 403b000000000000 403b000000000000 4075e00000000000 4082700000000000 4024000000000000
poi 95 4039000000000000 4038000000000000 4034000000000000 4045000000000000 4071a00000000000 4024000000000000
poi 96 4036000000000000 403b000000000000 4026000000000000 4080880000000000 4088080000000000 4024000000000000
poi 97 4039000000000000 4035000000000000 4028000000000000 4080580000000000 4087d80000000000 4024000000000000
poi 98 4033000000000000 4035000000000000 4024000000000000 405f400000000000 4076d00000000000 4024000000000000
poi 99 4034000000000000 403a000000000000 4022000000000000 4070700000000000 407f700000000000 4024000000000000
poi 100 4032000000000000 4032000000000000 4031000000000000 4086a80000000000 408e280000000000 4024000000000000
# inst rc101
name rc101
n 101
tmax 406e000000000000
poi 0 4044000000000000 4049000000000000 0000000000000000 0000000000000000 406e000000000000 0000000000000000
poi 1 4039000000000000 4055400000000000 4034000000000000 4062200000000000 4065e00000000000 4024000000000000
poi 2 4036000000000000 4052c00000000000 403e000000000000 4049000000000000 4054000000000000 4024000000000000
poi 3 4036000000000000 4055400000000000 4024000000000000 405b400000000000 4061600000000000 4024000000000000
poi 4 4034000000000000 4054000000000000 4044000000000000 4061a00000000000 4065600000000000 4024000000000000
poi 5 4034000000000000 4055400000000000 4034000000000000 4044800000000000 4051c00000000000 4024000000000000
poi 6 4032000000000000 4052c00000000000 4034000000000000 4057c00000000000 405f400000000000 4024000000000000
poi 7 402e000000000000 4052c00000000000 4034000000000000 4053c00000000000 405b400000000000 4024000000000000
poi 8 402e000000000000 4054000000000000 4024000000000000 4056c00000000000 405e400000000000 4024000000000000
poi 9 4024000000000000 4041800000000000 4034000000000000 4056c00000000000 405e400000000000 4024000000000000
poi 10 4024000000000000 4044000000000000 403e000000000000 405dc00000000000 4062a00000000000 4024000000000000
poi 11 4020000000000000 4044000000000000 4044000000000000 404d800000000000 4056400000000000 4024000000000000
poi 12 4020000000000000 4046800000000000 4034000000000000 4050000000000000 4057800000000000 4024000000000000
poi 13 4014000000000000 4041800000000000 4024000000000000 4061c00000000000 4065800000000000 4024000000000000
poi 14 4014000000000000 4046800000000000 4024000000000000 4041800000000000 4050400000000000 4024000000000000
poi 15 4000000000000000 4044000000000000 4034000000000000 404d000000000000 4056000000000000 4024000000000000
poi 16 0000000000000000 4044000000000000 4034000000000000 4052000000000000 4059800000000000 4024000000000000
poi 17 0000000000000000 4046800000000000 4034000000000000 4062a00000000000 4066600000000000 4024000000000000
poi 18 4046000000000000 4014000000000000 4034000000000000 4055c00000000000 405d400000000000 4024000000000000
poi 19 4045000000000000 4024000000000000 4044000000000000 4052000000000000 4059800000000000 4024000000000000
poi 20 4045000000000000 402e000000000000 4024000000000000 405e800000000000 4063000000000000 4024000000000000
poi 21 4044000000000000 4014000000000000 4024000000000000 4050c00000000000 4058400000000000 4024000000000000
poi 22 4044000000000000 402e000000000000 4044000000000000 4057000000000000 405e800000000000 4024000000000000
poi 23 4043000000000000 4014000000000000 403e000000000000 4050400000000000 4057c00000000000 4024000000000000
poi 24 4043000000000000 402e000000000000 4024000000000000 4062800000000000 4066400000000000 4024000000000000
poi 25 4041800000000000 4014000000000000 4034000000000000 4063400000000000 4067000000000000 4024000000000000
poi 26 4057c00000000000 403e000000000000 403e000000000000 405cc00000000000 4062200000000000 4024000000000000
poi 27 4057c00000000000 4041800000000000 4034000000000000 404f000000000000 4057000000000000 4024000000000000
poi 28 4057000000000000 403e000000000000 4024000000000000 404f000000000000 4057000000000000 4024000000000000
poi 29 4056800000000000 4041800000000000 4024000000000000 4050c00000000000 4058400000000000 4024000000000000
poi 30 4056000000000000 403e000000000000 4024000000000000 4052800000000000 405a000000000000 4024000000000000
poi 31 4056000000000000 4041800000000000 4034000000000000 404e800000000000 4056c00000000000 4024000000000000
poi 32 4055c00000000000 403e000000000000 4024000000000000 4060600000000000 4064200000000000 4024000000000000
poi 33 4055400000000000 4039000000000000 4024000000000000 4049800000000000 4054400000000000 4024000000000000
poi 34 4055400000000000 4041800000000000 403e000000000000 405bc00000000000 4061a00000000000 4024000000000000
poi 35 4050c00000000000 4055400000000000 4034000000000000 4061600000000000 4065200000000000 4024000000000000
poi 36 4050400000000000 4055400000000000 4044000000000000 4045800000000000 4052400000000000 4024000000000000
poi 37 4050400000000000 4054800000000000 4024000000000000 405f000000000000 4063400000000000 4024000000000000
poi 38 404f000000000000 4054000000000000 403e000000000000 4052c00000000000 405a400000000000 4024000000000000
poi 39 404e000000000000 4054000000000000 4024000000000000 4042800000000000 4050c00000000000 4024000000000000
poi 40 404e000000000000 4055400000000000 403e000000000000 4055400000000000 405cc00000000000 4024000000000000
poi 41 404d000000000000 4052c00000000000 4034000000000000 4057000000000000 405e800000000000 4024000000000000
poi 42 404b800000000000 4054000000000000 4024000000000000 4040800000000000 404f800000000000 4024000000000000
poi 43 404b800000000000 4055400000000000 4034000000000000 4060000000000000 4063c00000000000 4024000000000000
poi 44 404b800000000000 4054800000000000 4024000000000000 4050000000000000 4057800000000000 4024000000000000
poi 45 4034000000000000 4054800000000000 4024000000000000 4042800000000000 4050c00000000000 4024000000000000
poi 46 4032000000000000 4054000000000000 4024000000000000 405c400000000000 4061e00000000000 4024000000000000
poi 47 4000000000000000 4046800000000000 4024000000000000 4046800000000000 4052c00000000000 4024000000000000
poi 48 4045000000000000 4014000000000000 4024000000000000 4062e00000000000 4066a00000000000 4024000000000000
poi 49 4045000000000000 4028000000000000 4024000000000000 405a000000000000 4060c00000000000 4024000000000000
poi 50 4052000000000000 4041800000000000 403e000000000000 405d000000000000 4062400000000000 4024000000000000
poi 51 404b800000000000 4034000000000000 4033000000000000 4054c00000000000 405c400000000000 4024000000000000
poi 52 4039000000000000 403e000000000000 4008000000000000 404a000000000000 4054800000000000 4024000000000000
poi 53 4034000000000000 4049000000000000 4014000000000000 4056c00000000000 405e400000000000 4024000000000000
poi 54 404b800000000000 404e000000000000 4030000000000000 4061600000000000 4065200000000000 4024000000000000
poi 55 403e000000000000 404e000000000000 4030000000000000 4061800000000000 4065400000000000 4024000000000000
poi 56 4049000000000000 4041800000000000 4033000000000000 4060400000000000 4064000000000000 4024000000000000
poi 57 403e000000000000 4039000000000000 4037000000000000 4058000000000000 405f800000000000 4024000000000000
poi 58 402e000000000000 4024000000000000 4034000000000000 4063000000000000 4066c00000000000 4024000000000000
poi 59 4024000000000000 4034000000000000 4033000000000000 4045000000000000 4052000000000000 4024000000000000
poi 60 402e000000000000 404e000000000000 4031000000000000 4063600000000000 4067200000000000 4024000000000000
poi 61 4046800000000000 4050400000000000 4022000000000000 4050800000000000 4058000000000000 4024000000000000
poi 62 4050400000000000 4041800000000000 4008000000000000 404a000000000000 4054800000000000 4024000000000000
poi 63 4050400000000000 4034000000000000 4018000000000000 4043800000000000 4051400000000000 4024000000000000
poi 64 4046800000000000 403e000000000000 4031000000000000 404a800000000000 4054c00000000000 4024000000000000
poi 65 4041800000000000 4044000000000000 4030000000000000 4026000000000000 4044800000000000 4024000000000000
poi 66 4044800000000000 4042800000000000 4030000000000000 4060a00000000000 4064600000000000 4024000000000000
poi 67 4050000000000000 4045000000000000 4022000000000000 4051800000000000 4059000000000000 4024000000000000
poi 68 4044000000000000 404e000000000000 4035000000000000 4062000000000000 4065c00000000000 4024000000000000
poi 69 403f000000000000 404a000000000000 403b000000000000 4044800000000000 4051c00000000000 4024000000000000
poi 70 4041800000000000 4051400000000000 4037000000000000 4066800000000000 406a400000000000 4024000000000000
poi 71 4050400000000000 404b800000000000 402c000000000000 4050400000000000 4057c00000000000 4024000000000000
poi 72 404f800000000000 4050400000000000 4020000000000000 403e000000000000 404e000000000000 4024000000000000
poi 73 4000000000000000 404e000000000000 4014000000000000 4053400000000000 405ac00000000000 4024000000000000
poi 74 4034000000000000 4034000000000000 4020000000000000 4061a00000000000 4065600000000000 4024000000000000
poi 75 4014000000000000 4014000000000000 4030000000000000 4052800000000000 405a000000000000 4024000000000000
poi 76 404e000000000000 4028000000000000 403f000000000000 4052c00000000000 405a400000000000 4024000000000000
poi 77 4037000000000000 4008000000000000 401c000000000000 4062c00000000000 4066800000000000 4024000000000000
poi 78 4020000000000000 404c000000000000 403b000000000000 4056800000000000 405e000000000000 4024000000000000
poi 79 4018000000000000 4051000000000000 403e000000000000 4056400000000000 405dc00000000000 4024000000000000
poi 80 4047800000000000 4047800000000000 402a000000000000 4068000000000000 406bc00000000000 4024000000000000
poi 81 4048800000000000 404d000000000000 4024000000000000 4055800000000000 405d000000000000 4024000000000000
poi 82 403b000000000000 4045800000000000 4022000000000000 4045000000000000 4052000000000000 4024000000000000
poi 83 4042800000000000 403f000000000000 402c000000000000 4041800000000000 4050400000000000 4024000000000000
poi 84 404c800000000000 403d000000000000 4032000000000000 4058000000000000 405f800000000000 4024000000000000
poi 85 404f800000000000 4037000000000000 4000000000000000 4055c00000000000 405d400000000000 4024000000000000
poi 86 4035000000000000 4038000000000000 403c000000000000 4055c00000000000 405d400000000000 4024000000000000
poi 87 4028000000000000 4038000000000000 402a000000000000 4056800000000000 405e000000000000 4024000000000000
poi 88 4038000000000000 404d000000000000 4033000000000000 4050c00000000000 4058400000000000 4024000000000000
poi 89 4050c00000000000 4014000000000000 4039000000000000 4062000000000000 4065c00000000000 4024000000000000
poi 90 4042800000000000 4047800000000000 4018000000000000 4055800000000000 405d000000000000 4024000000000000
poi 91 4048800000000000 4045000000000000 402a000000000000 4064e00000000000 4068a00000000000 4024000000000000
poi 92 404a800000000000 4045800000000000 402c000000000000 402c000000000000 4046000000000000 4024000000000000
poi 93 404e800000000000 404a000000000000 4008000000000000 4066400000000000 406a000000000000 4024000000000000
poi 94 404c800000000000 4048000000000000 4037000000000000 4057c00000000000 405f400000000000 4024000000000000
poi 95 404c000000000000 4042800000000000 4018000000000000 4041000000000000 4050000000000000 4024000000000000
poi 96 404b800000000000 404b000000000000 403a000000000000 4060800000000000 4064400000000000 4024000000000000
poi 97 4010000000000000 4032000000000000 4041800000000000 405e000000000000 4062c00000000000 4024000000000000
poi 98 403a000000000000 404a000000000000 4022000000000000 4047000000000000 4053000000000000 4024000000000000
poi 99 403a000000000000 4041800000000000 402e000000000000 4053400000000000 405ac00000000000 4024000000000000
poi 100 403f000000000000 4050c00000000000 4008000000000000 4066800000000000 406a400000000000 4024000000000000
# inst rc102
name rc102
n 101
tmax 406e000000000000
poi 0 4044000000000000 4049000000000000 0000000000000000 0000000000000000 406e000000000000 0000000000000000
poi 1 4039000000000000 4055400000000000 4034000000000000 0000000000000000 4067e00000000000 4024000000000000
poi 2 4036000000000000 4052c00000000000 403e000000000000 0000000000000000 4068e00000000000 4024000000000000
poi 3 4036000000000000 4055400000000000 4024000000000000 0000000000000000 4067c00000000000 4024000000000000
poi 4 4034000000000000 4054000000000000 4044000000000000 4061a00000000000 4065600000000000 4024000000000000
poi 5 4034000000000000 4055400000000000 4034000000000000 0000000000000000 4067a00000000000 4024000000000000
poi 6 4032000000000000 4052c00000000000 4034000000000000 4057c00000000000 405f400000000000 4024000000000000
poi 7 402e000000000000 4052c00000000000 4034000000000000 0000000000000000 4068400000000000 4024000000000000
poi 8 402e000000000000 4054000000000000 4024000000000000 4056c00000000000 405e400000000000 4024000000000000
poi 9 4024000000000000 4041800000000000 4034000000000000 4056c00000000000 405e400000000000 4024000000000000
poi 10 4024000000000000 4044000000000000 403e000000000000 405dc00000000000 4062a00000000000 4024000000000000
poi 11 4020000000000000 4044000000000000 4044000000000000 404d800000000000 4056400000000000 4024000000000000
poi 12 4020000000000000 4046800000000000 4034000000000000 0000000000000000 4068a00000000000 4024000000000000
poi 13 4014000000000000 4041800000000000 4024000000000000 4061c00000000000 4065800000000000 4024000000000000
poi 14 4014000000000000 4046800000000000 4024000000000000 4041800000000000 4050400000000000 4024000000000000
poi 15 4000000000000000 4044000000000000 4034000000000000 404d000000000000 4056000000000000 4024000000000000
poi 16 0000000000000000 4044000000000000 4034000000000000 4052000000000000 4059800000000000 4024000000000000
poi 17 0000000000000000 4046800000000000 4034000000000000 4062a00000000000 4066600000000000 4024000000000000
poi 18 4046000000000000 4014000000000000 4034000000000000 4055c00000000000 405d400000000000 4024000000000000
poi 19 4045000000000000 4024000000000000 4044000000000000 4052000000000000 4059800000000000 4024000000000000
poi 20 4045000000000000 402e000000000000 4024000000000000 405e800000000000 4063000000000000 4024000000000000
poi 21 4044000000000000 4014000000000000 4024000000000000 0000000000000000 4067200000000000 4024000000000000
poi 22 4044000000000000 402e000000000000 4044000000000000 4057000000000000 405e800000000000 4024000000000000
poi 23 4043000000000000 4014000000000000 403e000000000000 4050400000000000 4057c00000000000 4024000000000000
poi 24 4043000000000000 402e000000000000 4024000000000000 4062800000000000 4066400000000000 4024000000000000
poi 25 4041800000000000 4014000000000000 4034000000000000 4063400000000000 4067000000000000 4024000000000000
poi 26 4057c00000000000 403e000000000000 403e000000000000 0000000000000000 4065600000000000 4024000000000000
poi 27 4057c00000000000 4041800000000000 4034000000000000 404f000000000000 4057000000000000 4024000000000000
poi 28 4057000000000000 403e000000000000 4024000000000000 404f000000000000 4057000000000000 4024000000000000
poi 29 4056800000000000 4041800000000000 4024000000000000 4050c00000000000 4058400000000000 4024000000000000
poi 30 4056000000000000 403e000000000000 4024000000000000 4052800000000000 405a000000000000 4024000000000000
poi 31 4056000000000000 4041800000000000 4034000000000000 0000000000000000 4066600000000000 4024000000000000
poi 32 4055c00000000000 403e000000000000 4024000000000000 4060600000000000 4064200000000000 4024000000000000
poi 33 4055400000000000 4039000000000000 4024000000000000 4049800000000000 4054400000000000 4024000000000000
poi 34 4055400000000000 4041800000000000 403e000000000000 0000000000000000 4066c00000000000 4024000000000000
poi 35 4050c00000000000 4055400000000000 4034000000000000 4061600000000000 4065200000000000 4024000000000000
poi 36 4050400000000000 4055400000000000 4044000000000000 4045800000000000 4052400000000000 4024000000000000
poi 37 4050400000000000 4054800000000000 4024000000000000 0000000000000000 4067a00000000000 4024000000000000
poi 38 404f000000000000 4054000000000000 403e000000000000 4052c00000000000 405a400000000000 4024000000000000
poi 39 404e000000000000 4054000000000000 4024000000000000 4042800000000000 4050c00000000000 4024000000000000
poi 40 404e000000000000 4055400000000000 403e000000000000 4055400000000000 405cc00000000000 4024000000000000
poi 41 404d000000000000 4052c00000000000 4034000000000000 4057000000000000 405e800000000000 4024000000000000
poi 42 404b800000000000 4054000000000000 4024000000000000 4040800000000000 404f800000000000 4024000000000000
poi 43 404b800000000000 4055400000000000 4034000000000000 4060000000000000 4063c00000000000 4024000000000000
poi 44 404b800000000000 4054800000000000 4024000000000000 4050000000000000 4057800000000000 4024000000000000
poi 45 4034000000000000 4054800000000000 4024000000000000 4042800000000000 4050c00000000000 4024000000000000
poi 46 4032000000000000 4054000000000000 4024000000000000 405c400000000000 4061e00000000000 4024000000000000
poi 47 4000000000000000 4046800000000000 4024000000000000 4046800000000000 4052c00000000000 4024000000000000
poi 48 4045000000000000 4014000000000000 4024000000000000 0000000000000000 4067000000000000 4024000000000000
poi 49 4045000000000000 4028000000000000 4024000000000000 405a000000000000 4060c00000000000 4024000000000000
poi 50 4052000000000000 4041800000000000 403e000000000000 0000000000000000 4068400000000000 4024000000000000
poi 51 404b800000000000 4034000000000000 4033000000000000 4054c00000000000 405c400000000000 4024000000000000
poi 52 4039000000000000 403e000000000000 4008000000000000 0000000000000000 4069a00000000000 4024000000000000
poi 53 4034000000000000 4049000000000000 4014000000000000 4056c00000000000 405e400000000000 4024000000000000
poi 54 404b800000000000 404e000000000000 4030000000000000 4061600000000000 4065200000000000 4024000000000000
poi 55 403e000000000000 404e000000000000 4030000000000000 4061800000000000 4065400000000000 4024000000000000
poi 56 4049000000000000 4041800000000000 4033000000000000 4060400000000000 4064000000000000 4024000000000000
poi 57 403e000000000000 4039000000000000 4037000000000000 4058000000000000 405f800000000000 4024000000000000
poi 58 402e000000000000 4024000000000000 4034000000000000 4063000000000000 4066c00000000000 4024000000000000
poi 59 4024000000000000 4034000000000000 4033000000000000 0000000000000000 4067600000000000 4024000000000000
poi 60 402e000000000000 404e000000000000 4031000000000000 4063600000000000 4067200000000000 4024000000000000
poi 61 4046800000000000 4050400000000000 4022000000000000 4050800000000000 4058000000000000 4024000000000000
poi 62 4050400000000000 4041800000000000 4008000000000000 404a000000000000 4054800000000000 4024000000000000
poi 63 4050400000000000 4034000000000000 4018000000000000 4043800000000000 4051400000000000 4024000000000000
poi 64 4046800000000000 403e000000000000 4031000000000000 404a800000000000 4054c00000000000 4024000000000000
poi 65 4041800000000000 4044000000000000 4030000000000000 4026000000000000 4044800000000000 4024000000000000
poi 66 4044800000000000 4042800000000000 4030000000000000 4060a00000000000 4064600000000000 4024000000000000
poi 67 4050000000000000 4045000000000000 4022000000000000 4051800000000000 4059000000000000 4024000000000000
poi 68 4044000000000000 404e000000000000 4035000000000000 4062000000000000 4065c00000000000 4024000000000000
poi 69 403f000000000000 404a000000000000 403b000000000000 4044800000000000 4051c00000000000 4024000000000000
poi 70 4041800000000000 4051400000000000 4037000000000000 4066800000000000 406a400000000000 4024000000000000
poi 71 4050400000000000 404b800000000000 402c000000000000 4050400000000000 4057c00000000000 4024000000000000
poi 72 404f800000000000 4050400000000000 4020000000000000 0000000000000000 4069400000000000 4024000000000000
poi 73 4000000000000000 404e000000000000 4014000000000000 4053400000000000 405ac00000000000 4024000000000000
poi 74 4034000000000000 4034000000000000 4020000000000000 4061a00000000000 4065600000000000 4024000000000000
poi 75 4014000000000000 4014000000000000 4030000000000000 0000000000000000 4065800000000000 4024000000000000
poi 76 404e000000000000 4028000000000000 403f000000000000 4052c00000000000 405a400000000000 4024000000000000
poi 77 4037000000000000 4008000000000000 401c000000000000 4062c00000000000 4066800000000000 4024000000000000
poi 78 4020000000000000 404c000000000000 403b000000000000 4056800000000000 405e000000000000 4024000000000000
poi 79 4018000000000000 4051000000000000 403e000000000000 4056400000000000 405dc00000000000 4024000000000000
poi 80 4047800000000000 4047800000000000 402a000000000000 4068000000000000 406bc00000000000 4024000000000000
poi 81 4048800000000000 404d000000000000 4024000000000000 4055800000000000 405d000000000000 4024000000000000
poi 82 403b000000000000 4045800000000000 4022000000000000 0000000000000000 406ae00000000000 4024000000000000
poi 83 4042800000000000 403f000000000000 402c000000000000 0000000000000000 406a400000000000 4024000000000000
poi 84 404c800000000000 403d000000000000 4032000000000000 4058000000000000 405f800000000000 4024000000000000
poi 85 404f800000000000 4037000000000000 4000000000000000 0000000000000000 4068400000000000 4024000000000000
poi 86 4035000000000000 4038000000000000 403c000000000000 4055c00000000000 405d400000000000 4024000000000000
poi 87 4028000000000000 4038000000000000 402a000000000000 4056800000000000 405e000000000000 4024000000000000
poi 88 4038000000000000 404d000000000000 4033000000000000 4050c00000000000 4058400000000000 4024000000000000
poi 89 4050c00000000000 4014000000000000 4039000000000000 4062000000000000 4065c00000000000 4024000000000000
poi 90 4042800000000000 4047800000000000 4018000000000000 4055800000000000 405d000000000000 4024000000000000
poi 91 4048800000000000 4045000000000000 402a000000000000 0000000000000000 406b200000000000 4024000000000000
poi 92 404a800000000000 4045800000000000 402c000000000000 402c000000000000 4046000000000000 4024000000000000
poi 93 404e800000000000 404a000000000000 4008000000000000 4066400000000000 406a000000000000 4024000000000000
poi 94 404c800000000000 4048000000000000 4037000000000000 0000000000000000 406a800000000000 4024000000000000
poi 95 404c000000000000 4042800000000000 4018000000000000 0000000000000000 406a200000000000 4024000000000000
poi 96 404b800000000000 404b000000000000 403a000000000000 0000000000000000 406ac00000000000 4024000000000000
poi 97 4010000000000000 4032000000000000 4041800000000000 405e000000000000 4062c00000000000 4024000000000000
poi 98 403a000000000000 404a000000000000 4022000000000000 0000000000000000 406ae00000000000 4024000000000000
poi 99 403a000000000000 4041800000000000 402e000000000000 4053400000000000 405ac00000000000 4024000000000000
poi 100 403f000000000000 4050c00000000000 4008000000000000 4066800000000000 406a400000000000 4024000000000000
# inst rc103
name rc103
n 101
tmax 406e000000000000
poi 0 4044000000000000 4049000000000000 0000000000000000 0000000000000000 406e000000000000 0000000000000000
poi 1 4039000000000000 4055400000000000 4034000000000000 0000000000000000 4067e00000000000 4024000000000000
poi 2 4036000000000000 4052c00000000000 403e000000000000 0000000000000000 4068e00000000000 4024000000000000
poi 3 4036000000000000 4055400000000000 4024000000000000 0000000000000000 4067c00000000000 4024000000000000
poi 4 4034000000000000 4054000000000000 4044000000000000 4061a00000000000 4065600000000000 4024000000000000
poi 5 4034000000000000 4055400000000000 4034000000000000 0000000000000000 4067a00000000000 4024000000000000
poi 6 4032000000000000 4052c00000000000 4034000000000000 4057c00000000000 405f400000000000 4024000000000000
poi 7 402e000000000000 4052c00000000000 4034000000000000 0000000000000000 4068400000000000 4024000000000000
poi 8 402e000000000000 4054000000000000 4024000000000000 4056c00000000000 405e400000000000 4024000000000000
poi 9 4024000000000000 4041800000000000 4034000000000000 4056c00000000000 405e400000000000 4024000000000000
poi 10 4024000000000000 4044000000000000 403e000000000000 405dc00000000000 4062a00000000000 4024000000000000
poi 11 4020000000000000 4044000000000000 4044000000000000 404d800000000000 4056400000000000 4024000000000000
poi 12 4020000000000000 4046800000000000 4034000000000000 0000000000000000 4068a00000000000 4024000000000000
poi 13 4014000000000000 4041800000000000 4024000000000000 4061c00000000000 4065800000000000 4024000000000000
poi 14 4014000000000000 4046800000000000 4024000000000000 0000000000000000 4068400000000000 4024000000000000
poi 15 4000000000000000 4044000000000000 4034000000000000 404d000000000000 4056000000000000 4024000000000000
poi 16 0000000000000000 4044000000000000 4034000000000000 0000000000000000 4067800000000000 4024000000000000
poi 17 0000000000000000 4046800000000000 4034000000000000 4062a00000000000 4066600000000000 4024000000000000
poi 18 4046000000000000 4014000000000000 4034000000000000 0000000000000000 4067000000000000 4024000000000000
poi 19 4045000000000000 4024000000000000 4044000000000000 0000000000000000 4067a00000000000 4024000000000000
poi 20 4045000000000000 402e000000000000 4024000000000000 0000000000000000 4068400000000000 4024000000000000
poi 21 4044000000000000 4014000000000000 4024000000000000 0000000000000000 4067200000000000 4024000000000000
poi 22 4044000000000000 402e000000000000 4044000000000000 4057000000000000 405e800000000000 4024000000000000
poi 23 4043000000000000 4014000000000000 403e000000000000 4050400000000000 4057c00000000000 4024000000000000
poi 24 4043000000000000 402e000000000000 4024000000000000 0000000000000000 4068400000000000 4024000000000000
poi 25 4041800000000000 4014000000000000 4034000000000000 4063400000000000 4067000000000000 4024000000000000
poi 26 4057c00000000000 403e000000000000 403e000000000000 0000000000000000 4065600000000000 4024000000000000
poi 27 4057c00000000000 4041800000000000 4034000000000000 404f000000000000 4057000000000000 4024000000000000
poi 28 4057000000000000 403e000000000000 4024000000000000 0000000000000000 4065c00000000000 4024000000000000
poi 29 4056800000000000 4041800000000000 4024000000000000 0000000000000000 4066200000000000 4024000000000000
poi 30 4056000000000000 403e000000000000 4024000000000000 4052800000000000 405a000000000000 4024000000000000
poi 31 4056000000000000 4041800000000000 4034000000000000 0000000000000000 4066600000000000 4024000000000000
poi 32 4055c00000000000 403e000000000000 4024000000000000 0000000000000000 4066400000000000 4024000000000000
poi 33 4055400000000000 4039000000000000 4024000000000000 4049800000000000 4054400000000000 4024000000000000
poi 34 4055400000000000 4041800000000000 403e000000000000 0000000000000000 4066c00000000000 4024000000000000
poi 35 4050c00000000000 4055400000000000 4034000000000000 4061600000000000 4065200000000000 4024000000000000
poi 36 4050400000000000 4055400000000000 4044000000000000 4045800000000000 4052400000000000 4024000000000000
poi 37 4050400000000000 4054800000000000 4024000000000000 0000000000000000 4067a00000000000 4024000000000000
poi 38 404f000000000000 4054000000000000 403e000000000000 4052c00000000000 405a400000000000 4024000000000000
poi 39 404e000000000000 4054000000000000 4024000000000000 4042800000000000 4050c00000000000 4024000000000000
poi 40 404e000000000000 4055400000000000 403e000000000000 4055400000000000 405cc00000000000 4024000000000000
poi 41 404d000000000000 4052c00000000000 4034000000000000 4057000000000000 405e800000000000 4024000000000000
poi 42 404b800000000000 4054000000000000 4024000000000000 4040800000000000 404f800000000000 4024000000000000
poi 43 404b800000000000 4055400000000000 4034000000000000 0000000000000000 4067e00000000000 4024000000000000
poi 44 404b800000000000 4054800000000000 4024000000000000 4050000000000000 4057800000000000 4024000000000000
poi 45 4034000000000000 4054800000000000 4024000000000000 4042800000000000 4050c00000000000 4024000000000000
poi 46 4032000000000000 4054000000000000 4024000000000000 0000000000000000 4068000000000000 4024000000000000
poi 47 4000000000000000 4046800000000000 4024000000000000 0000000000000000 4067e00000000000 4024000000000000
poi 48 4045000000000000 4014000000000000 4024000000000000 0000000000000000 4067000000000000 4024000000000000
poi 49 4045000000000000 4028000000000000 4024000000000000 405a000000000000 4060c00000000000 4024000000000000
poi 50 4052000000000000 4041800000000000 403e000000000000 0000000000000000 4068400000000000 4024000000000000
poi 51 404b800000000000 4034000000000000 4033000000000000 0000000000000000 4068800000000000 4024000000000000
poi 52 4039000000000000 403e000000000000 4008000000000000 0000000000000000 4069a00000000000 4024000000000000
poi 53 4034000000000000 4049000000000000 4014000000000000 4056c00000000000 405e400000000000 4024000000000000
poi 54 404b800000000000 404e000000000000 4030000000000000 0000000000000000 406a600000000000 4024000000000000
poi 55 403e000000000000 404e000000000000 4030000000000000 4061800000000000 4065400000000000 4024000000000000
poi 56 4049000000000000 4041800000000000 4033000000000000 4060400000000000 4064000000000000 4024000000000000
poi 57 403e000000000000 4039000000000000 4037000000000000 0000000000000000 4069600000000000 4024000000000000
poi 58 402e000000000000 4024000000000000 4034000000000000 4063000000000000 4066c00000000000 4024000000000000
poi 59 4024000000000000 4034000000000000 4033000000000000 0000000000000000 4067600000000000 4024000000000000
poi 60 402e000000000000 404e000000000000 4031000000000000 0000000000000000 4069600000000000 4024000000000000
poi 61 4046800000000000 4050400000000000 4022000000000000 0000000000000000 406ac00000000000 4024000000000000
poi 62 4050400000000000 4041800000000000 4008000000000000 404a000000000000 4054800000000000 4024000000000000
poi 63 4050400000000000 4034000000000000 4018000000000000 0000000000000000 4067c00000000000 4024000000000000
poi 64 4046800000000000 403e000000000000 4031000000000000 404a800000000000 4054c00000000000 4024000000000000
poi 65 4041800000000000 4044000000000000 4030000000000000 4026000000000000 4044800000000000 4024000000000000
poi 66 4044800000000000 4042800000000000 4030000000000000 4060a00000000000 4064600000000000 4024000000000000
poi 67 4050000000000000 4045000000000000 4022000000000000 4051800000000000 4059000000000000 4024000000000000
poi 68 4044000000000000 404e000000000000 4035000000000000 4062000000000000 4065c00000000000 4024000000000000
poi 69 403f000000000000 404a000000000000 403b000000000000 4044800000000000 4051c00000000000 4024000000000000
poi 70 4041800000000000 4051400000000000 4037000000000000 4066800000000000 406a400000000000 4024000000000000
poi 71 4050400000000000 404b800000000000 402c000000000000 0000000000000000 4069800000000000 4024000000000000
poi 72 404f800000000000 4050400000000000 4020000000000000 0000000000000000 4069400000000000 4024000000000000
poi 73 4000000000000000 404e000000000000 4014000000000000 0000000000000000 4067c00000000000 4024000000000000
poi 74 4034000000000000 4034000000000000 4020000000000000 4061a00000000000 4065600000000000 4024000000000000
poi 75 4014000000000000 4014000000000000 4030000000000000 0000000000000000 4065800000000000 4024000000000000
poi 76 404e000000000000 4028000000000000 403f000000000000 4052c00000000000 405a400000000000 4024000000000000
poi 77 4037000000000000 4008000000000000 401c000000000000 4062c00000000000 4066800000000000 4024000000000000
poi 78 4020000000000000 404c000000000000 403b000000000000 4056800000000000 405e000000000000 4024000000000000
poi 79 4018000000000000 4051000000000000 403e000000000000 4056400000000000 405dc00000000000 4024000000000000
poi 80 4047800000000000 4047800000000000 402a000000000000 4068000000000000 406bc00000000000 4024000000000000
poi 81 4048800000000000 404d000000000000 4024000000000000 0000000000000000 406b200000000000 4024000000000000
poi 82 403b000000000000 4045800000000000 4022000000000000 0000000000000000 406ae00000000000 4024000000000000
poi 83 4042800000000000 403f000000000000 402c000000000000 0000000000000000 406a400000000000 4024000000000000
poi 84 404c800000000000 403d000000000000 4032000000000000 4058000000000000 405f800000000000 4024000000000000
poi 85 404f800000000000 4037000000000000 4000000000000000 0000000000000000 4068400000000000 4024000000000000
poi 86 4035000000000000 4038000000000000 403c000000000000 0000000000000000 4068a00000000000 4024000000000000
poi 87 4028000000000000 4038000000000000 402a000000000000 4056800000000000 405e000000000000 4024000000000000
poi 88 4038000000000000 404d000000000000 4033000000000000 4050c00000000000 4058400000000000 4024000000000000
poi 89 4050c00000000000 4014000000000000 4039000000000000 0000000000000000 4066200000000000 4024000000000000
poi 90 4042800000000000 4047800000000000 4018000000000000 0000000000000000 406c200000000000 4024000000000000
poi 91 4048800000000000 4045000000000000 402a000000000000 0000000000000000 406b200000000000 4024000000000000
poi 92 404a800000000000 4045800000000000 402c000000000000 402c000000000000 4046000000000000 4024000000000000
poi 93 404e800000000000 404a000000000000 4008000000000000 4066400000000000 406a000000000000 4024000000000000
poi 94 404c800000000000 4048000000000000 4037000000000000 0000000000000000 406a800000000000 4024000000000000
poi 95 404c000000000000 4042800000000000 4018000000000000 0000000000000000 406a200000000000 4024000000000000
poi 96 404b800000000000 404b000000000000 403a000000000000 0000000000000000 406ac00000000000 4024000000000000
poi 97 4010000000000000 4032000000000000 4041800000000000 0000000000000000 4066a00000000000 4024000000000000
poi 98 403a000000000000 404a000000000000 4022000000000000 0000000000000000 406ae00000000000 4024000000000000
poi 99 403a000000000000 4041800000000000 402e000000000000 4053400000000000 405ac00000000000 4024000000000000
poi 100 403f000000000000 4050c00000000000 4008000000000000 4066800000000000 406a400000000000 4024000000000000
# inst rc104
name rc104
n 101
tmax 406e000000000000
poi 0 4044000000000000 4049000000000000 0000000000000000 0000000000000000 406e000000000000 0000000000000000
poi 1 4039000000000000 4055400000000000 4034000000000000 0000000000000000 4067e00000000000 4024000000000000
poi 2 4036000000000000 4052c00000000000 403e000000000000 0000000000000000 4068e00000000000 4024000000000000
poi 3 4036000000000000 4055400000000000 4024000000000000 0000000000000000 4067c00000000000 4024000000000000
poi 4 4034000000000000 4054000000000000 4044000000000000 4061a00000000000 4065600000000000 4024000000000000
poi 5 4034000000000000 4055400000000000 4034000000000000 0000000000000000 4067a00000000000 4024000000000000
poi 6 4032000000000000 4052c00000000000 4034000000000000 0000000000000000 4068800000000000 4024000000000000
poi 7 402e000000000000 4052c00000000000 4034000000000000 0000000000000000 4068400000000000 4024000000000000
poi 8 402e000000000000 4054000000000000 4024000000000000 4056c00000000000 405e400000000000 4024000000000000
poi 9 4024000000000000 4041800000000000 4034000000000000 4056c00000000000 405e400000000000 4024000000000000
poi 10 4024000000000000 4044000000000000 403e000000000000 0000000000000000 4068c00000000000 4024000000000000
poi 11 4020000000000000 4044000000000000 4044000000000000 404d800000000000 4056400000000000 4024000000000000
poi 12 4020000000000000 4046800000000000 4034000000000000 0000000000000000 4068a00000000000 4024000000000000
poi 13 4014000000000000 4041800000000000 4024000000000000 4061c00000000000 4065800000000000 4024000000000000
poi 14 4014000000000000 4046800000000000 4024000000000000 0000000000000000 4068400000000000 4024000000000000
poi 15 4000000000000000 4044000000000000 4034000000000000 404d000000000000 4056000000000000 4024000000000000
poi 16 0000000000000000 4044000000000000 4034000000000000 0000000000000000 4067800000000000 4024000000000000
poi 17 0000000000000000 4046800000000000 4034000000000000 0000000000000000 4067a00000000000 4024000000000000
poi 18 4046000000000000 4014000000000000 4034000000000000 0000000000000000 4067000000000000 4024000000000000
poi 19 4045000000000000 4024000000000000 4044000000000000 0000000000000000 4067a00000000000 4024000000000000
poi 20 4045000000000000 402e000000000000 4024000000000000 0000000000000000 4068400000000000 4024000000000000
poi 21 4044000000000000 4014000000000000 4024000000000000 0000000000000000 4067200000000000 4024000000000000
poi 22 4044000000000000 402e000000000000 4044000000000000 0000000000000000 4068600000000000 4024000000000000
poi 23 4043000000000000 4014000000000000 403e000000000000 4050400000000000 4057c00000000000 4024000000000000
poi 24 4043000000000000 402e000000000000 4024000000000000 0000000000000000 4068400000000000 4024000000000000
poi 25 4041800000000000 4014000000000000 4034000000000000 4063400000000000 4067000000000000 4024000000000000
poi 26 4057c00000000000 403e000000000000 403e000000000000 0000000000000000 4065600000000000 4024000000000000
poi 27 4057c00000000000 4041800000000000 4034000000000000 0000000000000000 4065800000000000 4024000000000000
poi 28 4057000000000000 403e000000000000 4024000000000000 0000000000000000 4065c00000000000 4024000000000000
poi 29 4056800000000000 4041800000000000 4024000000000000 0000000000000000 4066200000000000 4024000000000000
poi 30 4056000000000000 403e000000000000 4024000000000000 0000000000000000 4066400000000000 4024000000000000
poi 31 4056000000000000 4041800000000000 4034000000000000 0000000000000000 4066600000000000 4024000000000000
poi 32 4055c00000000000 403e000000000000 4024000000000000 0000000000000000 4066400000000000 4024000000000000
poi 33 4055400000000000 4039000000000000 4024000000000000 0000000000000000 4066400000000000 4024000000000000
poi 34 4055400000000000 4041800000000000 403e000000000000 0000000000000000 4066c00000000000 4024000000000000
poi 35 4050c00000000000 4055400000000000 4034000000000000 0000000000000000 4067200000000000 4024000000000000
poi 36 4050400000000000 4055400000000000 4044000000000000 0000000000000000 4067400000000000 4024000000000000
poi 37 4050400000000000 4054800000000000 4024000000000000 0000000000000000 4067a00000000000 4024000000000000
poi 38 404f000000000000 4054000000000000 403e000000000000 4052c00000000000 405a400000000000 4024000000000000
poi 39 404e000000000000 4054000000000000 4024000000000000 0000000000000000 4068200000000000 4024000000000000
poi 40 404e000000000000 4055400000000000 403e000000000000 0000000000000000 4067a00000000000 4024000000000000
poi 41 404d000000000000 4052c00000000000 4034000000000000 0000000000000000 4068e00000000000 4024000000000000
poi 42 404b800000000000 4054000000000000 4024000000000000 0000000000000000 4068800000000000 4024000000000000
poi 43 404b800000000000 4055400000000000 4034000000000000 0000000000000000 4067e00000000000 4024000000000000
poi 44 404b800000000000 4054800000000000 4024000000000000 4050000000000000 4057800000000000 4024000000000000
poi 45 4034000000000000 4054800000000000 4024000000000000 0000000000000000 4068000000000000 4024000000000000
poi 46 4032000000000000 4054000000000000 4024000000000000 0000000000000000 4068000000000000 4024000000000000
poi 47 4000000000000000 4046800000000000 4024000000000000 0000000000000000 4067e00000000000 4024000000000000
poi 48 4045000000000000 4014000000000000 4024000000000000 0000000000000000 4067000000000000 4024000000000000
poi 49 4045000000000000 4028000000000000 4024000000000000 0000000000000000 4067e00000000000 4024000000000000
poi 50 4052000000000000 4041800000000000 403e000000000000 0000000000000000 4068400000000000 4024000000000000
poi 51 404b800000000000 4034000000000000 4033000000000000 0000000000000000 4068800000000000 4024000000000000
poi 52 4039000000000000 403e000000000000 4008000000000000 0000000000000000 4069a00000000000 4024000000000000
poi 53 4034000000000000 4049000000000000 4014000000000000 4056c00000000000 405e400000000000 4024000000000000
poi 54 404b800000000000 404e000000000000 4030000000000000 0000000000000000 406a600000000000 4024000000000000
poi 55 403e000000000000 404e000000000000 4030000000000000 4061800000000000 4065400000000000 4024000000000000
poi 56 4049000000000000 4041800000000000 4033000000000000 0000000000000000 406a600000000000 4024000000000000
poi 57 403e000000000000 4039000000000000 4037000000000000 0000000000000000 4069600000000000 4024000000000000
poi 58 402e000000000000 4024000000000000 4034000000000000 4063000000000000 4066c00000000000 4024000000000000
poi 59 4024000000000000 4034000000000000 4033000000000000 0000000000000000 4067600000000000 4024000000000000
poi 60 402e000000000000 404e000000000000 4031000000000000 0000000000000000 4069600000000000 4024000000000000
poi 61 4046800000000000 4050400000000000 4022000000000000 0000000000000000 406ac00000000000 4024000000000000
poi 62 4050400000000000 4041800000000000 4008000000000000 404a000000000000 4054800000000000 4024000000000000
poi 63 4050400000000000 4034000000000000 4018000000000000 0000000000000000 4067c00000000000 4024000000000000
poi 64 4046800000000000 403e000000000000 4031000000000000 0000000000000000 406a200000000000 4024000000000000
poi 65 4041800000000000 4044000000000000 4030000000000000 0000000000000000 406b400000000000 4024000000000000
poi 66 4044800000000000 4042800000000000 4030000000000000 0000000000000000 406b000000000000 4024000000000000
poi 67 4050000000000000 4045000000000000 4022000000000000 4051800000000000 4059000000000000 4024000000000000
poi 68 4044000000000000 404e000000000000 4035000000000000 0000000000000000 406b800000000000 4024000000000000
poi 69 403f000000000000 404a000000000000 403b000000000000 4044800000000000 4051c00000000000 4024000000000000
poi 70 4041800000000000 4051400000000000 4037000000000000 0000000000000000 406a400000000000 4024000000000000
poi 71 4050400000000000 404b800000000000 402c000000000000 0000000000000000 4069800000000000 4024000000000000
poi 72 404f800000000000 4050400000000000 4020000000000000 0000000000000000 4069400000000000 4024000000000000
poi 73 4000000000000000 404e000000000000 4014000000000000 0000000000000000 4067c00000000000 4024000000000000
poi 74 4034000000000000 4034000000000000 4020000000000000 4061a00000000000 4065600000000000 4024000000000000
poi 75 4014000000000000 4014000000000000 4030000000000000 0000000000000000 4065800000000000 4024000000000000
poi 76 404e000000000000 4028000000000000 403f000000000000 4052c00000000000 405a400000000000 4024000000000000
poi 77 4037000000000000 4008000000000000 401c000000000000 4062c00000000000 4066800000000000 4024000000000000
poi 78 4020000000000000 404c000000000000 403b000000000000 0000000000000000 4068a00000000000 4024000000000000
poi 79 4018000000000000 4051000000000000 403e000000000000 4056400000000000 405dc00000000000 4024000000000000
poi 80 4047800000000000 4047800000000000 402a000000000000 0000000000000000 406bc00000000000 4024000000000000
poi 81 4048800000000000 404d000000000000 4024000000000000 0000000000000000 406b200000000000 4024000000000000
poi 82 403b000000000000 4045800000000000 4022000000000000 0000000000000000 406ae00000000000 4024000000000000
poi 83 4042800000000000 403f000000000000 402c000000000000 0000000000000000 406a400000000000 4024000000000000
poi 84 404c800000000000 403d000000000000 4032000000000000 4058000000000000 405f800000000000 4024000000000000
poi 85 404f800000000000 4037000000000000 4000000000000000 0000000000000000 4068400000000000 4024000000000000
poi 86 4035000000000000 4038000000000000 403c000000000000 0000000000000000 4068a00000000000 4024000000000000
poi 87 4028000000000000 4038000000000000 402a000000000000 4056800000000000 405e000000000000 4024000000000000
poi 88 4038000000000000 404d000000000000 4033000000000000 0000000000000000 406a800000000000 4024000000000000
poi 89 4050c00000000000 4014000000000000 4039000000000000 0000000000000000 4066200000000000 4024000000000000
poi 90 4042800000000000 4047800000000000 4018000000000000 0000000000000000 406c200000000000 4024000000000000
poi 91 4048800000000000 4045000000000000 402a000000000000 0000000000000000 406b200000000000 4024000000000000
poi 92 404a800000000000 4045800000000000 402c000000000000 402c000000000000 4046000000000000 4024000000000000
poi 93 404e800000000000 404a000000000000 4008000000000000 0000000000000000 406a000000000000 4024000000000000
poi 94 404c800000000000 4048000000000000 4037000000000000 0000000000000000 406a800000000000 4024000000000000
poi 95 404c000000000000 4042800000000000 4018000000000000 0000000000000000 406a200000000000 4024000000000000
poi 96 404b800000000000 404b000000000000 403a000000000000 0000000000000000 406ac00000000000 4024000000000000
poi 97 4010000000000000 4032000000000000 4041800000000000 0000000000000000 4066a00000000000 4024000000000000
poi 98 403a000000000000 404a000000000000 4022000000000000 0000000000000000 406ae00000000000 4024000000000000
poi 99 403a000000000000 4041800000000000 402e000000000000 4053400000000000 405ac00000000000 4024000000000000
poi 100 403f000000000000 4050c00000000000 4008000000000000 4066800000000000 406a400000000000 4024000000000000
# inst rc105
name rc105
n 101
tmax 406e000000000000
poi 0 4044000000000000 4049000000000000 0000000000000000 0000000000000000 406e000000000000 0000000000000000
poi 1 4039000000000000 4055400000000000 4034000000000000 4051c00000000000 4067e00000000000 4024000000000000
poi 2 4036000000000000 4052c00000000000 403e000000000000 403e000000000000 4062c00000000000 4024000000000000
poi 3 4036000000000000 4055400000000000 4024000000000000 4050000000000000 4067000000000000 4024000000000000
poi 4 4034000000000000 4054000000000000 4044000000000000 4062e00000000000 4064200000000000 4024000000000000
poi 5 4034000000000000 4055400000000000 4034000000000000 4044000000000000 4064000000000000 4024000000000000
poi 6 4032000000000000 4052c00000000000 4034000000000000 4058000000000000 405ec00000000000 4024000000000000
poi 7 402e000000000000 4052c00000000000 4034000000000000 4041800000000000 4063600000000000 4024000000000000
poi 8 402e000000000000 4054000000000000 4024000000000000 4059400000000000 405bc00000000000 4024000000000000
poi 9 4024000000000000 4041800000000000 4034000000000000 4059400000000000 405bc00000000000 4024000000000000
poi 10 4024000000000000 4044000000000000 403e000000000000 405ec00000000000 4062000000000000 4024000000000000
poi 11 4020000000000000 4044000000000000 4044000000000000 4051400000000000 4053c00000000000 4024000000000000
poi 12 4020000000000000 4046800000000000 4034000000000000 4040000000000000 4063000000000000 4024000000000000
poi 13 4014000000000000 4041800000000000 4024000000000000 4063000000000000 4064400000000000 4024000000000000
poi 14 4014000000000000 4046800000000000 4024000000000000 4041800000000000 405d400000000000 4024000000000000
poi 15 4000000000000000 4044000000000000 4034000000000000 4051000000000000 4053800000000000 4024000000000000
poi 16 0000000000000000 4044000000000000 4034000000000000 404d800000000000 405c800000000000 4024000000000000
poi 17 0000000000000000 4046800000000000 4034000000000000 4062600000000000 4066800000000000 4024000000000000
poi 18 4046000000000000 4014000000000000 4034000000000000 4053c00000000000 405f000000000000 4024000000000000
poi 19 4045000000000000 4024000000000000 4044000000000000 404d000000000000 405cc00000000000 4024000000000000
poi 20 4045000000000000 402e000000000000 4024000000000000 405bc00000000000 4064400000000000 4024000000000000
poi 21 4044000000000000 4014000000000000 4024000000000000 4046800000000000 4064a00000000000 4024000000000000
poi 22 4044000000000000 402e000000000000 4044000000000000 4057800000000000 405dc00000000000 4024000000000000
poi 23 4043000000000000 4014000000000000 403e000000000000 4052c00000000000 4055400000000000 4024000000000000
poi 24 4043000000000000 402e000000000000 4024000000000000 4060000000000000 4068400000000000 4024000000000000
poi 25 4041800000000000 4014000000000000 4034000000000000 4065600000000000 4066a00000000000 4024000000000000
poi 26 4057c00000000000 403e000000000000 403e000000000000 404d000000000000 4065600000000000 4024000000000000
poi 27 4057c00000000000 4041800000000000 4034000000000000 404e000000000000 4057400000000000 4024000000000000
poi 28 4057000000000000 403e000000000000 4024000000000000 404b800000000000 405e000000000000 4024000000000000
poi 29 4056800000000000 4041800000000000 4024000000000000 404a000000000000 405c000000000000 4024000000000000
poi 30 4056000000000000 403e000000000000 4024000000000000 4052c00000000000 4059800000000000 4024000000000000
poi 31 4056000000000000 4041800000000000 4034000000000000 4049000000000000 4065400000000000 4024000000000000
poi 32 4055c00000000000 403e000000000000 4024000000000000 405d000000000000 4065e00000000000 4024000000000000
poi 33 4055400000000000 4039000000000000 4024000000000000 4049800000000000 4055400000000000 4024000000000000
poi 34 4055400000000000 4041800000000000 403e000000000000 404f000000000000 4066c00000000000 4024000000000000
poi 35 4050c00000000000 4055400000000000 4034000000000000 4061400000000000 4065200000000000 4024000000000000
poi 36 4050400000000000 4055400000000000 4044000000000000 4045800000000000 4053800000000000 4024000000000000
poi 37 4050400000000000 4054800000000000 4024000000000000 4051400000000000 4067a00000000000 4024000000000000
poi 38 404f000000000000 4054000000000000 403e000000000000 4055400000000000 4057c00000000000 4024000000000000
poi 39 404e000000000000 4054000000000000 4024000000000000 4042000000000000 4052800000000000 4024000000000000
poi 40 404e000000000000 4055400000000000 403e000000000000 4055c00000000000 405c000000000000 4024000000000000
poi 41 404d000000000000 4052c00000000000 4034000000000000 4057000000000000 405e400000000000 4024000000000000
poi 42 404b800000000000 4054000000000000 4024000000000000 4040800000000000 4050800000000000 4024000000000000
poi 43 404b800000000000 4055400000000000 4034000000000000 405d400000000000 4065000000000000 4024000000000000
poi 44 404b800000000000 4054800000000000 4024000000000000 4052800000000000 4055000000000000 4024000000000000
poi 45 4034000000000000 4054800000000000 4024000000000000 4042800000000000 4052000000000000 4024000000000000
poi 46 4032000000000000 4054000000000000 4024000000000000 4058800000000000 4063a00000000000 4024000000000000
poi 47 4000000000000000 4046800000000000 4024000000000000 4043000000000000 405b400000000000 4024000000000000
poi 48 4045000000000000 4014000000000000 4024000000000000 4050000000000000 4067000000000000 4024000000000000
poi 49 4045000000000000 4028000000000000 4024000000000000 405b400000000000 4060000000000000 4024000000000000
poi 50 4052000000000000 4041800000000000 403e000000000000 4051c00000000000 4067e00000000000 4024000000000000
poi 51 404b800000000000 4034000000000000 4033000000000000 4051400000000000 405f800000000000 4024000000000000
poi 52 4039000000000000 403e000000000000 4008000000000000 4039000000000000 4062200000000000 4024000000000000
poi 53 4034000000000000 4049000000000000 4014000000000000 4059400000000000 405bc00000000000 4024000000000000
poi 54 404b800000000000 404e000000000000 4030000000000000 405fc00000000000 4066800000000000 4024000000000000
poi 55 403e000000000000 404e000000000000 4030000000000000 4062c00000000000 4064000000000000 4024000000000000
poi 56 4049000000000000 4041800000000000 4033000000000000 4060400000000000 4063e00000000000 4024000000000000
poi 57 403e000000000000 4039000000000000 4037000000000000 4054800000000000 4061600000000000 4024000000000000
poi 58 402e000000000000 4024000000000000 4034000000000000 4065800000000000 4066c00000000000 4024000000000000
poi 59 4024000000000000 4034000000000000 4033000000000000 4045000000000000 4064400000000000 4024000000000000
poi 60 402e000000000000 404e000000000000 4031000000000000 4061200000000000 4069400000000000 4024000000000000
poi 61 4046800000000000 4050400000000000 4022000000000000 404b800000000000 405a800000000000 4024000000000000
poi 62 4050400000000000 4041800000000000 4008000000000000 404f000000000000 4052000000000000 4024000000000000
poi 63 4050400000000000 4034000000000000 4018000000000000 4043800000000000 405b000000000000 4024000000000000
poi 64 4046800000000000 403e000000000000 4031000000000000 404a800000000000 4054800000000000 4024000000000000
poi 65 4041800000000000 4044000000000000 4030000000000000 4026000000000000 4045800000000000 4024000000000000
poi 66 4044800000000000 4042800000000000 4030000000000000 4060c00000000000 4064200000000000 4024000000000000
poi 67 4050000000000000 4045000000000000 4022000000000000 4054000000000000 4056800000000000 4024000000000000
poi 68 4044000000000000 404e000000000000 4035000000000000 4062000000000000 4065a00000000000 4024000000000000
poi 69 403f000000000000 404a000000000000 403b000000000000 4049800000000000 404e800000000000 4024000000000000
poi 70 4041800000000000 4051400000000000 4037000000000000 4065800000000000 406a400000000000 4024000000000000
poi 71 4050400000000000 404b800000000000 402c000000000000 404a000000000000 405ac00000000000 4024000000000000
poi 72 404f800000000000 4050400000000000 4020000000000000 403b000000000000 4062600000000000 4024000000000000
poi 73 4000000000000000 404e000000000000 4014000000000000 4050400000000000 405d800000000000 4024000000000000
poi 74 4034000000000000 4034000000000000 4020000000000000 4062e00000000000 4064200000000000 4024000000000000
poi 75 4014000000000000 4014000000000000 4030000000000000 404c800000000000 4065800000000000 4024000000000000
poi 76 404e000000000000 4028000000000000 403f000000000000 4055400000000000 4057c00000000000 4024000000000000
poi 77 4037000000000000 4008000000000000 401c000000000000 4064600000000000 4065a00000000000 4024000000000000
poi 78 4020000000000000 404c000000000000 403b000000000000 4056800000000000 405dc00000000000 4024000000000000
poi 79 4018000000000000 4051000000000000 403e000000000000 4058c00000000000 405b400000000000 4024000000000000
poi 80 4047800000000000 4047800000000000 402a000000000000 4067c00000000000 406bc00000000000 4024000000000000
poi 81 4048800000000000 404d000000000000 4024000000000000 4054000000000000 405e400000000000 4024000000000000
poi 82 403b000000000000 4045800000000000 4022000000000000 402c000000000000 4060c00000000000 4024000000000000
poi 83 4042800000000000 403f000000000000 402c000000000000 4033000000000000 4061600000000000 4024000000000000
poi 84 404c800000000000 403d000000000000 4032000000000000 405a800000000000 405d000000000000 4024000000000000
poi 85 404f800000000000 4037000000000000 4000000000000000 4045000000000000 4064400000000000 4024000000000000
poi 86 4035000000000000 4038000000000000 403c000000000000 4053400000000000 405f800000000000 4024000000000000
poi 87 4028000000000000 4038000000000000 402a000000000000 4059000000000000 405b800000000000 4024000000000000
poi 88 4038000000000000 404d000000000000 4033000000000000 4050c00000000000 4058000000000000 4024000000000000
poi 89 4050c00000000000 4014000000000000 4039000000000000 405a400000000000 4066200000000000 4024000000000000
poi 90 4042800000000000 4047800000000000 4018000000000000 4052800000000000 405fc00000000000 4024000000000000
poi 91 4048800000000000 4045000000000000 402a000000000000 4058400000000000 406b200000000000 4024000000000000
poi 92 404a800000000000 4045800000000000 402c000000000000 402e000000000000 4039000000000000 4024000000000000
poi 93 404e800000000000 404a000000000000 4008000000000000 4065a00000000000 406a000000000000 4024000000000000
poi 94 404c800000000000 4048000000000000 4037000000000000 4049000000000000 4065400000000000 4024000000000000
poi 95 404c000000000000 4042800000000000 4018000000000000 4034000000000000 4061800000000000 4024000000000000
poi 96 404b800000000000 404b000000000000 403a000000000000 4055c00000000000 4069e00000000000 4024000000000000
poi 97 4010000000000000 4032000000000000 4041800000000000 405c000000000000 4063a00000000000 4024000000000000
poi 98 403a000000000000 404a000000000000 4022000000000000 402c000000000000 4060c00000000000 4024000000000000
poi 99 403a000000000000 4041800000000000 402e000000000000 4055c00000000000 4058400000000000 4024000000000000
poi 100 403f000000000000 4050c00000000000 4008000000000000 4069000000000000 406a400000000000 4024000000000000
# inst rc201
name rc201
n 101
tmax 408e000000000000
poi 0 4044000000000000 4049000000000000 0000000000000000 0000000000000000 408e000000000000 0000000000000000
poi 1 4039000000000000 4055400000000000 4034000000000000 4085080000000000 4088c80000000000 4024000000000000
poi 2 4036000000000000 4052c00000000000 403e000000000000 4063000000000000 4071000000000000 4024000000000000
poi 3 4036000000000000 4055400000000000 4024000000000000 407d700000000000 4082780000000000 4024000000000000
poi 4 4034000000000000 4054000000000000 4044000000000000 4084200000000000 4087e00000000000 4024000000000000
poi 5 4034000000000000 4055400000000000 4034000000000000 4052400000000000 4068200000000000 4024000000000000
poi 6 4032000000000000 4052c00000000000 4034000000000000 4078400000000000 407fc00000000000 4024000000000000
poi 7 402e000000000000 4052c00000000000 4034000000000000 4072c00000000000 407a400000000000 4024000000000000
poi 8 402e000000000000 4054000000000000 4024000000000000 4076f00000000000 407e700000000000 4024000000000000
poi 9 4024000000000000 4041800000000000 4034000000000000 4077300000000000 407eb00000000000 4024000000000000
poi 10 4024000000000000 4044000000000000 403e000000000000 4080380000000000 4083f80000000000 4024000000000000
poi 11 4020000000000000 4044000000000000 4044000000000000 4068600000000000 4073b00000000000 4024000000000000
poi 12 4020000000000000 4046800000000000 4034000000000000 406be00000000000 4075700000000000 4024000000000000
poi 13 4014000000000000 4041800000000000 4024000000000000 4084680000000000 4088280000000000 4024000000000000
poi 14 4014000000000000 4046800000000000 4024000000000000 4041800000000000 4063600000000000 4024000000000000
poi 15 4000000000000000 4044000000000000 4034000000000000 4065c00000000000 4072600000000000 4024000000000000
poi 16 0000000000000000 4044000000000000 4034000000000000 406fe00000000000 4077700000000000 4024000000000000
poi 17 0000000000000000 4046800000000000 4034000000000000 4085f80000000000 4089b80000000000 4024000000000000
poi 18 4046000000000000 4014000000000000 4034000000000000 4074f00000000000 407c700000000000 4024000000000000
poi 19 4045000000000000 4024000000000000 4044000000000000 406fc00000000000 4077600000000000 4024000000000000
poi 20 4045000000000000 402e000000000000 4024000000000000 4080c80000000000 4084880000000000 4024000000000000
poi 21 4044000000000000 4014000000000000 4024000000000000 406ae00000000000 4074f00000000000 4024000000000000
poi 22 4044000000000000 402e000000000000 4044000000000000 4077700000000000 407ef00000000000 4024000000000000
poi 23 4043000000000000 4014000000000000 403e000000000000 4069200000000000 4074100000000000 4024000000000000
poi 24 4043000000000000 402e000000000000 4024000000000000 4085480000000000 4089080000000000 4024000000000000
poi 25 4041800000000000 4014000000000000 4034000000000000 4088800000000000 408c400000000000 4024000000000000
poi 26 4057c00000000000 403e000000000000 403e000000000000 4080880000000000 4084480000000000 4024000000000000
poi 27 4057c00000000000 4041800000000000 4034000000000000 4062400000000000 4070a00000000000 4024000000000000
poi 28 4057000000000000 403e000000000000 4024000000000000 4062a00000000000 4070d00000000000 4024000000000000
poi 29 4056800000000000 4041800000000000 4024000000000000 4068400000000000 4073a00000000000 4024000000000000
poi 30 4056000000000000 403e000000000000 4024000000000000 406ec00000000000 4076e00000000000 4024000000000000
poi 31 4056000000000000 4041800000000000 4034000000000000 4064a00000000000 4071d00000000000 4024000000000000
poi 32 4055c00000000000 403e000000000000 4024000000000000 4083680000000000 4087280000000000 4024000000000000
poi 33 4055400000000000 4039000000000000 4024000000000000 4054000000000000 4069000000000000 4024000000000000
poi 34 4055400000000000 4041800000000000 403e000000000000 407e700000000000 4082f80000000000 4024000000000000
poi 35 4050c00000000000 4055400000000000 4034000000000000 4084880000000000 4088480000000000 4024000000000000
poi 36 4050400000000000 4055400000000000 4044000000000000 4045800000000000 4064600000000000 4024000000000000
poi 37 4050400000000000 4054800000000000 4024000000000000 4081680000000000 4085280000000000 4024000000000000
poi 38 404f000000000000 4054000000000000 403e000000000000 4071600000000000 4078e00000000000 4024000000000000
poi 39 404e000000000000 4054000000000000 4024000000000000 4050000000000000 4067000000000000 4024000000000000
poi 40 404e000000000000 4055400000000000 403e000000000000 4074900000000000 407c100000000000 4024000000000000
poi 41 404d000000000000 4052c00000000000 4034000000000000 4077800000000000 407f000000000000 4024000000000000
poi 42 404b800000000000 4054000000000000 4024000000000000 4040800000000000 4063200000000000 4024000000000000
poi 43 404b800000000000 4055400000000000 4034000000000000 4081f00000000000 4085b00000000000 4024000000000000
poi 44 404b800000000000 4054800000000000 4024000000000000 406b200000000000 4075100000000000 4024000000000000
poi 45 4034000000000000 4054800000000000 4024000000000000 4042800000000000 4063a00000000000 4024000000000000
poi 46 4032000000000000 4054000000000000 4024000000000000 407e900000000000 4083080000000000 4024000000000000
poi 47 4000000000000000 4046800000000000 4024000000000000 405a400000000000 406c200000000000 4024000000000000
poi 48 4045000000000000 4014000000000000 4024000000000000 4086e00000000000 408aa00000000000 4024000000000000
poi 49 4045000000000000 4028000000000000 4024000000000000 407b800000000000 4081800000000000 4024000000000000
poi 50 4052000000000000 4041800000000000 403e000000000000 407fb00000000000 4083980000000000 4024000000000000
poi 51 404b800000000000 4034000000000000 4033000000000000 4074600000000000 407be00000000000 4024000000000000
poi 52 4039000000000000 403e000000000000 4008000000000000 4065e00000000000 4072700000000000 4024000000000000
poi 53 4034000000000000 4049000000000000 4014000000000000 4077700000000000 407ef00000000000 4024000000000000
poi 54 404b800000000000 404e000000000000 4030000000000000 4082c80000000000 4086880000000000 4024000000000000
poi 55 403e000000000000 404e000000000000 4030000000000000 4082b80000000000 4086780000000000 4024000000000000
poi 56 4049000000000000 4041800000000000 4033000000000000 4081680000000000 4085280000000000 4024000000000000
poi 57 403e000000000000 4039000000000000 4037000000000000 4078d00000000000 4080280000000000 4024000000000000
poi 58 402e000000000000 4024000000000000 4034000000000000 4088700000000000 408c300000000000 4024000000000000
poi 59 4024000000000000 4034000000000000 4033000000000000 4045000000000000 4064400000000000 4024000000000000
poi 60 402e000000000000 404e000000000000 4031000000000000 4085b00000000000 4089700000000000 4024000000000000
poi 61 4046800000000000 4050400000000000 4022000000000000 4070200000000000 4077a00000000000 4024000000000000
poi 62 4050400000000000 4041800000000000 4008000000000000 4064e00000000000 4071f00000000000 4024000000000000
poi 63 4050400000000000 4034000000000000 4018000000000000 4043800000000000 4063e00000000000 4024000000000000
poi 64 4046800000000000 403e000000000000 4031000000000000 4067e00000000000 4073700000000000 4024000000000000
poi 65 4041800000000000 4044000000000000 4030000000000000 4026000000000000 4060600000000000 4024000000000000
poi 66 4044800000000000 4042800000000000 4030000000000000 4081b00000000000 4085700000000000 4024000000000000
poi 67 4050000000000000 4045000000000000 4022000000000000 4070c00000000000 4078400000000000 4024000000000000
poi 68 4044000000000000 404e000000000000 4035000000000000 4083200000000000 4086e00000000000 4024000000000000
poi 69 403f000000000000 404a000000000000 403b000000000000 4063a00000000000 4071500000000000 4024000000000000
poi 70 4041800000000000 4051400000000000 4037000000000000 4089500000000000 408d100000000000 4024000000000000
poi 71 4050400000000000 404b800000000000 402c000000000000 406e200000000000 4076900000000000 4024000000000000
poi 72 404f800000000000 4050400000000000 4020000000000000 404e000000000000 4066800000000000 4024000000000000
poi 73 4000000000000000 404e000000000000 4014000000000000 4071e00000000000 4079600000000000 4024000000000000
poi 74 4034000000000000 4034000000000000 4020000000000000 4084280000000000 4087e80000000000 4024000000000000
poi 75 4014000000000000 4014000000000000 4030000000000000 406d000000000000 4076000000000000 4024000000000000
poi 76 404e000000000000 4028000000000000 403f000000000000 4070c00000000000 4078400000000000 4024000000000000
poi 77 4037000000000000 4008000000000000 401c000000000000 4087e00000000000 408ba00000000000 4024000000000000
poi 78 4020000000000000 404c000000000000 403b000000000000 4076d00000000000 407e500000000000 4024000000000000
poi 79 4018000000000000 4051000000000000 403e000000000000 4076000000000000 407d800000000000 4024000000000000
poi 80 4047800000000000 4047800000000000 402a000000000000 4089b00000000000 408d700000000000 4024000000000000
poi 81 4048800000000000 404d000000000000 4024000000000000 4076300000000000 407db00000000000 4024000000000000
poi 82 403b000000000000 4045800000000000 4022000000000000 4063000000000000 4071000000000000 4024000000000000
poi 83 4042800000000000 403f000000000000 402c000000000000 405a400000000000 406c200000000000 4024000000000000
poi 84 404c800000000000 403d000000000000 4032000000000000 4078b00000000000 4080180000000000 4024000000000000
poi 85 404f800000000000 4037000000000000 4000000000000000 4075800000000000 407d000000000000 4024000000000000
poi 86 4035000000000000 4038000000000000 403c000000000000 4075d00000000000 407d500000000000 4024000000000000
poi 87 4028000000000000 4038000000000000 402a000000000000 4076700000000000 407df00000000000 4024000000000000
poi 88 4038000000000000 404d000000000000 4033000000000000 4070400000000000 4077c00000000000 4024000000000000
poi 89 4050c00000000000 4014000000000000 4039000000000000 4086480000000000 408a080000000000 4024000000000000
poi 90 4042800000000000 4047800000000000 4018000000000000 4076700000000000 407df00000000000 4024000000000000
poi 91 4048800000000000 4045000000000000 402a000000000000 4086780000000000 408a380000000000 4024000000000000
poi 92 404a800000000000 4045800000000000 402c000000000000 402c000000000000 4060c00000000000 4024000000000000
poi 93 404e800000000000 404a000000000000 4008000000000000 4089400000000000 408d000000000000 4024000000000000
poi 94 404c800000000000 4048000000000000 4037000000000000 4078800000000000 4080000000000000 4024000000000000
poi 95 404c000000000000 4042800000000000 4018000000000000 4059000000000000 406b800000000000 4024000000000000
poi 96 404b800000000000 404b000000000000 403a000000000000 4081900000000000 4085500000000000 4024000000000000
poi 97 4010000000000000 4032000000000000 4041800000000000 4081180000000000 4084d80000000000 4024000000000000
poi 98 403a000000000000 404a000000000000 4022000000000000 4065800000000000 4072400000000000 4024000000000000
poi 99 403a000000000000 4041800000000000 402e000000000000 4073400000000000 407ac00000000000 4024000000000000
poi 100 403f000000000000 4050c00000000000 4008000000000000 4089500000000000 408d100000000000 4024000000000000
# inst rc202
name rc202
n 101
tmax 408e000000000000
poi 0 4044000000000000 4049000000000000 0000000000000000 0000000000000000 408e000000000000 0000000000000000
poi 1 4039000000000000 4055400000000000 4034000000000000 0000000000000000 408c780000000000 4024000000000000
poi 2 4036000000000000 4052c00000000000 403e000000000000 0000000000000000 408cb80000000000 4024000000000000
poi 3 4036000000000000 4055400000000000 4024000000000000 0000000000000000 408c700000000000 4024000000000000
poi 4 4034000000000000 4054000000000000 4044000000000000 4084200000000000 4087e00000000000 4024000000000000
poi 5 4034000000000000 4055400000000000 4034000000000000 0000000000000000 408c680000000000 4024000000000000
poi 6 4032000000000000 4052c00000000000 4034000000000000 4078400000000000 407fc00000000000 4024000000000000
poi 7 402e000000000000 4052c00000000000 4034000000000000 0000000000000000 408c900000000000 4024000000000000
poi 8 402e000000000000 4054000000000000 4024000000000000 4076f00000000000 407e700000000000 4024000000000000
poi 9 4024000000000000 4041800000000000 4034000000000000 4077300000000000 407eb00000000000 4024000000000000
poi 10 4024000000000000 4044000000000000 403e000000000000 4080380000000000 4083f80000000000 4024000000000000
poi 11 4020000000000000 4044000000000000 4044000000000000 4068600000000000 4073b00000000000 4024000000000000
poi 12 4020000000000000 4046800000000000 4034000000000000 0000000000000000 408ca80000000000 4024000000000000
poi 13 4014000000000000 4041800000000000 4024000000000000 4084680000000000 4088280000000000 4024000000000000
poi 14 4014000000000000 4046800000000000 4024000000000000 4041800000000000 4063600000000000 4024000000000000
poi 15 4000000000000000 4044000000000000 4034000000000000 4065c00000000000 4072600000000000 4024000000000000
poi 16 0000000000000000 4044000000000000 4034000000000000 406fe00000000000 4077700000000000 4024000000000000
poi 17 0000000000000000 4046800000000000 4034000000000000 4085f80000000000 4089b80000000000 4024000000000000
poi 18 4046000000000000 4014000000000000 4034000000000000 4074f00000000000 407c700000000000 4024000000000000
poi 19 4045000000000000 4024000000000000 4044000000000000 406fc00000000000 4077600000000000 4024000000000000
poi 20 4045000000000000 402e000000000000 4024000000000000 4080c80000000000 4084880000000000 4024000000000000
poi 21 4044000000000000 4014000000000000 4024000000000000 0000000000000000 408c480000000000 4024000000000000
poi 22 4044000000000000 402e000000000000 4044000000000000 4077700000000000 407ef00000000000 4024000000000000
poi 23 4043000000000000 4014000000000000 403e000000000000 4069200000000000 4074100000000000 4024000000000000
poi 24 4043000000000000 402e000000000000 4024000000000000 4085480000000000 4089080000000000 4024000000000000
poi 25 4041800000000000 4014000000000000 4034000000000000 4088800000000000 408c400000000000 4024000000000000
poi 26 4057c00000000000 403e000000000000 403e000000000000 0000000000000000 408bd80000000000 4024000000000000
poi 27 4057c00000000000 4041800000000000 4034000000000000 4062400000000000 4070a00000000000 4024000000000000
poi 28 4057000000000000 403e000000000000 4024000000000000 4062a00000000000 4070d00000000000 4024000000000000
poi 29 4056800000000000 4041800000000000 4024000000000000 4068400000000000 4073a00000000000 4024000000000000
poi 30 4056000000000000 403e000000000000 4024000000000000 406ec00000000000 4076e00000000000 4024000000000000
poi 31 4056000000000000 4041800000000000 4034000000000000 0000000000000000 408c180000000000 4024000000000000
poi 32 4055c00000000000 403e000000000000 4024000000000000 4083680000000000 4087280000000000 4024000000000000
poi 33 4055400000000000 4039000000000000 4024000000000000 4054000000000000 4069000000000000 4024000000000000
poi 34 4055400000000000 4041800000000000 403e000000000000 0000000000000000 408c300000000000 4024000000000000
poi 35 4050c00000000000 4055400000000000 4034000000000000 4084880000000000 4088480000000000 4024000000000000
poi 36 4050400000000000 4055400000000000 4044000000000000 4045800000000000 4064600000000000 4024000000000000
poi 37 4050400000000000 4054800000000000 4024000000000000 0000000000000000 408c680000000000 4024000000000000
poi 38 404f000000000000 4054000000000000 403e000000000000 4071600000000000 4078e00000000000 4024000000000000
poi 39 404e000000000000 4054000000000000 4024000000000000 4050000000000000 4067000000000000 4024000000000000
poi 40 404e000000000000 4055400000000000 403e000000000000 4074900000000000 407c100000000000 4024000000000000
poi 41 404d000000000000 4052c00000000000 4034000000000000 4077800000000000 407f000000000000 4024000000000000
poi 42 404b800000000000 4054000000000000 4024000000000000 4040800000000000 4063200000000000 4024000000000000
poi 43 404b800000000000 4055400000000000 4034000000000000 4081f00000000000 4085b00000000000 4024000000000000
poi 44 404b800000000000 4054800000000000 4024000000000000 406b200000000000 4075100000000000 4024000000000000
poi 45 4034000000000000 4054800000000000 4024000000000000 4042800000000000 4063a00000000000 4024000000000000
poi 46 4032000000000000 4054000000000000 4024000000000000 407e900000000000 4083080000000000 4024000000000000
poi 47 4000000000000000 4046800000000000 4024000000000000 405a400000000000 406c200000000000 4024000000000000
poi 48 4045000000000000 4014000000000000 4024000000000000 0000000000000000 408c400000000000 4024000000000000
poi 49 4045000000000000 4028000000000000 4024000000000000 407b800000000000 4081800000000000 4024000000000000
poi 50 4052000000000000 4041800000000000 403e000000000000 0000000000000000 408c900000000000 4024000000000000
poi 51 404b800000000000 4034000000000000 4033000000000000 4074600000000000 407be00000000000 4024000000000000
poi 52 4039000000000000 403e000000000000 4008000000000000 0000000000000000 408ce80000000000 4024000000000000
poi 53 4034000000000000 4049000000000000 4014000000000000 4077700000000000 407ef00000000000 4024000000000000
poi 54 404b800000000000 404e000000000000 4030000000000000 4082c80000000000 4086880000000000 4024000000000000
poi 55 403e000000000000 404e000000000000 4030000000000000 4082b80000000000 4086780000000000 4024000000000000
poi 56 4049000000000000 4041800000000000 4033000000000000 4081680000000000 4085280000000000 4024000000000000
poi 57 403e000000000000 4039000000000000 4037000000000000 4078d00000000000 4080280000000000 4024000000000000
poi 58 402e000000000000 4024000000000000 4034000000000000 4088700000000000 408c300000000000 4024000000000000
poi 59 4024000000000000 4034000000000000 4033000000000000 0000000000000000 408c580000000000 4024000000000000
poi 60 402e000000000000 404e000000000000 4031000000000000 4085b00000000000 4089700000000000 4024000000000000
poi 61 4046800000000000 4050400000000000 4022000000000000 4070200000000000 4077a00000000000 4024000000000000
poi 62 4050400000000000 4041800000000000 4008000000000000 4064e00000000000 4071f00000000000 4024000000000000
poi 63 4050400000000000 4034000000000000 4018000000000000 4043800000000000 4063e00000000000 4024000000000000
poi 64 4046800000000000 403e000000000000 4031000000000000 4067e00000000000 4073700000000000 4024000000000000
poi 65 4041800000000000 4044000000000000 4030000000000000 4026000000000000 4060600000000000 4024000000000000
poi 66 4044800000000000 4042800000000000 4030000000000000 4081b00000000000 4085700000000000 4024000000000000
poi 67 4050000000000000 4045000000000000 4022000000000000 4070c00000000000 4078400000000000 4024000000000000
poi 68 4044000000000000 404e000000000000 4035000000000000 4083200000000000 4086e00000000000 4024000000000000
poi 69 403f000000000000 404a000000000000 403b000000000000 4063a00000000000 4071500000000000 4024000000000000
poi 70 4041800000000000 4051400000000000 4037000000000000 4089500000000000 408d100000000000 4024000000000000
poi 71 4050400000000000 404b800000000000 402c000000000000 406e200000000000 4076900000000000 4024000000000000
poi 72 404f800000000000 4050400000000000 4020000000000000 0000000000000000 408cd00000000000 4024000000000000
poi 73 4000000000000000 404e000000000000 4014000000000000 4071e00000000000 4079600000000000 4024000000000000
poi 74 4034000000000000 4034000000000000 4020000000000000 4084280000000000 4087e80000000000 4024000000000000
poi 75 4014000000000000 4014000000000000 4030000000000000 0000000000000000 408be00000000000 4024000000000000
poi 76 404e000000000000 4028000000000000 403f000000000000 4070c00000000000 4078400000000000 4024000000000000
poi 77 4037000000000000 4008000000000000 401c000000000000 4087e00000000000 408ba00000000000 4024000000000000
poi 78 4020000000000000 404c000000000000 403b000000000000 4076d00000000000 407e500000000000 4024000000000000
poi 79 4018000000000000 4051000000000000 403e000000000000 4076000000000000 407d800000000000 4024000000000000
poi 80 4047800000000000 4047800000000000 402a000000000000 4089b00000000000 408d700000000000 4024000000000000
poi 81 4048800000000000 404d000000000000 4024000000000000 4076300000000000 407db00000000000 4024000000000000
poi 82 403b000000000000 4045800000000000 4022000000000000 0000000000000000 408d380000000000 4024000000000000
poi 83 4042800000000000 403f000000000000 402c000000000000 0000000000000000 408d100000000000 4024000000000000
poi 84 404c800000000000 403d000000000000 4032000000000000 4078b00000000000 4080180000000000 4024000000000000
poi 85 404f800000000000 4037000000000000 4000000000000000 0000000000000000 408c900000000000 4024000000000000
poi 86 4035000000000000 4038000000000000 403c000000000000 4075d00000000000 407d500000000000 4024000000000000
poi 87 4028000000000000 4038000000000000 402a000000000000 4076700000000000 407df00000000000 4024000000000000
poi 88 4038000000000000 404d000000000000 4033000000000000 4070400000000000 4077c00000000000 4024000000000000
poi 89 4050c00000000000 4014000000000000 4039000000000000 4086480000000000 408a080000000000 4024000000000000
poi 90 4042800000000000 4047800000000000 4018000000000000 4076700000000000 407df00000000000 4024000000000000
poi 91 4048800000000000 4045000000000000 402a000000000000 0000000000000000 408d480000000000 4024000000000000
poi 92 404a800000000000 4045800000000000 402c000000000000 402c000000000000 4060c00000000000 4024000000000000
poi 93 404e800000000000 404a000000000000 4008000000000000 4089400000000000 408d000000000000 4024000000000000
poi 94 404c800000000000 4048000000000000 4037000000000000 0000000000000000 408d200000000000 4024000000000000
poi 95 404c000000000000 4042800000000000 4018000000000000 0000000000000000 408d080000000000 4024000000000000
poi 96 404b800000000000 404b000000000000 403a000000000000 0000000000000000 408d300000000000 4024000000000000
poi 97 4010000000000000 4032000000000000 4041800000000000 4081180000000000 4084d80000000000 4024000000000000
poi 98 403a000000000000 404a000000000000 4022000000000000 0000000000000000 408d380000000000 4024000000000000
poi 99 403a000000000000 4041800000000000 402e000000000000 4073400000000000 407ac00000000000 4024000000000000
poi 100 403f000000000000 4050c00000000000 4008000000000000 4089500000000000 408d100000000000 4024000000000000
# inst rc203
name rc203
n 101
tmax 408e000000000000
poi 0 4044000000000000 4049000000000000 0000000000000000 0000000000000000 408e000000000000 0000000000000000
poi 1 4039000000000000 4055400000000000 4034000000000000 0000000000000000 408c780000000000 4024000000000000
poi 2 4036000000000000 4052c00000000000 403e000000000000 0000000000000000 408cb80000000000 4024000000000000
poi 3 4036000000000000 4055400000000000 4024000000000000 0000000000000000 408c700000000000 4024000000000000
poi 4 4034000000000000 4054000000000000 4044000000000000 4084200000000000 4087e00000000000 4024000000000000
poi 5 4034000000000000 4055400000000000 4034000000000000 0000000000000000 408c680000000000 4024000000000000
poi 6 4032000000000000 4052c00000000000 4034000000000000 4078400000000000 407fc00000000000 4024000000000000
poi 7 402e000000000000 4052c00000000000 4034000000000000 0000000000000000 408c900000000000 4024000000000000
poi 8 402e000000000000 4054000000000000 4024000000000000 4076f00000000000 407e700000000000 4024000000000000
poi 9 4024000000000000 4041800000000000 4034000000000000 4077300000000000 407eb00000000000 4024000000000000
poi 10 4024000000000000 4044000000000000 403e000000000000 4080380000000000 4083f80000000000 4024000000000000
poi 11 4020000000000000 4044000000000000 4044000000000000 4068600000000000 4073b00000000000 4024000000000000
poi 12 4020000000000000 4046800000000000 4034000000000000 0000000000000000 408ca80000000000 4024000000000000
poi 13 4014000000000000 4041800000000000 4024000000000000 4084680000000000 4088280000000000 4024000000000000
poi 14 4014000000000000 4046800000000000 4024000000000000 0000000000000000 408c900000000000 4024000000000000
poi 15 4000000000000000 4044000000000000 4034000000000000 4065c00000000000 4072600000000000 4024000000000000
poi 16 0000000000000000 4044000000000000 4034000000000000 0000000000000000 408c600000000000 4024000000000000
poi 17 0000000000000000 4046800000000000 4034000000000000 4085f80000000000 4089b80000000000 4024000000000000
poi 18 4046000000000000 4014000000000000 4034000000000000 0000000000000000 408c400000000000 4024000000000000
poi 19 4045000000000000 4024000000000000 4044000000000000 0000000000000000 408c680000000000 4024000000000000
poi 20 4045000000000000 402e000000000000 4024000000000000 0000000000000000 408c900000000000 4024000000000000
poi 21 4044000000000000 4014000000000000 4024000000000000 0000000000000000 408c480000000000 4024000000000000
poi 22 4044000000000000 402e000000000000 4044000000000000 4077700000000000 407ef00000000000 4024000000000000
poi 23 4043000000000000 4014000000000000 403e000000000000 4069200000000000 4074100000000000 4024000000000000
poi 24 4043000000000000 402e000000000000 4024000000000000 0000000000000000 408c900000000000 4024000000000000
poi 25 4041800000000000 4014000000000000 4034000000000000 4088800000000000 408c400000000000 4024000000000000
poi 26 4057c00000000000 403e000000000000 403e000000000000 0000000000000000 408bd80000000000 4024000000000000
poi 27 4057c00000000000 4041800000000000 4034000000000000 4062400000000000 4070a00000000000 4024000000000000
poi 28 4057000000000000 403e000000000000 4024000000000000 0000000000000000 408bf00000000000 4024000000000000
poi 29 4056800000000000 4041800000000000 4024000000000000 0000000000000000 408c080000000000 4024000000000000
poi 30 4056000000000000 403e000000000000 4024000000000000 406ec00000000000 4076e00000000000 4024000000000000
poi 31 4056000000000000 4041800000000000 4034000000000000 0000000000000000 408c180000000000 4024000000000000
poi 32 4055c00000000000 403e000000000000 4024000000000000 0000000000000000 408c100000000000 4024000000000000
poi 33 4055400000000000 4039000000000000 4024000000000000 4054000000000000 4069000000000000 4024000000000000
poi 34 4055400000000000 4041800000000000 403e000000000000 0000000000000000 408c300000000000 4024000000000000
poi 35 4050c00000000000 4055400000000000 4034000000000000 4084880000000000 4088480000000000 4024000000000000
poi 36 4050400000000000 4055400000000000 4044000000000000 4045800000000000 4064600000000000 4024000000000000
poi 37 4050400000000000 4054800000000000 4024000000000000 0000000000000000 408c680000000000 4024000000000000
poi 38 404f000000000000 4054000000000000 403e000000000000 4071600000000000 4078e00000000000 4024000000000000
poi 39 404e000000000000 4054000000000000 4024000000000000 4050000000000000 4067000000000000 4024000000000000
poi 40 404e000000000000 4055400000000000 403e000000000000 4074900000000000 407c100000000000 4024000000000000
poi 41 404d000000000000 4052c00000000000 4034000000000000 4077800000000000 407f000000000000 4024000000000000
poi 42 404b800000000000 4054000000000000 4024000000000000 4040800000000000 4063200000000000 4024000000000000
poi 43 404b800000000000 4055400000000000 4034000000000000 0000000000000000 408c780000000000 4024000000000000
poi 44 404b800000000000 4054800000000000 4024000000000000 406b200000000000 4075100000000000 4024000000000000
poi 45 4034000000000000 4054800000000000 4024000000000000 4042800000000000 4063a00000000000 4024000000000000
poi 46 4032000000000000 4054000000000000 4024000000000000 0000000000000000 408c800000000000 4024000000000000
poi 47 4000000000000000 4046800000000000 4024000000000000 0000000000000000 408c780000000000 4024000000000000
poi 48 4045000000000000 4014000000000000 4024000000000000 0000000000000000 408c400000000000 4024000000000000
poi 49 4045000000000000 4028000000000000 4024000000000000 407b800000000000 4081800000000000 4024000000000000
poi 50 4052000000000000 4041800000000000 403e000000000000 0000000000000000 408c900000000000 4024000000000000
poi 51 404b800000000000 4034000000000000 4033000000000000 0000000000000000 408ca00000000000 4024000000000000
poi 52 4039000000000000 403e000000000000 4008000000000000 0000000000000000 408ce80000000000 4024000000000000
poi 53 4034000000000000 4049000000000000 4014000000000000 4077700000000000 407ef00000000000 4024000000000000
poi 54 404b800000000000 404e000000000000 4030000000000000 0000000000000000 408d180000000000 4024000000000000
poi 55 403e000000000000 404e000000000000 4030000000000000 4082b80000000000 4086780000000000 4024000000000000
poi 56 4049000000000000 4041800000000000 4033000000000000 4081680000000000 4085280000000000 4024000000000000
poi 57 403e000000000000 4039000000000000 4037000000000000 0000000000000000 408cd80000000000 4024000000000000
poi 58 402e000000000000 4024000000000000 4034000000000000 4088700000000000 408c300000000000 4024000000000000
poi 59 4024000000000000 4034000000000000 4033000000000000 0000000000000000 408c580000000000 4024000000000000
poi 60 402e000000000000 404e000000000000 4031000000000000 0000000000000000 408cd80000000000 4024000000000000
poi 61 4046800000000000 4050400000000000 4022000000000000 0000000000000000 408d300000000000 4024000000000000
poi 62 4050400000000000 4041800000000000 4008000000000000 4064e00000000000 4071f00000000000 4024000000000000
poi 63 4050400000000000 4034000000000000 4018000000000000 0000000000000000 408c700000000000 4024000000000000
poi 64 4046800000000000 403e000000000000 4031000000000000 4067e00000000000 4073700000000000 4024000000000000
poi 65 4041800000000000 4044000000000000 4030000000000000 4026000000000000 4060600000000000 4024000000000000
poi 66 4044800000000000 4042800000000000 4030000000000000 4081b00000000000 4085700000000000 4024000000000000
poi 67 4050000000000000 4045000000000000 4022000000000000 4070c00000000000 4078400000000000 4024000000000000
poi 68 4044000000000000 404e000000000000 4035000000000000 4083200000000000 4086e00000000000 4024000000000000
poi 69 403f000000000000 404a000000000000 403b000000000000 4063a00000000000 4071500000000000 4024000000000000
poi 70 4041800000000000 4051400000000000 4037000000000000 4089500000000000 408d100000000000 4024000000000000
poi 71 4050400000000000 404b800000000000 402c000000000000 0000000000000000 408ce00000000000 4024000000000000
poi 72 404f800000000000 4050400000000000 4020000000000000 0000000000000000 408cd00000000000 4024000000000000
poi 73 4000000000000000 404e000000000000 4014000000000000 0000000000000000 408c700000000000 4024000000000000
poi 74 4034000000000000 4034000000000000 4020000000000000 4084280000000000 4087e80000000000 4024000000000000
poi 75 4014000000000000 4014000000000000 4030000000000000 0000000000000000 408be00000000000 4024000000000000
poi 76 404e000000000000 4028000000000000 403f000000000000 4070c00000000000 4078400000000000 4024000000000000
poi 77 4037000000000000 4008000000000000 401c000000000000 4087e00000000000 408ba00000000000 4024000000000000
poi 78 4020000000000000 404c000000000000 403b000000000000 4076d00000000000 407e500000000000 4024000000000000
poi 79 4018000000000000 4051000000000000 403e000000000000 4076000000000000 407d800000000000 4024000000000000
poi 80 4047800000000000 4047800000000000 402a000000000000 4089b00000000000 408d700000000000 4024000000000000
poi 81 4048800000000000 404d000000000000 4024000000000000 0000000000000000 408d480000000000 4024000000000000
poi 82 403b000000000000 4045800000000000 4022000000000000 0000000000000000 408d380000000000 4024000000000000
poi 83 4042800000000000 403f000000000000 402c000000000000 0000000000000000 408d100000000000 4024000000000000
poi 84 404c800000000000 403d000000000000 4032000000000000 4078b00000000000 4080180000000000 4024000000000000
poi 85 404f800000000000 4037000000000000 4000000000000000 0000000000000000 408c900000000000 4024000000000000
poi 86 4035000000000000 4038000000000000 403c000000000000 0000000000000000 408ca80000000000 4024000000000000
poi 87 4028000000000000 4038000000000000 402a000000000000 4076700000000000 407df00000000000 4024000000000000
poi 88 4038000000000000 404d000000000000 4033000000000000 4070400000000000 4077c00000000000 4024000000000000
poi 89 4050c00000000000 4014000000000000 4039000000000000 0000000000000000 408c080000000000 4024000000000000
poi 90 4042800000000000 4047800000000000 4018000000000000 0000000000000000 408d880000000000 4024000000000000
poi 91 4048800000000000 4045000000000000 402a000000000000 0000000000000000 408d480000000000 4024000000000000
poi 92 404a800000000000 4045800000000000 402c000000000000 402c000000000000 4060c00000000000 4024000000000000
poi 93 404e800000000000 404a000000000000 4008000000000000 4089400000000000 408d000000000000 4024000000000000
poi 94 404c800000000000 4048000000000000 4037000000000000 0000000000000000 408d200000000000 4024000000000000
poi 95 404c000000000000 4042800000000000 4018000000000000 0000000000000000 408d080000000000 4024000000000000
poi 96 404b800000000000 404b000000000000 403a000000000000 0000000000000000 408d300000000000 4024000000000000
poi 97 4010000000000000 4032000000000000 4041800000000000 0000000000000000 408c280000000000 4024000000000000
poi 98 403a000000000000 404a000000000000 4022000000000000 0000000000000000 408d380000000000 4024000000000000
poi 99 403a000000000000 4041800000000000 402e000000000000 4073400000000000 407ac00000000000 4024000000000000
poi 100 403f000000000000 4050c00000000000 4008000000000000 4089500000000000 408d100000000000 4024000000000000
# inst rc204
name rc204
n 101
tmax 408e000000000000
poi 0 4044000000000000 4049000000000000 0000000000000000 0000000000000000 408e000000000000 0000000000000000
poi 1 4039000000000000 4055400000000000 4034000000000000 0000000000000000 408c780000000000 4024000000000000
poi 2 4036000000000000 4052c00000000000 403e000000000000 0000000000000000 408cb80000000000 4024000000000000
poi 3 4036000000000000 4055400000000000 4024000000000000 0000000000000000 408c700000000000 4024000000000000
poi 4 4034000000000000 4054000000000000 4044000000000000 4084200000000000 4087e00000000000 4024000000000000
poi 5 4034000000000000 4055400000000000 4034000000000000 0000000000000000 408c680000000000 4024000000000000
poi 6 4032000000000000 4052c00000000000 4034000000000000 0000000000000000 408ca00000000000 4024000000000000
poi 7 402e000000000000 4052c00000000000 4034000000000000 0000000000000000 408c900000000000 4024000000000000
poi 8 402e000000000000 4054000000000000 4024000000000000 4076f00000000000 407e700000000000 4024000000000000
poi 9 4024000000000000 4041800000000000 4034000000000000 4077300000000000 407eb00000000000 4024000000000000
poi 10 4024000000000000 4044000000000000 403e000000000000 0000000000000000 408cb00000000000 4024000000000000
poi 11 4020000000000000 4044000000000000 4044000000000000 4068600000000000 4073b00000000000 4024000000000000
poi 12 4020000000000000 4046800000000000 4034000000000000 0000000000000000 408ca80000000000 4024000000000000
poi 13 4014000000000000 4041800000000000 4024000000000000 4084680000000000 4088280000000000 4024000000000000
poi 14 4014000000000000 4046800000000000 4024000000000000 0000000000000000 408c900000000000 4024000000000000
poi 15 4000000000000000 4044000000000000 4034000000000000 4065c00000000000 4072600000000000 4024000000000000
poi 16 0000000000000000 4044000000000000 4034000000000000 0000000000000000 408c600000000000 4024000000000000
poi 17 0000000000000000 4046800000000000 4034000000000000 0000000000000000 408c680000000000 4024000000000000
poi 18 4046000000000000 4014000000000000 4034000000000000 0000000000000000 408c400000000000 4024000000000000
poi 19 4045000000000000 4024000000000000 4044000000000000 0000000000000000 408c680000000000 4024000000000000
poi 20 4045000000000000 402e000000000000 4024000000000000 0000000000000000 408c900000000000 4024000000000000
poi 21 4044000000000000 4014000000000000 4024000000000000 0000000000000000 408c480000000000 4024000000000000
poi 22 4044000000000000 402e000000000000 4044000000000000 0000000000000000 408c980000000000 4024000000000000
poi 23 4043000000000000 4014000000000000 403e000000000000 4069200000000000 4074100000000000 4024000000000000
poi 24 4043000000000000 402e000000000000 4024000000000000 0000000000000000 408c900000000000 4024000000000000
poi 25 4041800000000000 4014000000000000 4034000000000000 4088800000000000 408c400000000000 4024000000000000
poi 26 4057c00000000000 403e000000000000 403e000000000000 0000000000000000 408bd80000000000 4024000000000000
poi 27 4057c00000000000 4041800000000000 4034000000000000 0000000000000000 408be00000000000 4024000000000000
poi 28 4057000000000000 403e000000000000 4024000000000000 0000000000000000 408bf00000000000 4024000000000000
poi 29 4056800000000000 4041800000000000 4024000000000000 0000000000000000 408c080000000000 4024000000000000
poi 30 4056000000000000 403e000000000000 4024000000000000 0000000000000000 408c100000000000 4024000000000000
poi 31 4056000000000000 4041800000000000 4034000000000000 0000000000000000 408c180000000000 4024000000000000
poi 32 4055c00000000000 403e000000000000 4024000000000000 0000000000000000 408c100000000000 4024000000000000
poi 33 4055400000000000 4039000000000000 4024000000000000 0000000000000000 408c100000000000 4024000000000000
poi 34 4055400000000000 4041800000000000 403e000000000000 0000000000000000 408c300000000000 4024000000000000
poi 35 4050c00000000000 4055400000000000 4034000000000000 0000000000000000 408c480000000000 4024000000000000
poi 36 4050400000000000 4055400000000000 4044000000000000 0000000000000000 408c500000000000 4024000000000000
poi 37 4050400000000000 4054800000000000 4024000000000000 0000000000000000 408c680000000000 4024000000000000
poi 38 404f000000000000 4054000000000000 403e000000000000 4071600000000000 4078e00000000000 4024000000000000
poi 39 404e000000000000 4054000000000000 4024000000000000 0000000000000000 408c880000000000 4024000000000000
poi 40 404e000000000000 4055400000000000 403e000000000000 0000000000000000 408c680000000000 4024000000000000
poi 41 404d000000000000 4052c00000000000 4034000000000000 0000000000000000 408cb80000000000 4024000000000000
poi 42 404b800000000000 4054000000000000 4024000000000000 0000000000000000 408ca00000000000 4024000000000000
poi 43 404b800000000000 4055400000000000 4034000000000000 0000000000000000 408c780000000000 4024000000000000
poi 44 404b800000000000 4054800000000000 4024000000000000 406b200000000000 4075100000000000 4024000000000000
poi 45 4034000000000000 4054800000000000 4024000000000000 0000000000000000 408c800000000000 4024000000000000
poi 46 4032000000000000 4054000000000000 4024000000000000 0000000000000000 408c800000000000 4024000000000000
poi 47 4000000000000000 4046800000000000 4024000000000000 0000000000000000 408c780000000000 4024000000000000
poi 48 4045000000000000 4014000000000000 4024000000000000 0000000000000000 408c400000000000 4024000000000000
poi 49 4045000000000000 4028000000000000 4024000000000000 0000000000000000 408c780000000000 4024000000000000
poi 50 4052000000000000 4041800000000000 403e000000000000 0000000000000000 408c900000000000 4024000000000000
poi 51 404b800000000000 4034000000000000 4033000000000000 0000000000000000 408ca00000000000 4024000000000000
poi 52 4039000000000000 403e000000000000 4008000000000000 0000000000000000 408ce80000000000 4024000000000000
poi 53 4034000000000000 4049000000000000 4014000000000000 4077700000000000 407ef00000000000 4024000000000000
poi 54 404b800000000000 404e000000000000 4030000000000000 0000000000000000 408d180000000000 4024000000000000
poi 55 403e000000000000 404e000000000000 4030000000000000 4082b80000000000 4086780000000000 4024000000000000
poi 56 4049000000000000 4041800000000000 4033000000000000 0000000000000000 408d180000000000 4024000000000000
poi 57 403e000000000000 4039000000000000 4037000000000000 0000000000000000 408cd80000000000 4024000000000000
poi 58 402e000000000000 4024000000000000 4034000000000000 4088700000000000 408c300000000000 4024000000000000
poi 59 4024000000000000 4034000000000000 4033000000000000 0000000000000000 408c580000000000 4024000000000000
poi 60 402e000000000000 404e000000000000 4031000000000000 0000000000000000 408cd80000000000 4024000000000000
poi 61 4046800000000000 4050400000000000 4022000000000000 0000000000000000 408d300000000000 4024000000000000
poi 62 4050400000000000 4041800000000000 4008000000000000 4064e00000000000 4071f00000000000 4024000000000000
poi 63 4050400000000000 4034000000000000 4018000000000000 0000000000000000 408c700000000000 4024000000000000
poi 64 4046800000000000 403e000000000000 4031000000000000 0000000000000000 408d080000000000 4024000000000000
poi 65 4041800000000000 4044000000000000 4030000000000000 0000000000000000 408d500000000000 4024000000000000
poi 66 4044800000000000 4042800000000000 4030000000000000 0000000000000000 408d400000000000 4024000000000000
poi 67 4050000000000000 4045000000000000 4022000000000000 4070c00000000000 4078400000000000 4024000000000000
poi 68 4044000000000000 404e000000000000 4035000000000000 0000000000000000 408d600000000000 4024000000000000
poi 69 403f000000000000 404a000000000000 403b000000000000 4063a00000000000 4071500000000000 4024000000000000
poi 70 4041800000000000 4051400000000000 4037000000000000 0000000000000000 408d100000000000 4024000000000000
poi 71 4050400000000000 404b800000000000 402c000000000000 0000000000000000 408ce00000000000 4024000000000000
poi 72 404f800000000000 4050400000000000 4020000000000000 0000000000000000 408cd00000000000 4024000000000000
poi 73 4000000000000000 404e000000000000 4014000000000000 0000000000000000 408c700000000000 4024000000000000
poi 74 4034000000000000 4034000000000000 4020000000000000 4084280000000000 4087e80000000000 4024000000000000
poi 75 4014000000000000 4014000000000000 4030000000000000 0000000000000000 408be00000000000 4024000000000000
poi 76 404e000000000000 4028000000000000 403f000000000000 4070c00000000000 4078400000000000 4024000000000000
poi 77 4037000000000000 4008000000000000 401c000000000000 4087e00000000000 408ba00000000000 4024000000000000
poi 78 4020000000000000 404c000000000000 403b000000000000 0000000000000000 408ca80000000000 4024000000000000
poi 79 4018000000000000 4051000000000000 403e000000000000 4076000000000000 407d800000000000 4024000000000000
poi 80 4047800000000000 4047800000000000 402a000000000000 0000000000000000 408d700000000000 4024000000000000
poi 81 4048800000000000 404d000000000000 4024000000000000 0000000000000000 408d480000000000 4024000000000000
poi 82 403b000000000000 4045800000000000 4022000000000000 0000000000000000 408d380000000000 4024000000000000
poi 83 4042800000000000 403f000000000000 402c000000000000 0000000000000000 408d100000000000 4024000000000000
poi 84 404c800000000000 403d000000000000 4032000000000000 4078b00000000000 4080180000000000 4024000000000000
poi 85 404f800000000000 4037000000000000 4000000000000000 0000000000000000 408c900000000000 4024000000000000
poi 86 4035000000000000 4038000000000000 403c000000000000 0000000000000000 408ca80000000000 4024000000000000
poi 87 4028000000000000 4038000000000000 402a000000000000 4076700000000000 407df00000000000 4024000000000000
poi 88 4038000000000000 404d000000000000 4033000000000000 0000000000000000 408d200000000000 4024000000000000
poi 89 4050c00000000000 4014000000000000 4039000000000000 0000000000000000 408c080000000000 4024000000000000
poi 90 4042800000000000 4047800000000000 4018000000000000 0000000000000000 408d880000000000 4024000000000000
poi 91 4048800000000000 4045000000000000 402a000000000000 0000000000000000 408d480000000000 4024000000000000
poi 92 404a800000000000 4045800000000000 402c000000000000 402c000000000000 4060c00000000000 4024000000000000
poi 93 404e800000000000 404a000000000000 4008000000000000 0000000000000000 408d000000000000 4024000000000000
poi 94 404c800000000000 4048000000000000 4037000000000000 0000000000000000 408d200000000000 4024000000000000
poi 95 404c000000000000 4042800000000000 4018000000000000 0000000000000000 408d080000000000 4024000000000000
poi 96 404b800000000000 404b000000000000 403a000000000000 0000000000000000 408d300000000000 4024000000000000
poi 97 4010000000000000 4032000000000000 4041800000000000 0000000000000000 408c280000000000 4024000000000000
poi 98 403a000000000000 404a000000000000 4022000000000000 0000000000000000 408d380000000000 4024000000000000
poi 99 403a000000000000 4041800000000000 402e000000000000 4073400000000000 407ac00000000000 4024000000000000
poi 100 403f000000000000 4050c00000000000 4008000000000000 4089500000000000 408d100000000000 4024000000000000
# inst rc205
name rc205
n 101
tmax 408e000000000000
poi 0 4044000000000000 4049000000000000 0000000000000000 0000000000000000 408e000000000000 0000000000000000
poi 1 4039000000000000 4055400000000000 4034000000000000 407af00000000000 408c780000000000 4024000000000000
poi 2 4036000000000000 4052c00000000000 403e000000000000 403e000000000000 407fe00000000000 4024000000000000
poi 3 4036000000000000 4055400000000000 4024000000000000 4072300000000000 4088180000000000 4024000000000000
poi 4 4034000000000000 4054000000000000 4044000000000000 4085100000000000 4086f00000000000 4024000000000000
poi 5 4034000000000000 4055400000000000 4034000000000000 4044000000000000 4080400000000000 4024000000000000
poi 6 4032000000000000 4052c00000000000 4034000000000000 4078900000000000 407f600000000000 4024000000000000
poi 7 402e000000000000 4052c00000000000 4034000000000000 405e000000000000 4082c00000000000 4024000000000000
poi 8 402e000000000000 4054000000000000 4024000000000000 4078d00000000000 407c900000000000 4024000000000000
poi 9 4024000000000000 4041800000000000 4034000000000000 4079100000000000 407cd00000000000 4024000000000000
poi 10 4024000000000000 4044000000000000 403e000000000000 4080b80000000000 4083700000000000 4024000000000000
poi 11 4020000000000000 4044000000000000 4044000000000000 406c200000000000 4071d00000000000 4024000000000000
poi 12 4020000000000000 4046800000000000 4034000000000000 4045800000000000 4080580000000000 4024000000000000
poi 13 4014000000000000 4041800000000000 4024000000000000 4085580000000000 4087380000000000 4024000000000000
poi 14 4014000000000000 4046800000000000 4024000000000000 4041800000000000 4076e00000000000 4024000000000000
poi 15 4000000000000000 4044000000000000 4034000000000000 4069800000000000 4070800000000000 4024000000000000
poi 16 0000000000000000 4044000000000000 4034000000000000 4069800000000000 407a900000000000 4024000000000000
poi 17 0000000000000000 4046800000000000 4034000000000000 4085d00000000000 4089d80000000000 4024000000000000
poi 18 4046000000000000 4014000000000000 4034000000000000 4073200000000000 407e300000000000 4024000000000000
poi 19 4045000000000000 4024000000000000 4044000000000000 4068e00000000000 407ac00000000000 4024000000000000
poi 20 4045000000000000 402e000000000000 4024000000000000 407ee00000000000 4085d80000000000 4024000000000000
poi 21 4044000000000000 4014000000000000 4024000000000000 4046800000000000 4080680000000000 4024000000000000
poi 22 4044000000000000 402e000000000000 4044000000000000 4077f00000000000 407e600000000000 4024000000000000
poi 23 4043000000000000 4014000000000000 403e000000000000 406ce00000000000 4072300000000000 4024000000000000
poi 24 4043000000000000 402e000000000000 4024000000000000 4083080000000000 408b400000000000 4024000000000000
poi 25 4041800000000000 4014000000000000 4034000000000000 4089a80000000000 408b880000000000 4024000000000000
poi 26 4057c00000000000 403e000000000000 403e000000000000 4075d00000000000 4089e80000000000 4024000000000000
poi 27 4057c00000000000 4041800000000000 4034000000000000 4061400000000000 4071100000000000 4024000000000000
poi 28 4057000000000000 403e000000000000 4024000000000000 4053800000000000 4075300000000000 4024000000000000
poi 29 4056800000000000 4041800000000000 4024000000000000 4060800000000000 4077700000000000 4024000000000000
poi 30 4056000000000000 403e000000000000 4024000000000000 406f800000000000 4076700000000000 4024000000000000
poi 31 4056000000000000 4041800000000000 4034000000000000 4049000000000000 4080900000000000 4024000000000000
poi 32 4055c00000000000 403e000000000000 4024000000000000 4081900000000000 4088f80000000000 4024000000000000
poi 33 4055400000000000 4039000000000000 4024000000000000 4051c00000000000 406a000000000000 4024000000000000
poi 34 4055400000000000 4041800000000000 403e000000000000 4073300000000000 4088980000000000 4024000000000000
poi 35 4050c00000000000 4055400000000000 4034000000000000 4084780000000000 4088500000000000 4024000000000000
poi 36 4050400000000000 4055400000000000 4044000000000000 4045800000000000 4067400000000000 4024000000000000
poi 37 4050400000000000 4054800000000000 4024000000000000 4077900000000000 408ac80000000000 4024000000000000
poi 38 404f000000000000 4054000000000000 403e000000000000 4073400000000000 4077000000000000 4024000000000000
poi 39 404e000000000000 4054000000000000 4024000000000000 4047000000000000 4069200000000000 4024000000000000
poi 40 404e000000000000 4055400000000000 403e000000000000 4075300000000000 407b600000000000 4024000000000000
poi 41 404d000000000000 4052c00000000000 4034000000000000 4077900000000000 407ee00000000000 4024000000000000
poi 42 404b800000000000 4054000000000000 4024000000000000 4040800000000000 4064c00000000000 4024000000000000
poi 43 404b800000000000 4055400000000000 4034000000000000 4080980000000000 4087000000000000 4024000000000000
poi 44 404b800000000000 4054800000000000 4024000000000000 406ee00000000000 4073300000000000 4024000000000000
poi 45 4034000000000000 4054800000000000 4024000000000000 4042800000000000 4066200000000000 4024000000000000
poi 46 4032000000000000 4054000000000000 4024000000000000 407b000000000000 4084c80000000000 4024000000000000
poi 47 4000000000000000 4046800000000000 4024000000000000 4043000000000000 4074200000000000 4024000000000000
poi 48 4045000000000000 4014000000000000 4024000000000000 407a800000000000 408c400000000000 4024000000000000
poi 49 4045000000000000 4028000000000000 4024000000000000 407cc00000000000 4080d80000000000 4024000000000000
poi 50 4052000000000000 4041800000000000 403e000000000000 4074700000000000 4089380000000000 4024000000000000
poi 51 404b800000000000 4034000000000000 4033000000000000 4071100000000000 407f200000000000 4024000000000000
poi 52 4039000000000000 403e000000000000 4008000000000000 4039000000000000 407f900000000000 4024000000000000
poi 53 4034000000000000 4049000000000000 4014000000000000 4079500000000000 407d100000000000 4024000000000000
poi 54 404b800000000000 404e000000000000 4030000000000000 4081500000000000 4087f80000000000 4024000000000000
poi 55 403e000000000000 404e000000000000 4030000000000000 4083a80000000000 4085880000000000 4024000000000000
poi 56 4049000000000000 4041800000000000 4033000000000000 4081800000000000 4085080000000000 4024000000000000
poi 57 403e000000000000 4039000000000000 4037000000000000 4075600000000000 4081d80000000000 4024000000000000
poi 58 402e000000000000 4024000000000000 4034000000000000 408a500000000000 408c300000000000 4024000000000000
poi 59 4024000000000000 4034000000000000 4033000000000000 4045000000000000 4080500000000000 4024000000000000
poi 60 402e000000000000 404e000000000000 4031000000000000 4083780000000000 408ba00000000000 4024000000000000
poi 61 4046800000000000 4050400000000000 4022000000000000 406ac00000000000 407a500000000000 4024000000000000
poi 62 4050400000000000 4041800000000000 4008000000000000 4068a00000000000 4070100000000000 4024000000000000
poi 63 4050400000000000 4034000000000000 4018000000000000 4043800000000000 4073c00000000000 4024000000000000
poi 64 4046800000000000 403e000000000000 4031000000000000 4067e00000000000 4073600000000000 4024000000000000
poi 65 4041800000000000 4044000000000000 4030000000000000 4026000000000000 4061800000000000 4024000000000000
poi 66 4044800000000000 4042800000000000 4030000000000000 4081d00000000000 4085480000000000 4024000000000000
poi 67 4050000000000000 4045000000000000 4022000000000000 4072a00000000000 4076600000000000 4024000000000000
poi 68 4044000000000000 404e000000000000 4035000000000000 4083280000000000 4086d00000000000 4024000000000000
poi 69 403f000000000000 404a000000000000 403b000000000000 4067600000000000 406ee00000000000 4024000000000000
poi 70 4041800000000000 4051400000000000 4037000000000000 4088600000000000 408d100000000000 4024000000000000
poi 71 4050400000000000 404b800000000000 402c000000000000 4067e00000000000 4079a00000000000 4024000000000000
poi 72 404f800000000000 4050400000000000 4020000000000000 403b000000000000 407fb00000000000 4024000000000000
poi 73 4000000000000000 404e000000000000 4014000000000000 406e000000000000 407c300000000000 4024000000000000
poi 74 4034000000000000 4034000000000000 4020000000000000 4085180000000000 4086f80000000000 4024000000000000
poi 75 4014000000000000 4014000000000000 4030000000000000 404c800000000000 4080c80000000000 4024000000000000
poi 76 404e000000000000 4028000000000000 403f000000000000 4072a00000000000 4076600000000000 4024000000000000
poi 77 4037000000000000 4008000000000000 401c000000000000 4088d00000000000 408ab00000000000 4024000000000000
poi 78 4020000000000000 404c000000000000 403b000000000000 4076e00000000000 407e300000000000 4024000000000000
poi 79 4018000000000000 4051000000000000 403e000000000000 4077e00000000000 407ba00000000000 4024000000000000
poi 80 4047800000000000 4047800000000000 402a000000000000 4089880000000000 408d700000000000 4024000000000000
poi 81 4048800000000000 404d000000000000 4024000000000000 4074c00000000000 407f100000000000 4024000000000000
poi 82 403b000000000000 4045800000000000 4022000000000000 402c000000000000 407ee00000000000 4024000000000000
poi 83 4042800000000000 403f000000000000 402c000000000000 4033000000000000 407f300000000000 4024000000000000
poi 84 404c800000000000 403d000000000000 4032000000000000 407a900000000000 407e500000000000 4024000000000000
poi 85 404f800000000000 4037000000000000 4000000000000000 4064800000000000 4084200000000000 4024000000000000
poi 86 4035000000000000 4038000000000000 403c000000000000 4073600000000000 407fb00000000000 4024000000000000
poi 87 4028000000000000 4038000000000000 402a000000000000 4078500000000000 407c100000000000 4024000000000000
poi 88 4038000000000000 404d000000000000 4033000000000000 4070600000000000 4077900000000000 4024000000000000
poi 89 4050c00000000000 4014000000000000 4039000000000000 4083180000000000 408c080000000000 4024000000000000
poi 90 4042800000000000 4047800000000000 4018000000000000 4073700000000000 4080700000000000 4024000000000000
poi 91 4048800000000000 4045000000000000 402a000000000000 407c900000000000 408d480000000000 4024000000000000
poi 92 404a800000000000 4045800000000000 402c000000000000 402c000000000000 4052800000000000 4024000000000000
poi 93 404e800000000000 404a000000000000 4008000000000000 4088a80000000000 408d000000000000 4024000000000000
poi 94 404c800000000000 4048000000000000 4037000000000000 406a800000000000 4085a00000000000 4024000000000000
poi 95 404c000000000000 4042800000000000 4018000000000000 4034000000000000 407f400000000000 4024000000000000
poi 96 404b800000000000 404b000000000000 403a000000000000 4077e00000000000 408af00000000000 4024000000000000
poi 97 4010000000000000 4032000000000000 4041800000000000 4080200000000000 4085c80000000000 4024000000000000
poi 98 403a000000000000 404a000000000000 4022000000000000 402c000000000000 407ee00000000000 4024000000000000
poi 99 403a000000000000 4041800000000000 402e000000000000 4075200000000000 4078e00000000000 4024000000000000
poi 100 403f000000000000 4050c00000000000 4008000000000000 408b300000000000 408d100000000000 4024000000000000
# inst pr01
name pr01
n 49
tmax 408f400000000000
poi 0 c024e24dd2f1a9fc 4033ffbe76c8b439 0000000000000000 0000000000000000 408f400000000000 0000000000000000
poi 1 c03dbae147ae147b 405008b439581062 4028000000000000 4076200000000000 407fd00000000000 4000000000000000
poi 2 c03ea9fbe76c8b44 4015da1cac083127 4020000000000000 406d400000000000 4079100000000000 401c000000000000
poi 3 4049d22d0e560419 4015e04189374bc7 4030000000000000 4079b00000000000 4081e80000000000 4035000000000000
poi 4 c02a578d4fdf3b64 405155810624dd2f 4014000000000000 407da00000000000 4083700000000000 4038000000000000
poi 5 c050da6e978d4fdf 405114ac083126e9 4028000000000000 4063600000000000 4072700000000000 3ff0000000000000
poi 6 404874189374bc6a 4019189374bc6a7f 4014000000000000 4076900000000000 407fd00000000000 4031000000000000
poi 7 4014f8d4fdf3b646 4036428f5c28f5c3 402a000000000000 407c300000000000 4083a80000000000 4018000000000000
poi 8 c0504020c49ba5e3 40534ef9db22d0e5 4034000000000000 407a900000000000 4082600000000000 4014000000000000
poi 9 c010b33333333333 bff91a9fbe76c8b4 402a000000000000 4052000000000000 4068e00000000000 401c000000000000
poi 10 4037076c8b439581 4027472b020c49ba 4032000000000000 4063a00000000000 4073e00000000000 3ff0000000000000
poi 11 40397b645a1cac08 401925e353f7ced9 401c000000000000 4072800000000000 407bc00000000000 4010000000000000
poi 12 c0454eb851eb851f c03a645a1cac0831 4018000000000000 405bc00000000000 406f200000000000 4024000000000000
poi 13 c0532b020c49ba5e 4058d5d2f1a9fbe7 4022000000000000 4077000000000000 4080800000000000 4000000000000000
poi 14 c034ac49ba5e353f 404cf22d0e560419 4022000000000000 4058800000000000 406f600000000000 4030000000000000
poi 15 c04a04fdf3b645a2 401a449ba5e353f8 4010000000000000 4058000000000000 406a000000000000 4037000000000000
poi 16 c044b020c49ba5e3 40496978d4fdf3b6 4039000000000000 4077e00000000000 4080b80000000000 4032000000000000
poi 17 c056fc5a1cac0831 403b96872b020c4a 4014000000000000 407b400000000000 4082200000000000 4008000000000000
poi 18 c050478d4fdf3b64 403e3645a1cac083 4031000000000000 4079500000000000 4080800000000000 402e000000000000
poi 19 403298d4fdf3b646 40582dd2f1a9fbe7 4008000000000000 406fe00000000000 4079e00000000000 402a000000000000
poi 20 c044789374bc6a7f 4054cd604189374c 4030000000000000 4072500000000000 407d600000000000 4024000000000000
poi 21 c042e0c49ba5e354 c040a9999999999a 4039000000000000 4072a00000000000 4079800000000000 4010000000000000
poi 22 4037c45a1cac0831 403d153f7ced9168 4035000000000000 407df00000000000 4082f80000000000 4037000000000000
poi 23 c04583d70a3d70a4 403473f7ced91687 402c000000000000 4077800000000000 4080c00000000000 4034000000000000
poi 24 c041a604189374bc c038e5604189374c 4033000000000000 4056c00000000000 406dc00000000000 4024000000000000
poi 25 c04b60a3d70a3d71 402cbc6a7ef9db23 402c000000000000 4076800000000000 407f900000000000 4010000000000000
poi 26 c048aa1cac083127 4040afdf3b645a1d 4018000000000000 4077b00000000000 4080800000000000 4000000000000000
poi 27 404cb3b645a1cac1 4037d26e978d4fdf 4030000000000000 4070200000000000 407ac00000000000 4037000000000000
poi 28 c036c10624dd2f1b 404bb4395810624e 4022000000000000 4076000000000000 407fd00000000000 4018000000000000
poi 29 c04c4f9db22d0e56 405255c28f5c28f6 4034000000000000 4072000000000000 4077c00000000000 4020000000000000
poi 30 c04347ef9db22d0e c00da3d70a3d70a4 402a000000000000 4063e00000000000 4074400000000000 4024000000000000
poi 31 c030c76c8b439581 40338978d4fdf3b6 4024000000000000 407a700000000000 4081a00000000000 401c000000000000
poi 32 c0271eb851eb851f 40273ae147ae147b 4030000000000000 406dc00000000000 4078300000000000 3ff0000000000000
poi 33 c04745c28f5c28f6 40587e5604189375 4033000000000000 4075300000000000 407ad00000000000 4035000000000000
poi 34 40303a9fbe76c8b4 4022a3d70a3d70a4 4036000000000000 4078d00000000000 4081e00000000000 4018000000000000
poi 35 3ff4b4395810624e 401d65604189374c 402c000000000000 407df00000000000 4082b80000000000 4010000000000000
poi 36 c03a676c8b439581 403d876c8b439581 4024000000000000 4073b00000000000 407ec00000000000 402a000000000000
poi 37 40116872b020c49c 402d5eb851eb851f 4026000000000000 4060800000000000 4072200000000000 4022000000000000
poi 38 c049551eb851eb85 c037204189374bc7 402e000000000000 4064200000000000 4074600000000000 4036000000000000
poi 39 c036d53f7ced9168 c023a0c49ba5e354 402a000000000000 4078300000000000 407fc00000000000 4036000000000000
poi 40 c051c66666666666 c0329db22d0e5604 402e000000000000 4071c00000000000 407be00000000000 4032000000000000
poi 41 c01f65604189374c 40400978d4fdf3b6 4020000000000000 4072800000000000 407d700000000000 4024000000000000
poi 42 4027c10624dd2f1b c038eed916872b02 4036000000000000 4077d00000000000 407e200000000000 4039000000000000
poi 43 c032ed4fdf3b645a c037bae147ae147b 4038000000000000 4079100000000000 4080500000000000 4037000000000000
poi 44 c027d70a3d70a3d7 4027828f5c28f5c3 4008000000000000 407b000000000000 4081a00000000000 4010000000000000
poi 45 403dd70a3d70a3d7 402744189374bc6a 4039000000000000 4072100000000000 407c200000000000 4022000000000000
poi 46 402889374bc6a7f0 c04be7ced916872b 4033000000000000 407c300000000000 4082a80000000000 4031000000000000
poi 47 c042f76c8b439581 c0359ced916872b0 4035000000000000 405ec00000000000 4072e00000000000 4024000000000000
poi 48 4045710624dd2f1b c007ba5e353f7cee 4024000000000000 4058800000000000 406d200000000000 4031000000000000
# inst pr02
name pr02
n 97
tmax 408f400000000000
poi 0 403e3810624dd2f2 4038c9374bc6a7f0 0000000000000000 0000000000000000 408f400000000000 0000000000000000
poi 1 4040cb4395810625 403ec00000000000 4010000000000000 4078500000000000 4080c00000000000 4028000000000000
poi 2 404869fbe76c8b44 405054189374bc6a 4028000000000000 407bc00000000000 4081700000000000 3ff0000000000000
poi 3 40558b4395810625 404dac083126e979 4008000000000000 4071300000000000 4079c00000000000 3ff0000000000000
poi 4 4043a28f5c28f5c3 c040874bc6a7ef9e 402e000000000000 4076f00000000000 4080600000000000 402e000000000000
poi 5 c0375eb851eb851f 4055b6978d4fdf3b 402a000000000000 4079d00000000000 4082680000000000 4024000000000000
poi 6 404810e560418937 4057e5f3b645a1cb 4034000000000000 4050800000000000 4065a00000000000 4028000000000000
poi 7 c0305b645a1cac08 405753e76c8b4396 4035000000000000 406d000000000000 4076500000000000 402e000000000000
poi 8 c04cd9fbe76c8b44 c0506676c8b43958 4010000000000000 407d900000000000 4082c80000000000 4030000000000000
poi 9 401c96872b020c4a 4040578d4fdf3b64 4039000000000000 4075f00000000000 407fa00000000000 4032000000000000
poi 10 404579999999999a 40512cdd2f1a9fbe 4035000000000000 4072e00000000000 407c000000000000 4022000000000000
poi 11 40428ae147ae147b c000e5604189374c 401c000000000000 4079b00000000000 4081f00000000000 4014000000000000
poi 12 4053709374bc6a7f 404be89374bc6a7f 4008000000000000 4062400000000000 4071700000000000 4033000000000000
poi 13 c0317645a1cac083 c04c489374bc6a7f 4022000000000000 406ac00000000000 4073200000000000 4026000000000000
poi 14 404d49999999999a 404df1a9fbe76c8b 4014000000000000 4060000000000000 406d400000000000 4028000000000000
poi 15 404ce353f7ced917 402eb020c49ba5e3 4034000000000000 4063c00000000000 4070700000000000 402a000000000000
poi 16 c03653b645a1cac1 404209374bc6a7f0 4035000000000000 407bf00000000000 4081e80000000000 4020000000000000
poi 17 c01c51eb851eb852 403e7e353f7ced91 4033000000000000 4060c00000000000 406de00000000000 402c000000000000
poi 18 404bd4395810624e 404e366666666666 4000000000000000 4054400000000000 406a600000000000 4022000000000000
poi 19 c02c9d2f1a9fbe77 4026e978d4fdf3b6 4030000000000000 407a200000000000 4081f80000000000 4000000000000000
poi 20 c03db95810624dd3 4038449ba5e353f8 4032000000000000 407c700000000000 4082500000000000 4039000000000000
poi 21 40459c083126e979 3fe7a5e353f7ced9 4038000000000000 4077100000000000 4080280000000000 4018000000000000
poi 22 4046978d4fdf3b64 4041bcac083126e9 4038000000000000 4058c00000000000 4067c00000000000 4030000000000000
poi 23 40501ef9db22d0e5 4001eb851eb851ec 4020000000000000 4062c00000000000 4071500000000000 4032000000000000
poi 24 404b89fbe76c8b44 40520f6c8b439581 4030000000000000 405f800000000000 4072a00000000000 4010000000000000
poi 25 4030eccccccccccd 402f7b645a1cac08 4033000000000000 407ad00000000000 4081a00000000000 4031000000000000
poi 26 404684dd2f1a9fbe c00dc8b439581062 4028000000000000 406fc00000000000 4079800000000000 4010000000000000
poi 27 c053320c49ba5e35 4017c189374bc6a8 4022000000000000 406fe00000000000 4079000000000000 4036000000000000
poi 28 404215a1cac08312 3fd0624dd2f1a9fc 4008000000000000 4064200000000000 4072400000000000 4028000000000000
poi 29 403d37ced916872b 4021df3b645a1cac 402e000000000000 406d800000000000 4074900000000000 402a000000000000
poi 30 405043a5e353f7cf 4014e66666666666 4010000000000000 4066000000000000 4072c00000000000 4014000000000000
poi 31 4045166666666666 c03648b439581062 4038000000000000 4072a00000000000 407d100000000000 4038000000000000
poi 32 403992f1a9fbe76d 403fb9db22d0e560 4036000000000000 4061c00000000000 406e600000000000 4028000000000000
poi 33 403f8f9db22d0e56 4042a189374bc6a8 402c000000000000 4079400000000000 4082080000000000 4030000000000000
poi 34 40509fdf3b645a1d c04b15a1cac08312 4026000000000000 4059400000000000 4071100000000000 4020000000000000
poi 35 404749ba5e353f7d c031f020c49ba5e3 4034000000000000 406d800000000000 4076d00000000000 4024000000000000
poi 36 405044083126e979 4044700000000000 4014000000000000 4078700000000000 4080a80000000000 402e000000000000
poi 37 c005ba5e353f7cee 4038c49ba5e353f8 4026000000000000 4076200000000000 407fe00000000000 4035000000000000
poi 38 c044004189374bc7 400ef5c28f5c28f6 4028000000000000 4066e00000000000 4074f00000000000 4014000000000000
poi 39 c0526051eb851eb8 404c85810624dd2f 401c000000000000 4078800000000000 4080e80000000000 4022000000000000
poi 40 4054495810624dd3 c039b6c8b4395810 3ff0000000000000 407a900000000000 4082200000000000 4014000000000000
poi 41 402803126e978d50 c01fdc28f5c28f5c 4037000000000000 4065400000000000 4074300000000000 4022000000000000
poi 42 4045616872b020c5 40430bc6a7ef9db2 402a000000000000 4066c00000000000 4073900000000000 4034000000000000
poi 43 400edb22d0e56042 c0372e5604189375 4010000000000000 4061000000000000 4070100000000000 402c000000000000
poi 44 c01d77ced916872b 403863d70a3d70a4 4037000000000000 4071f00000000000 407b800000000000 4038000000000000
poi 45 4041f8d4fdf3b646 c027ab851eb851ec 4031000000000000 4072100000000000 4077d00000000000 4037000000000000
poi 46 404a09999999999a 4023624dd2f1a9fc 402a000000000000 4076200000000000 407e300000000000 4028000000000000
poi 47 403eb9999999999a 403eb374bc6a7efa 4022000000000000 4071c00000000000 407bd00000000000 402a000000000000
poi 48 40449c8b43958106 40537b22d0e56042 4024000000000000 4063200000000000 4071100000000000 4033000000000000
poi 49 4051389374bc6a7f c04445e353f7ced9 4036000000000000 4073600000000000 407b900000000000 4035000000000000
poi 50 405313f7ced91687 4055aae147ae147b 4035000000000000 4067400000000000 4071500000000000 4014000000000000
poi 51 404ff78d4fdf3b64 4053a28f5c28f5c3 402a000000000000 4079000000000000 407ec00000000000 4022000000000000
poi 52 403d266666666666 c023ec083126e979 4039000000000000 4073100000000000 407d500000000000 4037000000000000
poi 53 4055616872b020c5 4043fa1cac083127 4020000000000000 4070700000000000 4077a00000000000 4020000000000000
poi 54 403fc66666666666 400ef5c28f5c28f6 4034000000000000 407be00000000000 4082580000000000 4014000000000000
poi 55 c0348b4395810625 40331604189374bc 4008000000000000 4070400000000000 4078800000000000 4020000000000000
poi 56 404bad2f1a9fbe77 4045e89374bc6a7f 4010000000000000 406a600000000000 4077e00000000000 4024000000000000
poi 57 4041b3f7ced91687 40248e5604189375 402a000000000000 4062800000000000 4072900000000000 4022000000000000
poi 58 403976c8b4395810 bfd25e353f7ced91 4032000000000000 4060a00000000000 4072f00000000000 4035000000000000
poi 59 4028cac083126e98 3fcf3b645a1cac08 3ff0000000000000 4079700000000000 407f100000000000 4028000000000000
poi 60 40325be76c8b4396 4034eac083126e98 4024000000000000 4051800000000000 4068600000000000 4020000000000000
poi 61 403bf5c28f5c28f6 c02e13f7ced91687 4030000000000000 4070600000000000 4078000000000000 4010000000000000
poi 62 c00989374bc6a7f0 4033e10624dd2f1b 4022000000000000 4059400000000000 4070b00000000000 402c000000000000
poi 63 4022a9fbe76c8b44 c044aced916872b0 402a000000000000 4062600000000000 4071100000000000 4033000000000000
poi 64 c03494bc6a7ef9db 404316a7ef9db22d 4037000000000000 4069e00000000000 4072c00000000000 4037000000000000
poi 65 403bd1eb851eb852 403cba9fbe76c8b4 402c000000000000 406a800000000000 4077e00000000000 4010000000000000
poi 66 404d8374bc6a7efa 404527ae147ae148 4014000000000000 4074500000000000 407c600000000000 4022000000000000
poi 67 404c27ced916872b 404d5df3b645a1cb 3ff0000000000000 4059400000000000 4068c00000000000 3ff0000000000000
poi 68 c049d3b645a1cac1 bfd5e353f7ced917 4018000000000000 407a200000000000 4082080000000000 4035000000000000
poi 69 40049ba5e353f7cf 40405c49ba5e353f 4034000000000000 4079000000000000 4081f80000000000 4034000000000000
poi 70 402e43126e978d50 c0085e353f7ced91 4024000000000000 407dd00000000000 4082780000000000 4038000000000000
poi 71 4050a6147ae147ae 404177ef9db22d0e 4033000000000000 4058000000000000 406a800000000000 4036000000000000
poi 72 403379db22d0e560 4034245a1cac0831 4038000000000000 4057c00000000000 406b800000000000 4039000000000000
poi 73 bff2c083126e978d 4034a5e353f7ced9 4008000000000000 4055800000000000 4069600000000000 4033000000000000
poi 74 c03534395810624e 402b51eb851eb852 4014000000000000 407c500000000000 4082080000000000 402c000000000000
poi 75 4058b624dd2f1aa0 3ff41cac083126e9 402a000000000000 4076300000000000 407fa00000000000 4026000000000000
poi 76 4054a5f3b645a1cb 4052003126e978d5 4014000000000000 4079700000000000 4081000000000000 4036000000000000
poi 77 403e045a1cac0831 c03ee5604189374c 4010000000000000 407c300000000000 4083a80000000000 4039000000000000
poi 78 40409d2f1a9fbe77 4044d4dd2f1a9fbe 4028000000000000 407a100000000000 4081000000000000 4014000000000000
poi 79 4043beb851eb851f c02113f7ced91687 4026000000000000 405d000000000000 406b800000000000 4024000000000000
poi 80 404b3fbe76c8b439 4051b4083126e979 4034000000000000 405ec00000000000 406b400000000000 4010000000000000
poi 81 400876c8b4395810 40247ef9db22d0e5 402a000000000000 407c700000000000 4083b00000000000 4010000000000000
poi 82 4049ea5e353f7cee c030deb851eb851f 3ff0000000000000 4078100000000000 407ef00000000000 4018000000000000
poi 83 40531a9fbe76c8b4 4026b126e978d4fe 4008000000000000 4079200000000000 4080080000000000 4036000000000000
poi 84 4014f8d4fdf3b646 3fce76c8b4395810 4000000000000000 4069600000000000 4077100000000000 4031000000000000
poi 85 40494bc6a7ef9db2 40411f9db22d0e56 4037000000000000 406aa00000000000 4078800000000000 4036000000000000
poi 86 c014ec8b43958106 c000a5e353f7ced9 4020000000000000 4065200000000000 4074b00000000000 4008000000000000
poi 87 403831a9fbe76c8b 4039d604189374bc 4039000000000000 407b400000000000 4082600000000000 4039000000000000
poi 88 4040d0a3d70a3d71 4042cae147ae147b 4032000000000000 4076900000000000 4080b00000000000 4036000000000000
poi 89 403f71eb851eb852 c01c010624dd2f1b 4010000000000000 405c400000000000 406b200000000000 4037000000000000
poi 90 403eb4fdf3b645a2 c03c2b020c49ba5e 4014000000000000 405c000000000000 4070200000000000 4030000000000000
poi 91 4048ee147ae147ae 3ff09ba5e353f7cf 4035000000000000 4072e00000000000 407bb00000000000 402a000000000000
poi 92 c041e22d0e560419 402c48b439581062 4037000000000000 4067600000000000 4076900000000000 4037000000000000
poi 93 c03d4f1a9fbe76c9 40138e5604189375 4033000000000000 4072b00000000000 407ae00000000000 3ff0000000000000
poi 94 40330c8b43958106 4044fcac083126e9 4000000000000000 4055400000000000 4069600000000000 4026000000000000
poi 95 403b99999999999a 402bde353f7ced91 4035000000000000 4068800000000000 4075900000000000 4033000000000000
poi 96 404a6a7ef9db22d1 4049578d4fdf3b64 4024000000000000 406ca00000000000 4074500000000000 4035000000000000
# inst pr03
name pr03
n 145
tmax 408f400000000000
poi 0 c03264189374bc6a 3ff1ef9db22d0e56 0000000000000000 0000000000000000 408f400000000000 0000000000000000
poi 1 c04ba3d70a3d70a4 c0385ef9db22d0e5 4022000000000000 4078800000000000 4080100000000000 4039000000000000
poi 2 c0482604189374bc 404aa83126e978d5 4036000000000000 4073600000000000 407c400000000000 402a000000000000
poi 3 c04889374bc6a7f0 c0433e978d4fdf3b 4024000000000000 407c500000000000 4083200000000000 4034000000000000
poi 4 40394f9db22d0e56 c0328f9db22d0e56 4038000000000000 407d800000000000 4082e80000000000 4030000000000000
poi 5 c0387810624dd2f2 c00e851eb851eb85 4039000000000000 4065200000000000 4070b00000000000 4010000000000000
poi 6 4038974bc6a7ef9e c031e5604189374c 4018000000000000 4063400000000000 4071200000000000 4000000000000000
poi 7 c024d6872b020c4a 404e2e978d4fdf3b 4036000000000000 4058400000000000 4070a00000000000 401c000000000000
poi 8 404316a7ef9db22d c041966666666666 3ff0000000000000 4071e00000000000 4078200000000000 402e000000000000
poi 9 c05111eb851eb852 405744ac083126e9 4033000000000000 4067200000000000 4072500000000000 4024000000000000
poi 10 c03ecac083126e98 c04cab020c49ba5e 4033000000000000 407d300000000000 4082a00000000000 4010000000000000
poi 11 c04287ced916872b c0283e76c8b43958 4014000000000000 4075a00000000000 407b400000000000 4033000000000000
poi 12 c02f7b645a1cac08 c047d1a9fbe76c8b 4022000000000000 407c700000000000 4082e00000000000 4024000000000000
poi 13 c04fb083126e978d c036eb4395810625 4020000000000000 4071500000000000 4079400000000000 402e000000000000
poi 14 c0458df3b645a1cb c045b83126e978d5 402c000000000000 407b400000000000 4081900000000000 4010000000000000
poi 15 c0399f7ced916873 402b32b020c49ba6 4010000000000000 4056000000000000 406a000000000000 4031000000000000
poi 16 c005000000000000 4030a1cac083126f 401c000000000000 4072d00000000000 407b800000000000 4010000000000000
poi 17 c044c9db22d0e560 c03c7f3b645a1cac 4024000000000000 4062000000000000 406fa00000000000 4008000000000000
poi 18 4000a5e353f7ced9 4029c51eb851eb85 4036000000000000 4078c00000000000 4080380000000000 4022000000000000
poi 19 400f666666666666 c047ec28f5c28f5c 4031000000000000 407b100000000000 4080a80000000000 4039000000000000
poi 20 c054d2e147ae147b 403a52f1a9fbe76d 4024000000000000 4069600000000000 4076b00000000000 402c000000000000
poi 21 c019d4fdf3b645a2 403a5ae147ae147b 4020000000000000 4077800000000000 407e600000000000 4037000000000000
poi 22 400a51eb851eb852 401aed916872b021 402c000000000000 4077200000000000 407fa00000000000 401c000000000000
poi 23 c0416f3b645a1cac 403e6d0e56041893 4028000000000000 406e800000000000 4074f00000000000 401c000000000000
poi 24 402f178d4fdf3b64 c04222f1a9fbe76d 4031000000000000 4074000000000000 4079d00000000000 3ff0000000000000
poi 25 4029af1a9fbe76c9 4014820c49ba5e35 4033000000000000 407d900000000000 4083b80000000000 4024000000000000
poi 26 c04839999999999a c0386d0e56041893 4039000000000000 406e400000000000 407a400000000000 402e000000000000
poi 27 c056226e978d4fdf c024ec083126e979 4039000000000000 407bd00000000000 4080d80000000000 3ff0000000000000
poi 28 c03dc5e353f7ced9 3fefd70a3d70a3d7 4018000000000000 405a400000000000 406b200000000000 4000000000000000
poi 29 4023a76c8b439581 4043353f7ced9168 4035000000000000 4068200000000000 4076700000000000 4022000000000000
poi 30 3ff68f5c28f5c28f 40573c083126e979 4008000000000000 4072400000000000 4078400000000000 4024000000000000
poi 31 c053d3645a1cac08 402ec3126e978d50 4033000000000000 4071f00000000000 407b700000000000 4000000000000000
poi 32 c03ea6e978d4fdf4 40440810624dd2f2 4030000000000000 4071d00000000000 407a600000000000 4037000000000000
poi 33 4032ed4fdf3b645a 4035a3126e978d50 4035000000000000 4079900000000000 4081680000000000 402e000000000000
poi 34 40468b22d0e56042 c04df3f7ced91687 4031000000000000 407a100000000000 4082200000000000 402a000000000000
poi 35 c0417978d4fdf3b6 c00e851eb851eb85 4033000000000000 4072200000000000 407ac00000000000 4030000000000000
poi 36 40544cdd2f1a9fbe c052af9db22d0e56 4018000000000000 4065200000000000 4072b00000000000 4035000000000000
poi 37 402f3020c49ba5e3 c03c747ae147ae14 4024000000000000 4062200000000000 406f600000000000 3ff0000000000000
poi 38 c0520c49ba5e353f 403d8c083126e979 4036000000000000 4062600000000000 406e200000000000 4032000000000000
poi 39 c04574fdf3b645a2 c036accccccccccd 4031000000000000 4055c00000000000 4067a00000000000 4031000000000000
poi 40 c0531916872b020c c04cbe978d4fdf3b 4030000000000000 4076a00000000000 4080200000000000 402a000000000000
poi 41 c03c8a3d70a3d70a 402825604189374c 4014000000000000 4071100000000000 4079700000000000 4014000000000000
poi 42 c04eb1cac083126f 403a86a7ef9db22d 3ff0000000000000 4071700000000000 407ad00000000000 4037000000000000
poi 43 c020f1a9fbe76c8b 40293b645a1cac08 4035000000000000 407a200000000000 4081180000000000 4034000000000000
poi 44 c04ebccccccccccd 4040b22d0e560419 4034000000000000 4078400000000000 407ee00000000000 3ff0000000000000
poi 45 c0415645a1cac083 c03b96872b020c4a 4018000000000000 407ba00000000000 4081000000000000 4000000000000000
poi 46 4024a147ae147ae1 c02909374bc6a7f0 3ff0000000000000 4070d00000000000 4078d00000000000 402e000000000000
poi 47 c054c0e560418937 40534020c49ba5e3 4026000000000000 407c300000000000 4082100000000000 4034000000000000
poi 48 c04435604189374c 4048fe76c8b43958 4036000000000000 407cf00000000000 4082300000000000 4022000000000000
poi 49 4054f53f7ced9168 4040f3d70a3d70a4 4039000000000000 4063000000000000 406f200000000000 402a000000000000
poi 50 c0349020c49ba5e3 c052f51eb851eb85 4032000000000000 4066c00000000000 4071000000000000 4010000000000000
poi 51 402ee24dd2f1a9fc c032b810624dd2f2 4022000000000000 4056c00000000000 4068600000000000 402e000000000000
poi 52 c04df7ef9db22d0e c0507353f7ced917 4037000000000000 4070d00000000000 407bf00000000000 4014000000000000
poi 53 40149a9fbe76c8b4 4047e851eb851eb8 4031000000000000 4068c00000000000 4077700000000000 4020000000000000
poi 54 4047010624dd2f1b 402dfae147ae147b 4010000000000000 4053000000000000 406aa00000000000 4033000000000000
poi 55 4054be872b020c4a bffa8f5c28f5c28f 3ff0000000000000 4060c00000000000 406fc00000000000 4030000000000000
poi 56 4043f24dd2f1a9fc c043753f7ced9168 402c000000000000 4069200000000000 4075300000000000 4026000000000000
poi 57 4056b5b22d0e5604 c054e27ef9db22d1 4026000000000000 4071200000000000 407b000000000000 4037000000000000
poi 58 401c45a1cac08312 3fb126e978d4fdf4 401c000000000000 4064e00000000000 4072000000000000 402c000000000000
poi 59 4032f53f7ced9168 40440b4395810625 4035000000000000 4070e00000000000 407c000000000000 4038000000000000
poi 60 c0541f2b020c49ba 404d1ac083126e98 4008000000000000 407cc00000000000 4082980000000000 4014000000000000
poi 61 40501d604189374c c04f7916872b020c 4032000000000000 4073e00000000000 407d700000000000 4014000000000000
poi 62 c045ced916872b02 c03a1df3b645a1cb 4014000000000000 405bc00000000000 406d400000000000 4037000000000000
poi 63 c0326872b020c49c 40249b22d0e56042 4018000000000000 4079000000000000 4081700000000000 4008000000000000
poi 64 c045f5e353f7ced9 404fa020c49ba5e3 4036000000000000 4056c00000000000 406ac00000000000 4024000000000000
poi 65 4026b4bc6a7ef9db 403a389374bc6a7f 402a000000000000 405b400000000000 4070d00000000000 4037000000000000
poi 66 c01bfae147ae147b 40431e978d4fdf3b 4031000000000000 4074400000000000 407d400000000000 4037000000000000
poi 67 405285604189374c c0411ba5e353f7cf 4014000000000000 4069600000000000 4074f00000000000 4034000000000000
poi 68 402c9a1cac083127 bfe999999999999a 401c000000000000 4066000000000000 4075e00000000000 4014000000000000
poi 69 c057890624dd2f1b c04863b645a1cac1 3ff0000000000000 4055800000000000 406b000000000000 402c000000000000
poi 70 402ea9fbe76c8b44 c04515a1cac08312 4008000000000000 4073b00000000000 407a000000000000 3ff0000000000000
poi 71 c0475189374bc6a8 c0307604189374bc 4024000000000000 4076300000000000 407c000000000000 4024000000000000
poi 72 bfeea7ef9db22d0e c054400000000000 4014000000000000 406e600000000000 407a600000000000 4008000000000000
poi 73 c042b8f5c28f5c29 c04540a3d70a3d71 3ff0000000000000 407a400000000000 4082080000000000 4010000000000000
poi 74 c00d70a3d70a3d71 c05144ac083126e9 4031000000000000 4074400000000000 407c900000000000 4037000000000000
poi 75 4041726e978d4fdf c034e5e353f7ced9 402c000000000000 4073700000000000 407db00000000000 4035000000000000
poi 76 4046c5a1cac08312 4049b47ae147ae14 4010000000000000 4057000000000000 406a800000000000 4008000000000000
poi 77 c03fed4fdf3b645a 40560f4bc6a7ef9e 4024000000000000 407d600000000000 4083d80000000000 4035000000000000
poi 78 c02b28f5c28f5c29 c03af5810624dd2f 4039000000000000 4078600000000000 4080180000000000 4039000000000000
poi 79 40294e5604189375 c0482b851eb851ec 4026000000000000 406fa00000000000 4077500000000000 4014000000000000
poi 80 c04716e978d4fdf4 c043226e978d4fdf 4030000000000000 4073000000000000 4079b00000000000 4026000000000000
poi 81 c03d9eb851eb851f 40418a9fbe76c8b4 4039000000000000 4070d00000000000 407b600000000000 4024000000000000
poi 82 402b645a1cac0831 4045fe76c8b43958 4034000000000000 4069800000000000 4077200000000000 4014000000000000
poi 83 40432bc6a7ef9db2 c0472b4395810625 4008000000000000 407c800000000000 4081d80000000000 4008000000000000
poi 84 c03a3a1cac083127 40388189374bc6a8 401c000000000000 4066c00000000000 4071100000000000 402a000000000000
poi 85 4056809374bc6a7f c045d1eb851eb852 4000000000000000 4072500000000000 4079c00000000000 4033000000000000
poi 86 c01bfae147ae147b 403685a1cac08312 4018000000000000 4065400000000000 4073d00000000000 402a000000000000
poi 87 c03dfe353f7ced91 c03cd9db22d0e560 402c000000000000 4066e00000000000 4071400000000000 4020000000000000
poi 88 c04c224dd2f1a9fc c0502f5c28f5c28f 402c000000000000 406f600000000000 4079000000000000 402a000000000000
poi 89 c055da8f5c28f5c3 4056b2f1a9fbe76d 4000000000000000 4074500000000000 407cc00000000000 402e000000000000
poi 90 c0170c49ba5e353f 404b045a1cac0831 402e000000000000 4073b00000000000 407a000000000000 4024000000000000
poi 91 c0416c28f5c28f5c c03b2f5c28f5c28f 4036000000000000 4073600000000000 407b900000000000 4010000000000000
poi 92 c0307a9fbe76c8b4 40302e147ae147ae 4010000000000000 4057c00000000000 4070a00000000000 4037000000000000
poi 93 4037b645a1cac083 403d7df3b645a1cb 4036000000000000 4077a00000000000 4080700000000000 4037000000000000
poi 94 c0447ed916872b02 40474c083126e979 4033000000000000 4079600000000000 4081080000000000 402c000000000000
poi 95 c04ac20c49ba5e35 c0359e76c8b43958 4014000000000000 407b400000000000 4080b80000000000 4034000000000000
poi 96 c0318f5c28f5c28f 4042bf3b645a1cac 4024000000000000 4074e00000000000 407cd00000000000 4008000000000000
poi 97 c042a7ced916872b 404c6b020c49ba5e 4010000000000000 4072400000000000 4079b00000000000 4014000000000000
poi 98 4051e0f5c28f5c29 4036828f5c28f5c3 401c000000000000 407ae00000000000 4081f80000000000 4030000000000000
poi 99 c044ee978d4fdf3b 403bb5c28f5c28f6 4026000000000000 4061a00000000000 4072b00000000000 4035000000000000
poi 100 402da353f7ced917 c054877ced916873 402c000000000000 4076300000000000 4080a00000000000 4010000000000000
poi 101 403e50e560418937 c04ba9374bc6a7f0 4000000000000000 4060e00000000000 406dc00000000000 4000000000000000
poi 102 c0439604189374bc 4047ffbe76c8b439 4028000000000000 4068200000000000 4074100000000000 4026000000000000
poi 103 c0579a8f5c28f5c3 402e624dd2f1a9fc 4028000000000000 4068000000000000 4074200000000000 402e000000000000
poi 104 c01f395810624dd3 40268bc6a7ef9db2 4038000000000000 4067200000000000 4072300000000000 4030000000000000
poi 105 403c922d0e560419 c048f4395810624e 4020000000000000 405cc00000000000 4071e00000000000 4008000000000000
poi 106 c034a76c8b439581 40388dd2f1a9fbe7 4010000000000000 405bc00000000000 4071c00000000000 4035000000000000
poi 107 c03ef6872b020c4a c032e72b020c49ba 4039000000000000 4075300000000000 407ed00000000000 4035000000000000
poi 108 3ffb89374bc6a7f0 c034726e978d4fdf 4018000000000000 406ac00000000000 4075f00000000000 4039000000000000
poi 109 c03f03126e978d50 c0351b22d0e56042 4022000000000000 407c400000000000 4081480000000000 4028000000000000
poi 110 c0556df3b645a1cb c03c03d70a3d70a4 4037000000000000 4071a00000000000 407a300000000000 4035000000000000
poi 111 404d69ba5e353f7d c04f85810624dd2f 402e000000000000 4079c00000000000 4080a00000000000 4018000000000000
poi 112 c02f8189374bc6a8 c04a57ced916872b 401c000000000000 407bf00000000000 4082d80000000000 4000000000000000
poi 113 c051ea4dd2f1a9fc 4049978d4fdf3b64 4018000000000000 4075e00000000000 4080600000000000 4038000000000000
poi 114 c0572883126e978d c01a645a1cac0831 4014000000000000 4075100000000000 407c800000000000 4035000000000000
poi 115 4040c10624dd2f1b c048a0a3d70a3d71 4028000000000000 405b800000000000 406d600000000000 4038000000000000
poi 116 404da83126e978d5 404b0c28f5c28f5c 4008000000000000 405dc00000000000 4070c00000000000 4026000000000000
poi 117 403ebcac083126e9 c03c6f9db22d0e56 4036000000000000 4071800000000000 4078c00000000000 4028000000000000
poi 118 c04bf2b020c49ba6 403274fdf3b645a2 4032000000000000 4054800000000000 406ac00000000000 4036000000000000
poi 119 c0567d70a3d70a3d c043c4189374bc6a 4030000000000000 407a200000000000 4081f00000000000 4033000000000000
poi 120 40423810624dd2f2 4034d1a9fbe76c8b 4014000000000000 4069200000000000 4074000000000000 4020000000000000
poi 121 c04ad645a1cac083 c04c36a7ef9db22d 3ff0000000000000 407ad00000000000 4082200000000000 4022000000000000
poi 122 c03fddb22d0e5604 404044dd2f1a9fbe 4020000000000000 4056800000000000 4067c00000000000 4024000000000000
poi 123 4016a1cac083126f 402983126e978d50 4034000000000000 4076100000000000 407ff00000000000 4014000000000000
poi 124 c04a73d70a3d70a4 404566e978d4fdf4 4031000000000000 4078a00000000000 4080c80000000000 402c000000000000
poi 125 404790c49ba5e354 c046bb851eb851ec 4026000000000000 4076600000000000 407c700000000000 401c000000000000
poi 126 403ecac083126e98 4023bced916872b0 4020000000000000 4060600000000000 4071200000000000 4014000000000000
poi 127 c0469ac083126e98 c04c25810624dd2f 402e000000000000 4077100000000000 4080400000000000 4036000000000000
poi 128 4025d6872b020c4a 402a9cac083126e9 4030000000000000 4070e00000000000 407c100000000000 4014000000000000
poi 129 c0407eb851eb851f c04100624dd2f1aa 4018000000000000 4071f00000000000 4079800000000000 3ff0000000000000
poi 130 c0446f3b645a1cac 403e94395810624e 4038000000000000 4055400000000000 4066200000000000 4022000000000000
poi 131 c0515645a1cac083 40541a1cac083127 4024000000000000 4070200000000000 4076000000000000 4030000000000000
poi 132 c04d7ba5e353f7cf c03d8a7ef9db22d1 4010000000000000 4076400000000000 407c200000000000 402c000000000000
poi 133 c0426c6a7ef9db23 c040dae147ae147b 4024000000000000 406c400000000000 4073e00000000000 4035000000000000
poi 134 c035d1eb851eb852 4050579db22d0e56 4031000000000000 4076b00000000000 407e200000000000 4020000000000000
poi 135 4036fae147ae147b c0448147ae147ae1 4014000000000000 4076700000000000 4080000000000000 401c000000000000
poi 136 c05363a5e353f7cf 404de83126e978d5 402c000000000000 406d000000000000 4079800000000000 4038000000000000
poi 137 c0479a3d70a3d70a 4050ee6666666666 4030000000000000 4073b00000000000 407ba00000000000 4038000000000000
poi 138 c0359b22d0e56042 404195810624dd2f 4026000000000000 4068800000000000 4074f00000000000 4030000000000000
poi 139 c04bd6872b020c4a c03f624dd2f1a9fc 4039000000000000 4067600000000000 4072000000000000 4010000000000000
poi 140 c0554ea7ef9db22d 4056326e978d4fdf 4010000000000000 4076200000000000 407f400000000000 401c000000000000
poi 141 c00f5810624dd2f2 c04fc33333333333 4028000000000000 4070e00000000000 4077600000000000 402a000000000000
poi 142 c04d474bc6a7ef9e 404db00000000000 4033000000000000 407da00000000000 4083480000000000 4039000000000000
poi 143 c0388ac083126e98 402ddeb851eb851f 4018000000000000 4077700000000000 407dc00000000000 4024000000000000
poi 144 c04863b645a1cac1 4030f7ced916872b 4037000000000000 407d000000000000 4081780000000000 4038000000000000
# inst pr04
name pr04
n 193
tmax 408f400000000000
poi 0 c028916872b020c5 402250e560418937 0000000000000000 0000000000000000 408f400000000000 0000000000000000
poi 1 c0465083126e978d c04bd1eb851eb852 4026000000000000 4078a00000000000 407f700000000000 4018000000000000
poi 2 40420c49ba5e353f 40503bd70a3d70a4 4026000000000000 406e600000000000 4076200000000000 4030000000000000
poi 3 c0397851eb851eb8 40464a3d70a3d70a 4037000000000000 405ec00000000000 406f200000000000 401c000000000000
poi 4 c040fa1cac083127 c05243c6a7ef9db2 4030000000000000 405a000000000000 406c200000000000 4034000000000000
poi 5 4046d3b645a1cac1 4041dd70a3d70a3d 4030000000000000 407d300000000000 4083400000000000 401c000000000000
poi 6 402de872b020c49c c0425c083126e979 4000000000000000 4068c00000000000 4074400000000000 4020000000000000
poi 7 bff7a1cac083126f 40479a3d70a3d70a 3ff0000000000000 406e000000000000 4078200000000000 4010000000000000
poi 8 40013d70a3d70a3d c04474bc6a7ef9db 4039000000000000 4068200000000000 4077100000000000 4037000000000000
poi 9 4036fdf3b645a1cb 3ff65e353f7ced91 4038000000000000 4073800000000000 407ba00000000000 4010000000000000
poi 10 c03cdb645a1cac08 4017d3f7ced91687 402c000000000000 4060400000000000 406f400000000000 4014000000000000
poi 11 c0480f5c28f5c28f 4057876c8b439581 4018000000000000 4073900000000000 407c900000000000 402e000000000000
poi 12 401cf4bc6a7ef9db 4031526e978d4fdf 4034000000000000 4067a00000000000 4072d00000000000 4028000000000000
poi 13 401274bc6a7ef9db 403b0d0e56041893 4024000000000000 4073400000000000 4079700000000000 4028000000000000
poi 14 c02bf126e978d4fe 403c32b020c49ba6 4026000000000000 4077c00000000000 407d700000000000 4032000000000000
poi 15 4029e45a1cac0831 c027604189374bc7 4000000000000000 407d800000000000 4082c00000000000 4033000000000000
poi 16 c04255c28f5c28f6 40371a1cac083127 4036000000000000 406c600000000000 4077500000000000 4031000000000000
poi 17 c010e5604189374c c048a7ae147ae148 4000000000000000 4076800000000000 407d800000000000 4000000000000000
poi 18 3ff17ced916872b0 c01c8a3d70a3d70a 4028000000000000 4075700000000000 407ce00000000000 402e000000000000
poi 19 c04c7a9fbe76c8b4 403be7ae147ae148 4022000000000000 407b800000000000 4081600000000000 4024000000000000
poi 20 c0543f9db22d0e56 c0536be76c8b4396 4035000000000000 4053000000000000 406f400000000000 4008000000000000
poi 21 405210a3d70a3d71 404d8374bc6a7efa 4024000000000000 4077b00000000000 4080200000000000 4038000000000000
poi 22 c035a7ae147ae148 3ffa2d0e56041893 402a000000000000 4072700000000000 407c600000000000 3ff0000000000000
poi 23 c034276c8b439581 c04f351eb851eb85 4039000000000000 4054400000000000 406e800000000000 4036000000000000
poi 24 c04814189374bc6a 401925e353f7ced9 4022000000000000 407a100000000000 4080180000000000 4036000000000000
poi 25 c0144fdf3b645a1d 404ecc6a7ef9db23 4033000000000000 4052c00000000000 4069000000000000 4031000000000000
poi 26 4031251eb851eb85 c04785e353f7ced9 4036000000000000 407bf00000000000 4081200000000000 401c000000000000
poi 27 c03010624dd2f1aa 40211d2f1a9fbe77 4010000000000000 405e000000000000 406d200000000000 4026000000000000
poi 28 401abb645a1cac08 c03b11a9fbe76c8b 4010000000000000 4053400000000000 406c000000000000 4010000000000000
poi 29 402e0dd2f1a9fbe7 c0417d4fdf3b645a 401c000000000000 4065800000000000 4074a00000000000 402e000000000000
poi 30 4042f916872b020c 40527a7ef9db22d1 4034000000000000 4061800000000000 4073800000000000 402e000000000000
poi 31 c0449978d4fdf3b6 c045824dd2f1a9fc 4031000000000000 4051c00000000000 406b000000000000 4022000000000000
poi 32 404044dd2f1a9fbe 4027926e978d4fdf 4033000000000000 4062600000000000 4070200000000000 402e000000000000
poi 33 c0344e5604189375 c0343d2f1a9fbe77 4028000000000000 4079c00000000000 4081200000000000 3ff0000000000000
poi 34 c041bd70a3d70a3d 4033228f5c28f5c3 4000000000000000 4063800000000000 4073b00000000000 402a000000000000
poi 35 404d04dd2f1a9fbe 404c545a1cac0831 402a000000000000 405ac00000000000 406f200000000000 4031000000000000
poi 36 c04258d4fdf3b646 c0190624dd2f1aa0 4038000000000000 4070c00000000000 407b600000000000 4031000000000000
poi 37 3fdc8b4395810625 c0475e147ae147ae 4036000000000000 406f600000000000 407a700000000000 4039000000000000
poi 38 c033b0a3d70a3d71 40437d0e56041893 4031000000000000 4060000000000000 4071b00000000000 4014000000000000
poi 39 c047ab645a1cac08 4034e9374bc6a7f0 4033000000000000 4062000000000000 4070c00000000000 4039000000000000
poi 40 c053cf1a9fbe76c9 c04cd6c8b4395810 4010000000000000 405e000000000000 406c800000000000 4000000000000000
poi 41 40166353f7ced917 c04109ba5e353f7d 4028000000000000 405c800000000000 4071c00000000000 4022000000000000
poi 42 40413a1cac083127 c02093f7ced91687 4036000000000000 4074700000000000 407b900000000000 401c000000000000
poi 43 4032800000000000 c04993b645a1cac1 4000000000000000 4075d00000000000 407e200000000000 4014000000000000
poi 44 c011624dd2f1a9fc c046433333333333 4033000000000000 406ca00000000000 4076500000000000 4008000000000000
poi 45 c02c4bc6a7ef9db2 c0528a7ef9db22d1 4008000000000000 4073400000000000 4079f00000000000 4031000000000000
poi 46 4033ddf3b645a1cb 405360f5c28f5c29 4014000000000000 406c400000000000 4076100000000000 4028000000000000
poi 47 c0490a1cac083127 4031def9db22d0e5 4036000000000000 405cc00000000000 406c200000000000 4035000000000000
poi 48 4045649ba5e353f8 c053f883126e978d 4018000000000000 4079800000000000 4080700000000000 4032000000000000
poi 49 3ff851eb851eb852 c03d08b439581062 4022000000000000 4052400000000000 4068c00000000000 4020000000000000
poi 50 402d74bc6a7ef9db c00b7ced916872b0 4020000000000000 4066800000000000 4073b00000000000 402c000000000000
poi 51 c03a2a7ef9db22d1 c0487fdf3b645a1d 4038000000000000 4062400000000000 4070000000000000 4036000000000000
poi 52 c04fefbe76c8b439 c015178d4fdf3b64 402e000000000000 407cd00000000000 4081600000000000 4030000000000000
poi 53 c04b11a9fbe76c8b 401c5810624dd2f2 4030000000000000 4064a00000000000 4074800000000000 4035000000000000
poi 54 4031ee978d4fdf3b c0410c083126e979 4022000000000000 4073600000000000 4079000000000000 401c000000000000
poi 55 c058ad2f1a9fbe77 404146a7ef9db22d 3ff0000000000000 4051800000000000 406ca00000000000 4028000000000000
poi 56 403ccd4fdf3b645a c02129fbe76c8b44 4032000000000000 4068800000000000 4076b00000000000 4000000000000000
poi 57 4005ba5e353f7cee 4056a604189374bc 4031000000000000 405fc00000000000 406e800000000000 4014000000000000
poi 58 c03f0624dd2f1aa0 40487810624dd2f2 4032000000000000 4078a00000000000 407ea00000000000 4008000000000000
poi 59 c04745c28f5c28f6 40452872b020c49c 4000000000000000 4079c00000000000 4082680000000000 4026000000000000
poi 60 403b49fbe76c8b44 404d16e978d4fdf4 4039000000000000 407bc00000000000 4082400000000000 4000000000000000
poi 61 403cd0a3d70a3d71 c03c06e978d4fdf4 4035000000000000 4075a00000000000 4080100000000000 401c000000000000
poi 62 c03a195810624dd3 4026a7ef9db22d0e 4033000000000000 4074600000000000 407ac00000000000 4034000000000000
poi 63 3fe12f1a9fbe76c9 c03a389374bc6a7f 4024000000000000 405a800000000000 4071800000000000 401c000000000000
poi 64 c0493a9fbe76c8b4 401f3f7ced916873 4000000000000000 407c500000000000 4081100000000000 4026000000000000
poi 65 403e0147ae147ae1 4033178d4fdf3b64 4035000000000000 407de00000000000 4082680000000000 4038000000000000
poi 66 c029353f7ced9168 40360ed916872b02 4034000000000000 4074400000000000 407ae00000000000 402e000000000000
poi 67 4036024dd2f1a9fc c02145a1cac08312 4035000000000000 407d100000000000 4083380000000000 4014000000000000
poi 68 4021e24dd2f1a9fc 4007000000000000 4000000000000000 407dc00000000000 4083280000000000 4039000000000000
poi 69 c033cfdf3b645a1d 3fed810624dd2f1b 4018000000000000 4061600000000000 406ee00000000000 4028000000000000
poi 70 c010eb851eb851ec 403f400000000000 4000000000000000 407bc00000000000 4080d00000000000 4036000000000000
poi 71 4031f9999999999a bfda2d0e56041893 4028000000000000 4050400000000000 406da00000000000 4026000000000000
poi 72 c002cccccccccccd 40457810624dd2f2 4028000000000000 4073d00000000000 407df00000000000 4030000000000000
poi 73 c03084189374bc6a 40510570a3d70a3d 4014000000000000 4064e00000000000 4075800000000000 4024000000000000
poi 74 bff30a3d70a3d70a 404502f1a9fbe76d 4014000000000000 4070400000000000 4078d00000000000 4008000000000000
poi 75 404c5147ae147ae1 c046026e978d4fdf 4020000000000000 4072100000000000 407cc00000000000 4024000000000000
poi 76 404cbdd2f1a9fbe7 4041c083126e978d 402e000000000000 4062000000000000 4070000000000000 4031000000000000
poi 77 c03a195810624dd3 401de872b020c49c 4020000000000000 4070e00000000000 4077f00000000000 4000000000000000
poi 78 401df4bc6a7ef9db c04c9e978d4fdf3b 401c000000000000 4077900000000000 407f500000000000 4035000000000000
poi 79 c0361851eb851eb8 404be3d70a3d70a4 402c000000000000 405c000000000000 4071d00000000000 4030000000000000
poi 80 4033ddf3b645a1cb 40436978d4fdf3b6 4032000000000000 4067200000000000 4075700000000000 4018000000000000
poi 81 40153d70a3d70a3d 40489c083126e979 4031000000000000 4066000000000000 4072900000000000 4028000000000000
poi 82 402e4f5c28f5c28f 4019322d0e560419 4014000000000000 4074400000000000 407ad00000000000 4037000000000000
poi 83 4015ec8b43958106 c03f800000000000 4018000000000000 4071100000000000 407b300000000000 4037000000000000
poi 84 401fd604189374bc c03ca978d4fdf3b6 4022000000000000 4065800000000000 4073b00000000000 4032000000000000
poi 85 c052f3f7ced91687 40100a3d70a3d70a 4038000000000000 405ec00000000000 4072e00000000000 4032000000000000
poi 86 c045d5e353f7ced9 c04ed2b020c49ba6 402a000000000000 4077d00000000000 407db00000000000 402c000000000000
poi 87 c0049ba5e353f7cf c04f11eb851eb852 4014000000000000 407dd00000000000 4082500000000000 4000000000000000
poi 88 c032d78d4fdf3b64 c0427126e978d4fe 4010000000000000 4068800000000000 4071f00000000000 4026000000000000
poi 89 4034d810624dd2f2 40352ac083126e98 4036000000000000 406bc00000000000 4074700000000000 4038000000000000
poi 90 4009189374bc6a7f c0333851eb851eb8 4038000000000000 4069e00000000000 4074a00000000000 402c000000000000
poi 91 c0345c6a7ef9db23 4032e0c49ba5e354 4039000000000000 405a000000000000 4071300000000000 4008000000000000
poi 92 bfecb4395810624e c04b7810624dd2f2 4022000000000000 407d400000000000 4083f00000000000 4035000000000000
poi 93 c03d8d916872b021 40228dd2f1a9fbe7 4020000000000000 407a100000000000 4081f00000000000 4020000000000000
poi 94 40143126e978d4fe c04185e353f7ced9 4020000000000000 4062400000000000 406f600000000000 4033000000000000
poi 95 403bc24dd2f1a9fc 40485b22d0e56042 4039000000000000 4075900000000000 407fc00000000000 401c000000000000
poi 96 40282872b020c49c c0452c49ba5e353f 401c000000000000 4078200000000000 407e300000000000 4033000000000000
poi 97 c049a28f5c28f5c3 4044926e978d4fdf 4038000000000000 4065a00000000000 4070900000000000 4037000000000000
poi 98 c03d13b645a1cac1 401129fbe76c8b44 4030000000000000 4064e00000000000 4073100000000000 4020000000000000
poi 99 c0328e147ae147ae c02da353f7ced917 402e000000000000 4067800000000000 4071700000000000 4032000000000000
poi 100 401f6b851eb851ec c048b9ba5e353f7d 401c000000000000 4072100000000000 407c100000000000 401c000000000000
poi 101 c0331db22d0e5604 c0400b020c49ba5e 4031000000000000 407a700000000000 4080500000000000 3ff0000000000000
poi 102 4031a6a7ef9db22d c04a22b020c49ba6 4022000000000000 406bc00000000000 4078700000000000 4022000000000000
poi 103 4030e83126e978d5 c04f7b645a1cac08 402c000000000000 405e400000000000 4070200000000000 4014000000000000
poi 104 4032fced916872b0 4018e04189374bc7 4034000000000000 407a900000000000 4082100000000000 4037000000000000
poi 105 c051383126e978d5 c050227ef9db22d1 4018000000000000 406a800000000000 4073e00000000000 4032000000000000
poi 106 c02ab8d4fdf3b646 40344395810624dd 4031000000000000 4075900000000000 407b600000000000 4014000000000000
poi 107 c0463851eb851eb8 404fdc49ba5e353f 4037000000000000 405f000000000000 406bc00000000000 4031000000000000
poi 108 c01a000000000000 4051dbe76c8b4396 402c000000000000 4052c00000000000 4066000000000000 4022000000000000
poi 109 c049fd2f1a9fbe77 403968b439581062 4033000000000000 406ba00000000000 4077a00000000000 4033000000000000
poi 110 bfe7a5e353f7ced9 404dbed916872b02 4035000000000000 4051000000000000 4066a00000000000 4034000000000000
poi 111 c0502b74bc6a7efa 4054c26e978d4fdf 4018000000000000 4074200000000000 407dc00000000000 3ff0000000000000
poi 112 c0268bc6a7ef9db2 c041f8d4fdf3b646 3ff0000000000000 4068a00000000000 4076700000000000 4032000000000000
poi 113 c030dd2f1a9fbe77 401f1a9fbe76c8b4 4036000000000000 4062600000000000 4071a00000000000 402e000000000000
poi 114 4033d7ced916872b c048e70a3d70a3d7 401c000000000000 4056000000000000 4067600000000000 4024000000000000
poi 115 c03048b439581062 c0077ced916872b0 402c000000000000 4060000000000000 406cc00000000000 4020000000000000
poi 116 4020b645a1cac083 4050c29fbe76c8b4 401c000000000000 4075b00000000000 4080000000000000 402c000000000000
poi 117 403ee0c49ba5e354 403850e560418937 4039000000000000 407b700000000000 4081980000000000 402e000000000000
poi 118 40576189374bc6a8 c0343ba5e353f7cf 4031000000000000 4073e00000000000 407a700000000000 4031000000000000
poi 119 c022a9fbe76c8b44 c04c16a7ef9db22d 4024000000000000 407dd00000000000 4082480000000000 4022000000000000
poi 120 c041389374bc6a7f c04fa7ef9db22d0e 4037000000000000 4077700000000000 407ea00000000000 402a000000000000
poi 121 4034f0e560418937 c01695810624dd2f 4036000000000000 4079e00000000000 4080700000000000 4032000000000000
poi 122 c00b5810624dd2f2 40566604189374bc 4008000000000000 4068800000000000 4075d00000000000 4034000000000000
poi 123 c032bced916872b0 40469d0e56041893 402c000000000000 4075600000000000 407b300000000000 4020000000000000
poi 124 40037ae147ae147b c03e8624dd2f1aa0 402c000000000000 4067000000000000 4075900000000000 4000000000000000
poi 125 c03cdd2f1a9fbe77 404c4ed916872b02 4000000000000000 4073400000000000 407c300000000000 401c000000000000
poi 126 40533851eb851eb8 c03de6a7ef9db22d 4000000000000000 4079900000000000 407fe00000000000 4018000000000000
poi 127 c0569dd2f1a9fbe7 40248e5604189375 4035000000000000 405ec00000000000 406c800000000000 4028000000000000
poi 128 c0418ced916872b0 404745c28f5c28f6 4024000000000000 407df00000000000 4084780000000000 4028000000000000
poi 129 c048328f5c28f5c3 4045ed4fdf3b645a 4024000000000000 4060600000000000 406bc00000000000 4039000000000000
poi 130 c0447f9db22d0e56 403ab3f7ced91687 4014000000000000 4063000000000000 4071500000000000 4018000000000000
poi 131 402b645a1cac0831 40414db22d0e5604 4022000000000000 4063c00000000000 4072300000000000 4014000000000000
poi 132 c051de353f7ced91 4026e66666666666 402e000000000000 4074200000000000 407da00000000000 4034000000000000
poi 133 c0421d70a3d70a3d 4049f3b645a1cac1 4033000000000000 4075900000000000 407f000000000000 4000000000000000
poi 134 c043bb851eb851ec 4013a0c49ba5e354 401c000000000000 407ad00000000000 4080d80000000000 4039000000000000
poi 135 c03090a3d70a3d71 4037c5e353f7ced9 4026000000000000 406c400000000000 4073e00000000000 401c000000000000
poi 136 4025820c49ba5e35 c03c8d4fdf3b645a 4000000000000000 4072800000000000 407a500000000000 4018000000000000
poi 137 c037076c8b439581 404781eb851eb852 4039000000000000 4068a00000000000 4075200000000000 4035000000000000
poi 138 c0219d2f1a9fbe77 4035374bc6a7ef9e 402c000000000000 4077100000000000 407e000000000000 4033000000000000
poi 139 c04404fdf3b645a2 403b6f5c28f5c28f 402e000000000000 407d900000000000 4083c80000000000 4036000000000000
poi 140 c042b8f5c28f5c29 c044851eb851eb85 4028000000000000 4077400000000000 4081200000000000 4020000000000000
poi 141 40481cac083126e9 3fb5c28f5c28f5c3 4026000000000000 4079100000000000 4081080000000000 4033000000000000
poi 142 bfd4ac083126e979 40510f2b020c49ba 4031000000000000 407a800000000000 4082b80000000000 4018000000000000
poi 143 c02c96872b020c4a c040b624dd2f1aa0 4010000000000000 4078900000000000 407f800000000000 4038000000000000
poi 144 bff70a3d70a3d70a c041683126e978d5 4038000000000000 407c500000000000 4083300000000000 402e000000000000
poi 145 c0413a1cac083127 40452c49ba5e353f 4020000000000000 4057000000000000 406f200000000000 4039000000000000
poi 146 40215ba5e353f7cf c0508b851eb851ec 4034000000000000 406fc00000000000 4079200000000000 4018000000000000
poi 147 c04e9fdf3b645a1d c049aef9db22d0e5 4028000000000000 4050800000000000 406cc00000000000 4035000000000000
poi 148 bff17ced916872b0 4023d2f1a9fbe76d 4024000000000000 406d200000000000 4077400000000000 4010000000000000
poi 149 c03090a3d70a3d71 4050a3020c49ba5e 4028000000000000 406f200000000000 4079b00000000000 4024000000000000
poi 150 4020deb851eb851f 404a6b4395810625 4022000000000000 4062000000000000 406e600000000000 4030000000000000
poi 151 c03608b439581062 c04272b020c49ba6 4030000000000000 4072700000000000 4079900000000000 4028000000000000
poi 152 402f87ae147ae148 4031526e978d4fdf 4037000000000000 407de00000000000 4084380000000000 402a000000000000
poi 153 40220189374bc6a8 c032b1eb851eb852 402e000000000000 4060000000000000 406ec00000000000 4000000000000000
poi 154 c0125604189374bc 400bed916872b021 4024000000000000 407cf00000000000 4082000000000000 4008000000000000
poi 155 4021c00000000000 404454bc6a7ef9db 4035000000000000 4077b00000000000 4081080000000000 4024000000000000
poi 156 403a17ced916872b c040fba5e353f7cf 4000000000000000 4070100000000000 407ad00000000000 4032000000000000
poi 157 c0404020c49ba5e3 4043c353f7ced917 4030000000000000 4063400000000000 406f800000000000 4032000000000000
poi 158 c0405083126e978d c054a52f1a9fbe77 402e000000000000 407c800000000000 4082d80000000000 4026000000000000
poi 159 c0589f1a9fbe76c9 403605604189374c 4026000000000000 406e400000000000 4077200000000000 401c000000000000
poi 160 c04d86a7ef9db22d 4010a6e978d4fdf4 4026000000000000 406b200000000000 4077700000000000 4032000000000000
poi 161 401db645a1cac083 c0048f5c28f5c28f 4031000000000000 4076100000000000 4080380000000000 402e000000000000
poi 162 c04dcced916872b0 4028f020c49ba5e3 4008000000000000 405d800000000000 4071900000000000 4014000000000000
poi 163 c02672b020c49ba6 c03fd47ae147ae14 4022000000000000 4069e00000000000 4074e00000000000 4034000000000000
poi 164 c030cf1a9fbe76c9 c041851eb851eb85 3ff0000000000000 4061200000000000 4072a00000000000 4022000000000000
poi 165 4035dced916872b0 403223d70a3d70a4 402a000000000000 4068600000000000 4074c00000000000 4036000000000000
poi 166 404684dd2f1a9fbe c04ea872b020c49c 3ff0000000000000 4061c00000000000 4071b00000000000 402a000000000000
poi 167 c0486872b020c49c 4039916872b020c5 4000000000000000 4053800000000000 406cc00000000000 4038000000000000
poi 168 c040178d4fdf3b64 c030bc6a7ef9db23 4036000000000000 4079b00000000000 4081f00000000000 4010000000000000
poi 169 4028e0c49ba5e354 c044bef9db22d0e5 4024000000000000 4071c00000000000 407ae00000000000 4030000000000000
poi 170 c03514fdf3b645a2 c05344cccccccccd 4010000000000000 4074700000000000 407a600000000000 4030000000000000
poi 171 c031d26e978d4fdf c032849ba5e353f8 4022000000000000 4050000000000000 4065a00000000000 402c000000000000
poi 172 40482ac083126e98 40576126e978d4fe 4026000000000000 4074f00000000000 407b700000000000 402c000000000000
poi 173 c032ad4fdf3b645a 404880a3d70a3d71 4008000000000000 407a200000000000 4080b80000000000 4039000000000000
poi 174 402847ae147ae148 403e0ac083126e98 4033000000000000 4070300000000000 407a600000000000 4037000000000000
poi 175 4008e76c8b439581 c04426a7ef9db22d 4033000000000000 4066e00000000000 4074e00000000000 4037000000000000
poi 176 4031220c49ba5e35 40428a1cac083127 4010000000000000 4074b00000000000 407d700000000000 4010000000000000
poi 177 403693b645a1cac1 3feac083126e978d 4033000000000000 4074900000000000 407cc00000000000 4031000000000000
poi 178 c03e6d0e56041893 404a789374bc6a7f 402e000000000000 4061400000000000 4071900000000000 4028000000000000
poi 179 4040e1eb851eb852 c050c6e978d4fdf4 4035000000000000 406d800000000000 4079e00000000000 4026000000000000
poi 180 4015a7ef9db22d0e 3ff883126e978d50 4039000000000000 4060400000000000 406be00000000000 4038000000000000
poi 181 405209fbe76c8b44 403e1a5e353f7cee 4010000000000000 4063e00000000000 4072e00000000000 4036000000000000
poi 182 c0381be76c8b4396 c041500000000000 4008000000000000 4056c00000000000 4067c00000000000 4024000000000000
poi 183 403169ba5e353f7d 4052c95810624dd3 4018000000000000 4077000000000000 407f500000000000 4024000000000000
poi 184 402546a7ef9db22d c04e06a7ef9db22d 4018000000000000 407ce00000000000 4082a80000000000 4024000000000000
poi 185 c014b4395810624e c0487fdf3b645a1d 4035000000000000 4070300000000000 4079400000000000 4014000000000000
poi 186 c033578d4fdf3b64 40351e353f7ced91 4039000000000000 407df00000000000 4083c80000000000 402a000000000000
poi 187 c04766a7ef9db22d c02d526e978d4fdf 4024000000000000 4058c00000000000 406b400000000000 4032000000000000
poi 188 c030c76c8b439581 4045b83126e978d5 4039000000000000 4072e00000000000 407ad00000000000 4039000000000000
poi 189 402c2f9db22d0e56 c02b35c28f5c28f6 4033000000000000 4072a00000000000 407ad00000000000 4028000000000000
poi 190 c0351020c49ba5e3 403a04dd2f1a9fbe 4033000000000000 406fe00000000000 407a300000000000 4032000000000000
poi 191 4043e810624dd2f2 c04455810624dd2f 4036000000000000 407c700000000000 4082600000000000 4022000000000000
poi 192 404a074bc6a7ef9e 403e55810624dd2f 4014000000000000 4060c00000000000 406ce00000000000 4037000000000000
# inst pr05
name pr05
n 241
tmax 408f400000000000
poi 0 40215cac083126e9 c024e0c49ba5e354 0000000000000000 0000000000000000 408f400000000000 0000000000000000
poi 1 40507f6c8b439581 c048ea1cac083127 4024000000000000 4078c00000000000 407ec00000000000 4034000000000000
poi 2 c0427810624dd2f2 c0425f1a9fbe76c9 4039000000000000 4066000000000000 4075a00000000000 4034000000000000
poi 3 c005df3b645a1cac 4032c624dd2f1aa0 4032000000000000 406a800000000000 4073000000000000 402a000000000000
poi 4 403f1db22d0e5604 c041f4189374bc6a 4030000000000000 4063a00000000000 4070a00000000000 402a000000000000
poi 5 40064fdf3b645a1d 402004189374bc6a 402c000000000000 4075900000000000 407c700000000000 4031000000000000
poi 6 403f26e978d4fdf4 4045d51eb851eb85 401c000000000000 406e400000000000 4077700000000000 4038000000000000
poi 7 c04226e978d4fdf4 c0354e978d4fdf3b 4022000000000000 4077f00000000000 407fa00000000000 402e000000000000
poi 8 404a683126e978d5 404185e353f7ced9 4030000000000000 4058c00000000000 4070500000000000 4028000000000000
poi 9 402688b439581062 4034a8f5c28f5c29 4038000000000000 407b800000000000 4082800000000000 4034000000000000
poi 10 bfe3ef9db22d0e56 40371d2f1a9fbe77 4018000000000000 406aa00000000000 4074400000000000 4034000000000000
poi 11 40458ba5e353f7cf c028b851eb851eb8 4036000000000000 4071800000000000 4078400000000000 4008000000000000
poi 12 401b6a7ef9db22d1 403312b020c49ba6 4026000000000000 4075700000000000 407fc00000000000 4020000000000000
poi 13 c01b645a1cac0831 40395126e978d4fe 4033000000000000 4075300000000000 407f400000000000 4030000000000000
poi 14 c03bee147ae147ae c037b645a1cac083 4034000000000000 4074500000000000 407d700000000000 4034000000000000
poi 15 40409eb851eb851f c03e7cac083126e9 4034000000000000 407b500000000000 4081e80000000000 4035000000000000
poi 16 404ff147ae147ae1 c04a70c49ba5e354 4030000000000000 4063400000000000 4073300000000000 4037000000000000
poi 17 c02b5810624dd2f2 c045f8f5c28f5c29 4014000000000000 4063600000000000 4070d00000000000 4035000000000000
poi 18 bfe4b4395810624e c03b8083126e978d 4035000000000000 4072200000000000 4079500000000000 4008000000000000
poi 19 404db3f7ced91687 c048a16872b020c5 4033000000000000 407bf00000000000 4082180000000000 4033000000000000
poi 20 403b2ac083126e98 c016da1cac083127 4032000000000000 4077200000000000 407d500000000000 4034000000000000
poi 21 40518010624dd2f2 c034d810624dd2f2 4036000000000000 4077e00000000000 4081080000000000 401c000000000000
poi 22 4041a9db22d0e560 c0504ab020c49ba6 4033000000000000 406ba00000000000 4073900000000000 402c000000000000
poi 23 c02cc5a1cac08312 c0451e353f7ced91 402e000000000000 4075200000000000 407e300000000000 4038000000000000
poi 24 40335db22d0e5604 403e45e353f7ced9 4038000000000000 4057800000000000 4068a00000000000 4008000000000000
poi 25 c043e4fdf3b645a2 402433b645a1cac1 4034000000000000 4058800000000000 4067c00000000000 402a000000000000
poi 26 c02f8189374bc6a8 c0441a1cac083127 4031000000000000 406ce00000000000 4075800000000000 3ff0000000000000
poi 27 c03c6b020c49ba5e c04440624dd2f1aa 4034000000000000 406b000000000000 4075d00000000000 4014000000000000
poi 28 403b14bc6a7ef9db 40237851eb851eb8 4028000000000000 407d600000000000 4081980000000000 4000000000000000
poi 29 4036347ae147ae14 c0226e978d4fdf3b 4037000000000000 4062c00000000000 4072c00000000000 4022000000000000
poi 30 bfea8f5c28f5c28f c01a19999999999a 402e000000000000 4079800000000000 4081a80000000000 4032000000000000
poi 31 40246f1a9fbe76c9 4052e1fbe76c8b44 4033000000000000 4071400000000000 4079e00000000000 4014000000000000
poi 32 401dc8b439581062 4032800000000000 4037000000000000 407ad00000000000 4082d80000000000 4028000000000000
poi 33 404874fdf3b645a2 c0344b4395810625 4022000000000000 4079f00000000000 4080d00000000000 4026000000000000
poi 34 c032f53f7ced9168 c03daccccccccccd 4035000000000000 4073a00000000000 407d500000000000 4031000000000000
poi 35 4030d0a3d70a3d71 c01aa2d0e5604189 4031000000000000 4075800000000000 407eb00000000000 4035000000000000
poi 36 4004126e978d4fdf c03e6b851eb851ec 4018000000000000 4076f00000000000 407e600000000000 4014000000000000
poi 37 402ed916872b020c 4013a6e978d4fdf4 4024000000000000 4076400000000000 407f700000000000 4014000000000000
poi 38 404e2851eb851eb8 4056734395810625 4022000000000000 405b800000000000 406d800000000000 401c000000000000
poi 39 404433d70a3d70a4 c046aef9db22d0e5 4033000000000000 4069400000000000 4075b00000000000 4038000000000000
poi 40 c03ad645a1cac083 c04b22d0e5604189 4031000000000000 4072a00000000000 407c300000000000 3ff0000000000000
poi 41 40514af1a9fbe76d 405224ed916872b0 4036000000000000 4077800000000000 407ec00000000000 4028000000000000
poi 42 c036d0a3d70a3d71 40471624dd2f1aa0 4020000000000000 4077700000000000 4081000000000000 4018000000000000
poi 43 c02c84189374bc6a c03e3fbe76c8b439 4039000000000000 4071700000000000 407a000000000000 4014000000000000
poi 44 4053033333333333 402825604189374c 402a000000000000 4051800000000000 406b600000000000 4033000000000000
poi 45 404f85810624dd2f 404e02d0e5604189 3ff0000000000000 4065c00000000000 4071e00000000000 4037000000000000
poi 46 c0343d2f1a9fbe77 c0547e147ae147ae 402e000000000000 4067000000000000 4073700000000000 4020000000000000
poi 47 c04495810624dd2f c04502f1a9fbe76d 4030000000000000 4068e00000000000 4072400000000000 3ff0000000000000
poi 48 4053ccbc6a7ef9db c03d04189374bc6a 4034000000000000 4076200000000000 407d700000000000 4034000000000000
poi 49 c034ba5e353f7cee c01c45a1cac08312 402c000000000000 4079e00000000000 4081b80000000000 4030000000000000
poi 50 c010a6e978d4fdf4 c04abf9db22d0e56 4000000000000000 4066400000000000 4070c00000000000 4020000000000000
poi 51 4043cc083126e979 c0443ae147ae147b 4014000000000000 4069400000000000 4073e00000000000 4030000000000000
poi 52 c047900000000000 c053766666666666 4030000000000000 406d200000000000 4074f00000000000 4039000000000000
poi 53 bff3ba5e353f7cee 4048974bc6a7ef9e 4028000000000000 4060800000000000 4071900000000000 4014000000000000
poi 54 bfd7ced916872b02 c03b4395810624dd 3ff0000000000000 405f400000000000 4070200000000000 4024000000000000
poi 55 403f8978d4fdf3b6 c02171a9fbe76c8b 402e000000000000 407ab00000000000 4080b80000000000 4038000000000000
poi 56 bfc126e978d4fdf4 c0344395810624dd 4014000000000000 4067e00000000000 4072900000000000 4030000000000000
poi 57 405099374bc6a7f0 c03ab0e560418937 4022000000000000 4079000000000000 4081b80000000000 401c000000000000
poi 58 40186a7ef9db22d1 c05005f3b645a1cb 4020000000000000 4069200000000000 4076b00000000000 402c000000000000
poi 59 402b16872b020c4a c034dfbe76c8b439 4000000000000000 4060a00000000000 4073600000000000 4026000000000000
poi 60 404b1b020c49ba5e c01a25e353f7ced9 4024000000000000 407ad00000000000 4081f00000000000 402e000000000000
poi 61 40360bc6a7ef9db2 c0411189374bc6a8 4039000000000000 4077600000000000 407d400000000000 4037000000000000
poi 62 c023722d0e560419 4012d2f1a9fbe76d 4038000000000000 405e400000000000 4072400000000000 4014000000000000
poi 63 c0272b020c49ba5e c0476db22d0e5604 401c000000000000 406d000000000000 4074d00000000000 4030000000000000
poi 64 c0073d70a3d70a3d bfd3851eb851eb85 402c000000000000 4078c00000000000 4081280000000000 402a000000000000
poi 65 402bac8b43958106 c04639db22d0e560 4008000000000000 407aa00000000000 4082080000000000 4032000000000000
poi 66 40317ae147ae147b 403bbf3b645a1cac 4037000000000000 4074400000000000 407e300000000000 402c000000000000
poi 67 4007c6a7ef9db22d c045d83126e978d5 4035000000000000 4073200000000000 407d900000000000 4008000000000000
poi 68 c0462d4fdf3b645a c04319db22d0e560 402a000000000000 4076300000000000 407c600000000000 4036000000000000
poi 69 c04db3126e978d50 3ff8395810624dd3 402e000000000000 4068000000000000 4076f00000000000 4030000000000000
poi 70 c02ae76c8b439581 c052e1fbe76c8b44 402c000000000000 4063200000000000 4074b00000000000 4030000000000000
poi 71 c016126e978d4fdf c049f9374bc6a7f0 401c000000000000 4068400000000000 4076200000000000 4000000000000000
poi 72 c0232d916872b021 c03ae147ae147ae1 4034000000000000 4078700000000000 4080b80000000000 4033000000000000
poi 73 4033516872b020c5 403d7f7ced916873 4018000000000000 4074e00000000000 407b900000000000 4037000000000000
poi 74 403a3eb851eb851f 40425f1a9fbe76c9 4038000000000000 4068800000000000 4075200000000000 4018000000000000
poi 75 4045da7ef9db22d1 c03c0872b020c49c 4031000000000000 4070c00000000000 407be00000000000 4026000000000000
poi 76 c04a0353f7ced917 c041ab645a1cac08 4008000000000000 4068a00000000000 4072c00000000000 4033000000000000
poi 77 c020deb851eb851f bfbdb22d0e560419 402e000000000000 4051400000000000 406b800000000000 4008000000000000
poi 78 4056471a9fbe76c9 404f0f9db22d0e56 4018000000000000 4076c00000000000 407e600000000000 402c000000000000
poi 79 4018449ba5e353f8 c03021cac083126f 4035000000000000 4078700000000000 4080780000000000 402c000000000000
poi 80 403b1810624dd2f2 c0146978d4fdf3b6 4039000000000000 4050800000000000 4067200000000000 4033000000000000
poi 81 403b86e978d4fdf4 c02eb020c49ba5e3 4032000000000000 4055000000000000 406ee00000000000 4008000000000000
poi 82 4045416872b020c5 4040072b020c49ba 3ff0000000000000 407bc00000000000 4082080000000000 4032000000000000
poi 83 40394f9db22d0e56 402960c49ba5e354 4033000000000000 4056800000000000 406a200000000000 4038000000000000
poi 84 4047e395810624dd c02989ba5e353f7d 4031000000000000 4064400000000000 4070b00000000000 4018000000000000
poi 85 c00924dd2f1a9fbe c02bac8b43958106 4034000000000000 4077500000000000 4080500000000000 3ff0000000000000
poi 86 4028f6c8b4395810 c0538676c8b43958 3ff0000000000000 4065600000000000 4072e00000000000 4008000000000000
poi 87 c03509fbe76c8b44 c00b70a3d70a3d71 402a000000000000 4075f00000000000 407db00000000000 402e000000000000
poi 88 c0093126e978d4fe c04bb74bc6a7ef9e 4039000000000000 4061c00000000000 4070a00000000000 4032000000000000
poi 89 404a8126e978d4fe 405539999999999a 4030000000000000 405d800000000000 4071b00000000000 4014000000000000
poi 90 4041d1a9fbe76c8b c047c6a7ef9db22d 4014000000000000 4058800000000000 406e600000000000 4037000000000000
poi 91 4045b6a7ef9db22d c03270624dd2f1aa 4032000000000000 4073e00000000000 407b700000000000 4024000000000000
poi 92 401a645a1cac0831 c04b49fbe76c8b44 4031000000000000 407a600000000000 4082700000000000 4034000000000000
poi 93 4055fced916872b0 405780c49ba5e354 402e000000000000 407c800000000000 4083700000000000 4026000000000000
poi 94 40438d70a3d70a3d c0485f1a9fbe76c9 402a000000000000 4073200000000000 407d200000000000 4030000000000000
poi 95 c0482b851eb851ec c03a7a1cac083127 402e000000000000 406fe00000000000 4078900000000000 402e000000000000
poi 96 4052003126e978d5 c0228189374bc6a8 4000000000000000 407b700000000000 4082a00000000000 4033000000000000
poi 97 c042ddb22d0e5604 400aced916872b02 3ff0000000000000 407da00000000000 4083a00000000000 4010000000000000
poi 98 c0507de353f7ced9 c0425fdf3b645a1d 4022000000000000 4074300000000000 407c700000000000 402c000000000000
poi 99 c030ab4395810625 c041a45a1cac0831 4030000000000000 406d600000000000 4075d00000000000 4037000000000000
poi 100 40257be76c8b4396 c012ad0e56041893 4018000000000000 406c000000000000 4077000000000000 4026000000000000
poi 101 402f3020c49ba5e3 c017449ba5e353f8 4032000000000000 4072300000000000 4078200000000000 4035000000000000
poi 102 40359b22d0e56042 c0321be76c8b4396 4038000000000000 406f400000000000 4077200000000000 402c000000000000
poi 103 4023916872b020c5 4048a3d70a3d70a4 4038000000000000 407d700000000000 4083400000000000 4030000000000000
poi 104 4057896872b020c5 c011f7ced916872b 4022000000000000 406ec00000000000 4076500000000000 4039000000000000
poi 105 4024c395810624dd c0304d4fdf3b645a 4033000000000000 4073400000000000 407b800000000000 4031000000000000
poi 106 bff73f7ced916873 bfeb8d4fdf3b645a 4028000000000000 4064000000000000 4070800000000000 4030000000000000
poi 107 c018e04189374bc7 40394e147ae147ae 4036000000000000 4074900000000000 407cd00000000000 402a000000000000
poi 108 c019000000000000 40246f1a9fbe76c9 402a000000000000 4076400000000000 407ff00000000000 4037000000000000
poi 109 c03171a9fbe76c8b c051b2e147ae147b 4034000000000000 4079a00000000000 4080a00000000000 4024000000000000
poi 110 c04b8b851eb851ec c045ed4fdf3b645a 4039000000000000 4071300000000000 407c600000000000 4000000000000000
poi 111 c022e24dd2f1a9fc 4037b95810624dd3 3ff0000000000000 406d200000000000 4074b00000000000 402e000000000000
poi 112 4021f4bc6a7ef9db 4041b3f7ced91687 4038000000000000 4076f00000000000 4080b00000000000 402c000000000000
poi 113 c030c10624dd2f1b bfe9fbe76c8b4396 4024000000000000 4076c00000000000 407cc00000000000 4036000000000000
poi 114 4050b6872b020c4a c042ebc6a7ef9db2 4036000000000000 4070300000000000 407ad00000000000 402e000000000000
poi 115 402d6e978d4fdf3b c037b95810624dd3 402c000000000000 4062400000000000 4073a00000000000 4030000000000000
poi 116 4040bc6a7ef9db23 403406a7ef9db22d 4028000000000000 4063600000000000 406ea00000000000 4028000000000000
poi 117 405099374bc6a7f0 c051871a9fbe76c9 4037000000000000 4066400000000000 4073600000000000 402c000000000000
poi 118 c016a7ef9db22d0e 4021c3126e978d50 402c000000000000 4060a00000000000 4072c00000000000 402e000000000000
poi 119 c0146978d4fdf3b6 c0475d4fdf3b645a 4037000000000000 405cc00000000000 4070900000000000 4026000000000000
poi 120 c021a6e978d4fdf4 404bdf1a9fbe76c9 4039000000000000 4060200000000000 406e000000000000 4026000000000000
poi 121 40176353f7ced917 c0097ced916872b0 4014000000000000 4078f00000000000 4081900000000000 4010000000000000
poi 122 c039b9db22d0e560 c042d8f5c28f5c29 401c000000000000 4072f00000000000 407a200000000000 4037000000000000
poi 123 c02eb9db22d0e560 c0388c49ba5e353f 4039000000000000 4074a00000000000 407c000000000000 402a000000000000
poi 124 4045e5810624dd2f c02634395810624e 4026000000000000 4078a00000000000 4081e00000000000 4036000000000000
poi 125 4031a9fbe76c8b44 c0399a9fbe76c8b4 4032000000000000 4070300000000000 4076600000000000 4031000000000000
poi 126 c043cfdf3b645a1d 404b710624dd2f1b 4032000000000000 4070b00000000000 407a100000000000 4000000000000000
poi 127 c0388dd2f1a9fbe7 c0459ccccccccccd 3ff0000000000000 4072900000000000 407be00000000000 4014000000000000
poi 128 c03ae45a1cac0831 c02979db22d0e560 401c000000000000 4070d00000000000 407ba00000000000 402c000000000000
poi 129 404113d70a3d70a4 c0433a9fbe76c8b4 4036000000000000 4078a00000000000 4081080000000000 3ff0000000000000
poi 130 c047a83126e978d5 c03d77ced916872b 401c000000000000 406b600000000000 4077a00000000000 402a000000000000
poi 131 4048aeb851eb851f c039978d4fdf3b64 4008000000000000 407dd00000000000 4084400000000000 4020000000000000
poi 132 400da3d70a3d70a4 c03072f1a9fbe76d 4032000000000000 4072100000000000 4079a00000000000 4038000000000000
poi 133 40366e147ae147ae c03745e353f7ced9 4020000000000000 407cf00000000000 4082400000000000 4028000000000000
poi 134 c042c645a1cac083 c03d9ba5e353f7cf 4018000000000000 4052800000000000 4065e00000000000 4037000000000000
poi 135 40398c8b43958106 400d645a1cac0831 401c000000000000 4057000000000000 406aa00000000000 3ff0000000000000
poi 136 c02e6e978d4fdf3b 400a45a1cac08312 4034000000000000 4076800000000000 4080580000000000 4000000000000000
poi 137 c029e0c49ba5e354 c01dfae147ae147b 4024000000000000 4054000000000000 406d400000000000 4020000000000000
poi 138 c0361b645a1cac08 403a6f1a9fbe76c9 4000000000000000 405e800000000000 4072800000000000 4032000000000000
poi 139 c031f1a9fbe76c8b 401eee978d4fdf3b 4008000000000000 4075300000000000 407d500000000000 402c000000000000
poi 140 c0353be76c8b4396 402cfae147ae147b 4024000000000000 4078600000000000 407fa00000000000 4037000000000000
poi 141 400c0624dd2f1aa0 c033b53f7ced9168 4014000000000000 405c000000000000 4069e00000000000 402c000000000000
poi 142 40404cac083126e9 c02ddeb851eb851f 4039000000000000 4077600000000000 407ec00000000000 4010000000000000
poi 143 c016f2b020c49ba6 c03c4bc6a7ef9db2 4037000000000000 4079b00000000000 4080a00000000000 4038000000000000
poi 144 c01883126e978d50 c043cfdf3b645a1d 4035000000000000 407ba00000000000 4082100000000000 4022000000000000
poi 145 c003ae147ae147ae 4029a24dd2f1a9fc 402a000000000000 4062000000000000 4071000000000000 402e000000000000
poi 146 c019e147ae147ae1 4020ee978d4fdf3b 3ff0000000000000 4070900000000000 407b700000000000 4024000000000000
poi 147 c042f20c49ba5e35 c0420eb851eb851f 4026000000000000 4067c00000000000 4075a00000000000 4008000000000000
poi 148 4025b4395810624e c032c00000000000 4018000000000000 407a700000000000 4082980000000000 4028000000000000
poi 149 40490d4fdf3b645a 402145a1cac08312 4022000000000000 4056c00000000000 4069200000000000 4018000000000000
poi 150 40476c083126e979 4012d916872b020c 4031000000000000 407a200000000000 4080080000000000 3ff0000000000000
poi 151 40339916872b020c c024cfdf3b645a1d 402a000000000000 4076400000000000 407c100000000000 4038000000000000
poi 152 c04379374bc6a7f0 404a789374bc6a7f 4037000000000000 405fc00000000000 4071a00000000000 4008000000000000
poi 153 bfe483126e978d50 c03549fbe76c8b44 4033000000000000 4053c00000000000 4066600000000000 4010000000000000
poi 154 404473f7ced91687 c040e1eb851eb852 4026000000000000 4062000000000000 4073800000000000 401c000000000000
poi 155 bfe25e353f7ced91 c04f2645a1cac083 4028000000000000 4076600000000000 407c200000000000 4035000000000000
poi 156 c0238e5604189375 403acb4395810625 4032000000000000 4054800000000000 406c400000000000 3ff0000000000000
poi 157 404121eb851eb852 c037e51eb851eb85 4039000000000000 4071100000000000 4078700000000000 4038000000000000
poi 158 403d926e978d4fdf c0388f9db22d0e56 402a000000000000 4076500000000000 407d900000000000 4014000000000000
poi 159 4030604189374bc7 c04d7189374bc6a8 4038000000000000 4059800000000000 4070c00000000000 4037000000000000
poi 160 404ef04189374bc7 c02e55810624dd2f 4014000000000000 406c600000000000 4077100000000000 4014000000000000
poi 161 40440b4395810625 c023400000000000 402c000000000000 406cc00000000000 4075900000000000 4031000000000000
poi 162 3fbf3b645a1cac08 c012947ae147ae14 4032000000000000 4060200000000000 406ca00000000000 4038000000000000
poi 163 c021dba5e353f7cf c045f395810624dd 4039000000000000 4074b00000000000 407c200000000000 4037000000000000
poi 164 c01c8a3d70a3d70a c04cb78d4fdf3b64 4026000000000000 406d400000000000 4076500000000000 4008000000000000
poi 165 401e333333333333 c03535c28f5c28f6 4032000000000000 4073200000000000 407cd00000000000 4014000000000000
poi 166 400f978d4fdf3b64 401d333333333333 4037000000000000 4075800000000000 407da00000000000 4036000000000000
poi 167 c02e3c6a7ef9db23 40570178d4fdf3b6 4036000000000000 407ad00000000000 4082380000000000 4022000000000000
poi 168 4055348b43958106 c038849ba5e353f8 4034000000000000 4066c00000000000 4071600000000000 4037000000000000
poi 169 c04a29999999999a 403eae978d4fdf3b 4026000000000000 404e800000000000 4063000000000000 402e000000000000
poi 170 401e26e978d4fdf4 402ba2d0e5604189 4026000000000000 4062800000000000 4072e00000000000 402e000000000000
poi 171 c0357be76c8b4396 403e5be76c8b4396 4033000000000000 4077c00000000000 4080f80000000000 4026000000000000
poi 172 40420604189374bc 403de20c49ba5e35 402a000000000000 4075d00000000000 407ce00000000000 4034000000000000
poi 173 40298fdf3b645a1d c044789374bc6a7f 4038000000000000 4079300000000000 407f100000000000 4024000000000000
poi 174 c0314a7ef9db22d1 c024820c49ba5e35 4018000000000000 4051800000000000 406d400000000000 4038000000000000
poi 175 c02514fdf3b645a2 4028cdd2f1a9fbe7 4014000000000000 4062400000000000 4071200000000000 4024000000000000
poi 176 c02fb0a3d70a3d71 c04dbae147ae147b 4038000000000000 405a800000000000 406ce00000000000 4018000000000000
poi 177 403d44189374bc6a c001c6a7ef9db22d 401c000000000000 4069a00000000000 4074500000000000 4036000000000000
poi 178 c029322d0e560419 c04d76e978d4fdf4 402a000000000000 407dc00000000000 4083f80000000000 4039000000000000
poi 179 c0314d916872b021 c041a604189374bc 4039000000000000 406fc00000000000 4076c00000000000 4026000000000000
poi 180 404c866666666666 c0492d4fdf3b645a 402e000000000000 405ec00000000000 4071300000000000 4018000000000000
poi 181 403af0e560418937 403171a9fbe76c8b 402e000000000000 407bf00000000000 4082600000000000 4022000000000000
poi 182 c018c7ae147ae148 c021c3126e978d50 4030000000000000 4077e00000000000 4081580000000000 4018000000000000
poi 183 4030fae147ae147b c030522d0e560419 4014000000000000 406e000000000000 407a200000000000 4028000000000000
poi 184 4054ed70a3d70a3d c040428f5c28f5c3 402e000000000000 4073e00000000000 407b400000000000 4010000000000000
poi 185 4028e6e978d4fdf4 40414b645a1cac08 4038000000000000 4073400000000000 407c000000000000 4038000000000000
poi 186 402e1d2f1a9fbe77 4050c04189374bc7 402e000000000000 407a700000000000 4082a80000000000 4032000000000000
poi 187 4039d16872b020c5 c017570a3d70a3d7 4022000000000000 4077e00000000000 407e700000000000 4008000000000000
poi 188 402b54fdf3b645a2 c02da9fbe76c8b44 4033000000000000 4071000000000000 407ba00000000000 4032000000000000
poi 189 404829374bc6a7f0 c014a7ef9db22d0e 402e000000000000 4076700000000000 407f000000000000 4031000000000000
poi 190 402afa5e353f7cee 4033bd2f1a9fbe77 4000000000000000 4072b00000000000 407d900000000000 4037000000000000
poi 191 c03283126e978d50 405059eb851eb852 4008000000000000 407cf00000000000 4084000000000000 4024000000000000
poi 192 40318dd2f1a9fbe7 40433083126e978d 4032000000000000 407bb00000000000 4082400000000000 4036000000000000
poi 193 4042e33333333333 c03000c49ba5e354 4034000000000000 406dc00000000000 4078a00000000000 4014000000000000
poi 194 4047fbe76c8b4396 c03e4f5c28f5c28f 402c000000000000 4077d00000000000 407fe00000000000 4030000000000000
poi 195 4043672b020c49ba 40421f1a9fbe76c9 4024000000000000 4061c00000000000 4071c00000000000 4024000000000000
poi 196 c03016c8b4395810 c0456ba5e353f7cf 4018000000000000 4077500000000000 407e300000000000 4024000000000000
poi 197 403ca7ef9db22d0e bfffd70a3d70a3d7 4031000000000000 407d500000000000 4083180000000000 4022000000000000
poi 198 c0176f9db22d0e56 bffdcac083126e98 4034000000000000 4073900000000000 407e900000000000 4014000000000000
poi 199 404e420c49ba5e35 404fb53f7ced9168 4008000000000000 405ec00000000000 4072d00000000000 4022000000000000
poi 200 404f9916872b020c c047e20c49ba5e35 402c000000000000 406a200000000000 4074000000000000 4028000000000000
poi 201 c02e9db22d0e5604 c03748f5c28f5c29 4028000000000000 407c800000000000 4083c00000000000 4030000000000000
poi 202 c007000000000000 3fe92f1a9fbe76c9 4000000000000000 4056c00000000000 4070000000000000 4020000000000000
poi 203 4040072b020c49ba c02459999999999a 4026000000000000 4074900000000000 407a500000000000 3ff0000000000000
poi 204 c032a24dd2f1a9fc c039aa3d70a3d70a 4030000000000000 4052c00000000000 406aa00000000000 3ff0000000000000
poi 205 c00d0e5604189375 40396ed916872b02 4032000000000000 4068c00000000000 4072a00000000000 4032000000000000
poi 206 4024f5c28f5c28f6 4036e353f7ced917 402c000000000000 406e400000000000 4077b00000000000 4036000000000000
poi 207 3ffd1a9fbe76c8b4 c008126e978d4fdf 4018000000000000 405f000000000000 4072a00000000000 4034000000000000
poi 208 c039466666666666 c0285db22d0e5604 4028000000000000 406c200000000000 4074200000000000 4010000000000000
poi 209 404c76a7ef9db22d c052e072b020c49c 4035000000000000 4071500000000000 407b300000000000 402e000000000000
poi 210 402bc51eb851eb85 c0421d70a3d70a3d 3ff0000000000000 4071100000000000 4077e00000000000 401c000000000000
poi 211 4040428f5c28f5c3 c03d85e353f7ced9 4032000000000000 4064400000000000 4070700000000000 4039000000000000
poi 212 40133645a1cac083 c01d26e978d4fdf4 4031000000000000 4073300000000000 407c500000000000 4008000000000000
poi 213 4026bae147ae147b c020b020c49ba5e3 402e000000000000 405b000000000000 4070100000000000 4036000000000000
poi 214 4031204189374bc7 c038a5604189374c 4010000000000000 407af00000000000 4082b00000000000 4014000000000000
poi 215 c040d49ba5e353f8 c0449ed916872b02 4032000000000000 4079100000000000 4080b00000000000 3ff0000000000000
poi 216 c040320c49ba5e35 c0497147ae147ae1 4036000000000000 406fc00000000000 407af00000000000 4022000000000000
poi 217 40370a7ef9db22d1 c02cfdf3b645a1cb 4030000000000000 4075600000000000 407dd00000000000 4030000000000000
poi 218 c035db645a1cac08 c043c04189374bc7 402c000000000000 407d400000000000 4083080000000000 4037000000000000
poi 219 404001a9fbe76c8b 4053553f7ced9168 4039000000000000 4065600000000000 4075800000000000 4014000000000000
poi 220 402ba978d4fdf3b6 c0530c28f5c28f5c 402e000000000000 4071a00000000000 407a300000000000 4014000000000000
poi 221 c0201a1cac083127 c0352dd2f1a9fbe7 4018000000000000 4065400000000000 4071a00000000000 4018000000000000
poi 222 403964189374bc6a 40474e76c8b43958 401c000000000000 407c000000000000 4081b80000000000 4030000000000000
poi 223 4048c49ba5e353f8 c04b51cac083126f 4035000000000000 4071b00000000000 4079700000000000 4039000000000000
poi 224 404fb53f7ced9168 c02145a1cac08312 4008000000000000 407a200000000000 4080880000000000 3ff0000000000000
poi 225 40026872b020c49c c01624dd2f1a9fbe 402e000000000000 407d000000000000 4083680000000000 4039000000000000
poi 226 404a3624dd2f1aa0 403de51eb851eb85 4038000000000000 406f600000000000 4076700000000000 4031000000000000
poi 227 4022978d4fdf3b64 c030410624dd2f1b 4000000000000000 407d400000000000 4082080000000000 4026000000000000
poi 228 40416c28f5c28f5c c0580bd70a3d70a4 4031000000000000 4078600000000000 4081980000000000 4038000000000000
poi 229 c0351020c49ba5e3 c044bfbe76c8b439 4000000000000000 4060800000000000 4072700000000000 4024000000000000
poi 230 403c72b020c49ba6 40247be76c8b4396 4039000000000000 4071a00000000000 407ba00000000000 4028000000000000
poi 231 4030410624dd2f1b c036953f7ced9168 402e000000000000 405ec00000000000 4072200000000000 4031000000000000
poi 232 c04251cac083126f c04104395810624e 4008000000000000 4073600000000000 4079100000000000 4032000000000000
poi 233 c03b5b22d0e56042 c04916a7ef9db22d 3ff0000000000000 407a000000000000 4081880000000000 4014000000000000
poi 234 c04ada3d70a3d70a 4026ab020c49ba5e 3ff0000000000000 407b600000000000 4080d00000000000 4030000000000000
poi 235 403a46a7ef9db22d c017f9db22d0e560 4034000000000000 4070c00000000000 407bf00000000000 4022000000000000
poi 236 c03f84dd2f1a9fbe 40414b645a1cac08 4033000000000000 407cd00000000000 4082c00000000000 4018000000000000
poi 237 c02d395810624dd3 c03f8189374bc6a8 4000000000000000 4073100000000000 407b800000000000 3ff0000000000000
poi 238 c010f7ced916872b c03edd70a3d70a3d 4022000000000000 4072a00000000000 407d700000000000 4010000000000000
poi 239 c0328624dd2f1aa0 c03d7c6a7ef9db23 4010000000000000 4079400000000000 4082300000000000 4034000000000000
poi 240 c031220c49ba5e35 c03365a1cac08312 4030000000000000 4068400000000000 4075900000000000 4033000000000000
# inst pr06
name pr06
n 289
tmax 408f400000000000
poi 0 c0056872b020c49c c022ef1a9fbe76c9 0000000000000000 0000000000000000 408f400000000000 0000000000000000
poi 1 c0508b22d0e56042 c042e7ced916872b 4033000000000000 4078c00000000000 407ec00000000000 402a000000000000
poi 2 4005624dd2f1a9fc c0419c8b43958106 4035000000000000 4066000000000000 4075a00000000000 4030000000000000
poi 3 40436020c49ba5e3 40213c6a7ef9db23 4031000000000000 406a800000000000 4073000000000000 3ff0000000000000
poi 4 404f5395810624dd 4034aac083126e98 4018000000000000 4063a00000000000 4070a00000000000 4022000000000000
poi 5 404e7cac083126e9 c01870a3d70a3d71 4018000000000000 4075900000000000 407c700000000000 4034000000000000
poi 6 c058a23d70a3d70a c043c4189374bc6a 4033000000000000 406e400000000000 4077700000000000 4000000000000000
poi 7 4020d26e978d4fdf c0545189374bc6a8 4031000000000000 4077f00000000000 407fa00000000000 4014000000000000
poi 8 c02d2353f7ced917 403a0e5604189375 4033000000000000 4058c00000000000 4070500000000000 4024000000000000
poi 9 c04117ced916872b c0532c9ba5e353f8 4000000000000000 407b800000000000 4082800000000000 4024000000000000
poi 10 404b928f5c28f5c3 c040f49ba5e353f8 4008000000000000 406aa00000000000 4074400000000000 4039000000000000
poi 11 402fbced916872b0 40216e978d4fdf3b 4038000000000000 4071800000000000 4078400000000000 4000000000000000
poi 12 c04fb53f7ced9168 c034483126e978d5 4014000000000000 4075700000000000 407fc00000000000 4014000000000000
poi 13 c022b6c8b4395810 c0451b22d0e56042 4022000000000000 4075300000000000 407f400000000000 4030000000000000
poi 14 c04acf3b645a1cac 400dd4fdf3b645a2 4034000000000000 4074500000000000 407d700000000000 4038000000000000
poi 15 404abed916872b02 c00a76c8b4395810 4033000000000000 407b500000000000 4081e80000000000 401c000000000000
poi 16 c0369d2f1a9fbe77 c04065a1cac08312 4034000000000000 4063400000000000 4073300000000000 4033000000000000
poi 17 4043ce5604189375 bff8cccccccccccd 4010000000000000 4063600000000000 4070d00000000000 402e000000000000
poi 18 4030b47ae147ae14 c036bf7ced916873 4008000000000000 4072200000000000 4079500000000000 401c000000000000
poi 19 c0499f5c28f5c28f c02b8395810624dd 4000000000000000 407bf00000000000 4082180000000000 4030000000000000
poi 20 c03de83126e978d5 402cc28f5c28f5c3 4037000000000000 4077200000000000 407d500000000000 4034000000000000
poi 21 c0519c395810624e c03be9374bc6a7f0 4018000000000000 4077e00000000000 4081080000000000 4035000000000000
poi 22 c052d8a3d70a3d71 c03ecf9db22d0e56 4031000000000000 406ba00000000000 4073900000000000 401c000000000000
poi 23 40252e147ae147ae c03cee5604189375 4031000000000000 4075200000000000 407e300000000000 4031000000000000
poi 24 405595c28f5c28f6 c046f7ae147ae148 4008000000000000 4057800000000000 4068a00000000000 4026000000000000
poi 25 400ee978d4fdf3b6 40414a9fbe76c8b4 4030000000000000 4058800000000000 4067c00000000000 4018000000000000
poi 26 c042cc8b43958106 c0450e978d4fdf3b 402e000000000000 406ce00000000000 4075800000000000 4010000000000000
poi 27 40515c28f5c28f5c 3ff610624dd2f1aa 4037000000000000 406b000000000000 4075d00000000000 4030000000000000
poi 28 c02ba2d0e5604189 3ff3eb851eb851ec 402e000000000000 407d600000000000 4081980000000000 4020000000000000
poi 29 c03b1fbe76c8b439 c04304bc6a7ef9db 4028000000000000 4062c00000000000 4072c00000000000 402a000000000000
poi 30 c0515645a1cac083 c02d77ced916872b 4033000000000000 4079800000000000 4081a80000000000 4039000000000000
poi 31 404d49999999999a 403d589374bc6a7f 4037000000000000 4071400000000000 4079e00000000000 4030000000000000
poi 32 404d0d70a3d70a3d 403fb3b645a1cac1 4024000000000000 407ad00000000000 4082d80000000000 4000000000000000
poi 33 c04f200000000000 c0306ccccccccccd 4037000000000000 4079f00000000000 4080d00000000000 4028000000000000
poi 34 c0509872b020c49c 402b2c083126e979 4036000000000000 4073a00000000000 407d500000000000 4028000000000000
poi 35 405101eb851eb852 c028f6c8b4395810 4010000000000000 4075800000000000 407eb00000000000 402c000000000000
poi 36 c03eb374bc6a7efa c044d72b020c49ba 4014000000000000 4076f00000000000 407e600000000000 4030000000000000
poi 37 c04bb1cac083126f c049866666666666 3ff0000000000000 4076400000000000 407f700000000000 4022000000000000
poi 38 40421e5604189375 c0053d70a3d70a3d 4026000000000000 405b800000000000 406d800000000000 4030000000000000
poi 39 bff370a3d70a3d71 40165d2f1a9fbe77 4034000000000000 4069400000000000 4075b00000000000 4000000000000000
poi 40 40248e5604189375 c037f33333333333 4039000000000000 4072a00000000000 407c300000000000 4035000000000000
poi 41 c01ca2d0e5604189 40426df3b645a1cb 4032000000000000 4077800000000000 407ec00000000000 401c000000000000
poi 42 c0568d0e56041893 404e95a1cac08312 4010000000000000 4077700000000000 4081000000000000 4008000000000000
poi 43 40472f1a9fbe76c9 4050453f7ced9168 4024000000000000 4071700000000000 407a000000000000 4014000000000000
poi 44 402ab22d0e560419 403f5f3b645a1cac 4031000000000000 4051800000000000 406b600000000000 4028000000000000
poi 45 c05264395810624e c03cd6c8b4395810 401c000000000000 4065c00000000000 4071e00000000000 4022000000000000
poi 46 c044c395810624dd c0428c6a7ef9db23 4010000000000000 4067000000000000 4073700000000000 4026000000000000
poi 47 c04e7810624dd2f2 c03b3ef9db22d0e5 4008000000000000 4068e00000000000 4072400000000000 4031000000000000
poi 48 404327ef9db22d0e 404b3020c49ba5e3 4028000000000000 4076200000000000 407d700000000000 4024000000000000
poi 49 403a4e5604189375 4027f33333333333 402a000000000000 4079e00000000000 4081b80000000000 4014000000000000
poi 50 40249810624dd2f2 c0482c49ba5e353f 4038000000000000 4066400000000000 4070c00000000000 4008000000000000
poi 51 404a35604189374c c03c5ced916872b0 4030000000000000 4069400000000000 4073e00000000000 3ff0000000000000
poi 52 c045e0c49ba5e354 c043abe76c8b4396 4000000000000000 406d200000000000 4074f00000000000 4008000000000000
poi 53 4048a872b020c49c 4026ca3d70a3d70a 401c000000000000 4060800000000000 4071900000000000 4014000000000000
poi 54 4046cbe76c8b4396 4011624dd2f1a9fc 402e000000000000 405f400000000000 4070200000000000 4039000000000000
poi 55 c039fd2f1a9fbe77 c02fa0c49ba5e354 4028000000000000 407ab00000000000 4080b80000000000 402c000000000000
poi 56 4050503126e978d5 c04dd0c49ba5e354 402e000000000000 4067e00000000000 4072900000000000 4010000000000000
poi 57 402837ced916872b c0413189374bc6a8 4031000000000000 4079000000000000 4081b80000000000 402c000000000000
poi 58 4028c7ae147ae148 c030410624dd2f1b 4030000000000000 4069200000000000 4076b00000000000 4034000000000000
poi 59 3fe0cccccccccccd 4051671a9fbe76c9 3ff0000000000000 4060a00000000000 4073600000000000 4014000000000000
poi 60 c0215ba5e353f7cf 401f147ae147ae14 4022000000000000 407ad00000000000 4081f00000000000 4036000000000000
poi 61 4044bbc6a7ef9db2 c041820c49ba5e35 4010000000000000 4077600000000000 407d400000000000 4031000000000000
poi 62 4027b7ced916872b c0417c8b43958106 4008000000000000 405e400000000000 4072400000000000 4033000000000000
poi 63 bff4e5604189374c c04d0810624dd2f2 3ff0000000000000 406d000000000000 4074d00000000000 4022000000000000
poi 64 4018189374bc6a7f c03f049ba5e353f8 4010000000000000 4078c00000000000 4081280000000000 4030000000000000
poi 65 3ffc9ba5e353f7cf c04045a1cac08312 4018000000000000 407aa00000000000 4082080000000000 4033000000000000
poi 66 403d45a1cac08312 c019f9db22d0e560 3ff0000000000000 4074400000000000 407e300000000000 4026000000000000
poi 67 4037f33333333333 40257be76c8b4396 4033000000000000 4073200000000000 407d900000000000 4018000000000000
poi 68 c05078c49ba5e354 404474bc6a7ef9db 3ff0000000000000 4076300000000000 407c600000000000 4037000000000000
poi 69 c02430a3d70a3d71 403a41cac083126f 4000000000000000 4068000000000000 4076f00000000000 4038000000000000
poi 70 404d0be76c8b4396 4050d6872b020c4a 4039000000000000 4063200000000000 4074b00000000000 4035000000000000
poi 71 405680f5c28f5c29 4022f851eb851eb8 4010000000000000 4068400000000000 4076200000000000 4030000000000000
poi 72 c01a7ced916872b0 402e6e978d4fdf3b 4010000000000000 4078700000000000 4080b80000000000 402e000000000000
poi 73 c007000000000000 c0456ba5e353f7cf 402a000000000000 4074e00000000000 407b900000000000 4037000000000000
poi 74 c042db645a1cac08 c01d395810624dd3 4032000000000000 4068800000000000 4075200000000000 4036000000000000
poi 75 404615e353f7ced9 c02672b020c49ba6 4022000000000000 4070c00000000000 407be00000000000 4035000000000000
poi 76 c04d5a1cac083127 c00676c8b4395810 4014000000000000 4068a00000000000 4072c00000000000 4035000000000000
poi 77 c00f4bc6a7ef9db2 4024245a1cac0831 4028000000000000 4051400000000000 406b800000000000 4035000000000000
poi 78 c044af5c28f5c28f bff7eb851eb851ec 4036000000000000 4076c00000000000 407e600000000000 401c000000000000
poi 79 404d16e978d4fdf4 403b9020c49ba5e3 4022000000000000 4078700000000000 4080780000000000 402e000000000000
poi 80 c04fee353f7ced91 403a25a1cac08312 4026000000000000 4050800000000000 4067200000000000 402e000000000000
poi 81 c04c65810624dd2f c02fd604189374bc 4018000000000000 4055000000000000 406ee00000000000 4030000000000000
poi 82 4036378d4fdf3b64 c03b824dd2f1a9fc 4033000000000000 407bc00000000000 4082080000000000 402a000000000000
poi 83 bff07ef9db22d0e5 c02dad0e56041893 4024000000000000 4056800000000000 406a200000000000 4036000000000000
poi 84 c04cd9fbe76c8b44 c024f5c28f5c28f6 3ff0000000000000 4064400000000000 4070b00000000000 3ff0000000000000
poi 85 405436353f7ced91 4019322d0e560419 4024000000000000 4077500000000000 4080500000000000 4036000000000000
poi 86 4007189374bc6a7f 4025a4dd2f1a9fbe 4034000000000000 4065600000000000 4072e00000000000 4038000000000000
poi 87 c042b1eb851eb852 c01f333333333333 4032000000000000 4075f00000000000 407db00000000000 4018000000000000
poi 88 c040cccccccccccd c03abd70a3d70a3d 3ff0000000000000 4061c00000000000 4070a00000000000 4014000000000000
poi 89 4057cc9ba5e353f8 40383b22d0e56042 4026000000000000 405d800000000000 4071b00000000000 402c000000000000
poi 90 c02bced916872b02 403d53b645a1cac1 4034000000000000 4058800000000000 406e600000000000 4033000000000000
poi 91 c04abb020c49ba5e 4022978d4fdf3b64 4028000000000000 4073e00000000000 407b700000000000 4030000000000000
poi 92 4050e4fdf3b645a2 402a0395810624dd 4031000000000000 407a600000000000 4082700000000000 4034000000000000
poi 93 c054f8624dd2f1aa c04aa1eb851eb852 4030000000000000 407c800000000000 4083700000000000 4028000000000000
poi 94 403e4147ae147ae1 c0521b851eb851ec 4008000000000000 4073200000000000 407d200000000000 401c000000000000
poi 95 c036553f7ced9168 c03489ba5e353f7d 402c000000000000 406fe00000000000 4078900000000000 4037000000000000
poi 96 400ded916872b021 c041bb020c49ba5e 4028000000000000 407b700000000000 4082a00000000000 4022000000000000
poi 97 c03417ced916872b c045fdb22d0e5604 4022000000000000 407da00000000000 4083a00000000000 4033000000000000
poi 98 c047d7ef9db22d0e c03519999999999a 3ff0000000000000 4074300000000000 407c700000000000 4031000000000000
poi 99 c034726e978d4fdf c02bb2b020c49ba6 401c000000000000 406d600000000000 4075d00000000000 3ff0000000000000
poi 100 404141eb851eb852 400fbc6a7ef9db23 401c000000000000 406c000000000000 4077000000000000 4039000000000000
poi 101 40348395810624dd c027c49ba5e353f8 4014000000000000 4072300000000000 4078200000000000 4028000000000000
poi 102 c04704fdf3b645a2 c03690a3d70a3d71 4022000000000000 406f400000000000 4077200000000000 402e000000000000
poi 103 c043d0a3d70a3d71 4039628f5c28f5c3 402e000000000000 407d700000000000 4083400000000000 4030000000000000
poi 104 bff0666666666666 4049376c8b439581 4010000000000000 406ec00000000000 4076500000000000 4024000000000000
poi 105 c03ca1cac083126f 40377c6a7ef9db23 4024000000000000 4073400000000000 407b800000000000 4038000000000000
poi 106 c04a7f9db22d0e56 c0303f7ced916873 4035000000000000 4064000000000000 4070800000000000 4038000000000000
poi 107 c00ac28f5c28f5c3 c036f47ae147ae14 4000000000000000 4074900000000000 407cd00000000000 4032000000000000
poi 108 c04f51eb851eb852 c03a595810624dd3 4018000000000000 4076400000000000 407ff00000000000 4035000000000000
poi 109 4039672b020c49ba 3fe0fdf3b645a1cb 3ff0000000000000 4079a00000000000 4080a00000000000 4035000000000000
poi 110 c03de51eb851eb85 40523ad0e5604189 4037000000000000 4071300000000000 407c600000000000 4031000000000000
poi 111 403aa147ae147ae1 3fff89374bc6a7f0 4038000000000000 406d200000000000 4074b00000000000 401c000000000000
poi 112 c023a0c49ba5e354 40418083126e978d 4030000000000000 4076f00000000000 4080b00000000000 402c000000000000
poi 113 c01f083126e978d5 c04536872b020c4a 4032000000000000 4076c00000000000 407cc00000000000 4020000000000000
poi 114 403ceb020c49ba5e c01c77ced916872b 3ff0000000000000 4070300000000000 407ad00000000000 4000000000000000
poi 115 4047d8b439581062 40420dd2f1a9fbe7 3ff0000000000000 4062400000000000 4073a00000000000 4032000000000000
poi 116 c04a95810624dd2f 4014d2f1a9fbe76d 4035000000000000 4063600000000000 406ea00000000000 4024000000000000
poi 117 40318f5c28f5c28f 402a6d916872b021 4020000000000000 4066400000000000 4073600000000000 4031000000000000
poi 118 401b5810624dd2f2 c003f7ced916872b 4036000000000000 4060a00000000000 4072c00000000000 4034000000000000
poi 119 c031526e978d4fdf 405850a3d70a3d71 4037000000000000 405cc00000000000 4070900000000000 4022000000000000
poi 120 403667ef9db22d0e 403a883126e978d5 4026000000000000 4060200000000000 406e000000000000 4039000000000000
poi 121 c05245c28f5c28f6 c02a8083126e978d 402e000000000000 4078f00000000000 4081900000000000 4018000000000000
poi 122 c0503fbe76c8b439 c0124fdf3b645a1d 402c000000000000 4072f00000000000 407a200000000000 4030000000000000
poi 123 c04173f7ced91687 c045f395810624dd 4030000000000000 4074a00000000000 407c000000000000 4026000000000000
poi 124 c0571624dd2f1aa0 c012116872b020c5 4039000000000000 4078a00000000000 4081e00000000000 4022000000000000
poi 125 3fe4b4395810624e c020fdf3b645a1cb 4028000000000000 4070300000000000 4076600000000000 4022000000000000
poi 126 40143126e978d4fe c042a95810624dd3 4022000000000000 4070b00000000000 407a100000000000 4032000000000000
poi 127 c033147ae147ae14 c02c5b22d0e56042 4034000000000000 4072900000000000 407be00000000000 4024000000000000
poi 128 c051ed0e56041893 c026e66666666666 4036000000000000 4070d00000000000 407ba00000000000 4026000000000000
poi 129 c046ca5e353f7cee c03cb78d4fdf3b64 402a000000000000 4078a00000000000 4081080000000000 402c000000000000
poi 130 c03c59db22d0e560 c037e9fbe76c8b44 4038000000000000 406b600000000000 4077a00000000000 402e000000000000
poi 131 c0307c6a7ef9db23 403eeb851eb851ec 402a000000000000 407dd00000000000 4084400000000000 4033000000000000
poi 132 c054db126e978d50 c034ef5c28f5c28f 4010000000000000 4072100000000000 4079a00000000000 4039000000000000
poi 133 c0281ba5e353f7cf c0349cac083126e9 4036000000000000 407cf00000000000 4082400000000000 4024000000000000
poi 134 c01cbc6a7ef9db23 c04fdc49ba5e353f 4032000000000000 4052800000000000 4065e00000000000 4026000000000000
poi 135 404145e353f7ced9 c021c3126e978d50 4039000000000000 4057000000000000 406aa00000000000 4026000000000000
poi 136 c01375c28f5c28f6 40526c6a7ef9db23 4033000000000000 4076800000000000 4080580000000000 4039000000000000
poi 137 c04200a3d70a3d71 c00f020c49ba5e35 4020000000000000 4054000000000000 406d400000000000 402c000000000000
poi 138 c03c666666666666 c035d1eb851eb852 402a000000000000 405e800000000000 4072800000000000 4034000000000000
poi 139 c04c23f7ced91687 c02e395810624dd3 3ff0000000000000 4075300000000000 407d500000000000 401c000000000000
poi 140 c02608b439581062 40451353f7ced917 3ff0000000000000 4078600000000000 407fa00000000000 3ff0000000000000
poi 141 c04f8bc6a7ef9db2 c04f495810624dd3 4014000000000000 405c000000000000 4069e00000000000 402e000000000000
poi 142 403d7c6a7ef9db23 4053fc6a7ef9db23 4000000000000000 4077600000000000 407ec00000000000 4000000000000000
poi 143 c0506b22d0e56042 bfce76c8b4395810 4036000000000000 4079b00000000000 4080a00000000000 401c000000000000
poi 144 404710a3d70a3d71 c0346a7ef9db22d1 4008000000000000 407ba00000000000 4082100000000000 4035000000000000
poi 145 3ff9333333333333 c0305d2f1a9fbe77 4000000000000000 4062000000000000 4071000000000000 4033000000000000
poi 146 40442374bc6a7efa bff610624dd2f1aa 4018000000000000 4070900000000000 407b700000000000 4031000000000000
poi 147 c02e8ac083126e98 40451fdf3b645a1d 4033000000000000 4067c00000000000 4075a00000000000 4037000000000000
poi 148 40409b851eb851ec c0309d2f1a9fbe77 4014000000000000 407a700000000000 4082980000000000 4031000000000000
poi 149 c05218d4fdf3b646 402a25e353f7ced9 4039000000000000 4056c00000000000 4069200000000000 4034000000000000
poi 150 c0387cac083126e9 4015178d4fdf3b64 4022000000000000 407a200000000000 4080080000000000 4026000000000000
poi 151 c01a645a1cac0831 c03ef4fdf3b645a2 4034000000000000 4076400000000000 407c100000000000 3ff0000000000000
poi 152 403f4978d4fdf3b6 403554fdf3b645a2 4026000000000000 405fc00000000000 4071a00000000000 4026000000000000
poi 153 40348e978d4fdf3b 3fd83126e978d4fe 4032000000000000 4053c00000000000 4066600000000000 402e000000000000
poi 154 c050cccccccccccd c044ab645a1cac08 4039000000000000 4062000000000000 4073800000000000 4008000000000000
poi 155 40362b020c49ba5e c044300000000000 4036000000000000 4076600000000000 407c200000000000 4035000000000000
poi 156 403f2a3d70a3d70a 4001c6a7ef9db22d 4039000000000000 4054800000000000 406c400000000000 4014000000000000
poi 157 4052a89374bc6a7f 403e3810624dd2f2 402c000000000000 4071100000000000 4078700000000000 4026000000000000
poi 158 404e5978d4fdf3b6 4054476c8b439581 4035000000000000 4076500000000000 407d900000000000 4018000000000000
poi 159 c04e5e353f7ced91 4038220c49ba5e35 3ff0000000000000 4059800000000000 4070c00000000000 4031000000000000
poi 160 3fffa5e353f7ced9 4031845a1cac0831 4022000000000000 406c600000000000 4077100000000000 4034000000000000
poi 161 c05424395810624e c0431916872b020c 4000000000000000 406cc00000000000 4075900000000000 4024000000000000
poi 162 c048f6a7ef9db22d c0425b4395810625 4000000000000000 4060200000000000 406ca00000000000 4038000000000000
poi 163 c04e3978d4fdf3b6 c03bd1eb851eb852 4010000000000000 4074b00000000000 407c200000000000 4018000000000000
poi 164 c053afdf3b645a1d c0461ced916872b0 402e000000000000 406d400000000000 4076500000000000 4032000000000000
poi 165 404b2147ae147ae1 c022849ba5e353f8 4026000000000000 4073200000000000 407cd00000000000 402e000000000000
poi 166 c045078d4fdf3b64 c03aa2d0e5604189 402e000000000000 4075800000000000 407da00000000000 4018000000000000
poi 167 c04cab020c49ba5e c030b7ced916872b 402e000000000000 407ad00000000000 4082380000000000 4024000000000000
poi 168 bff46a7ef9db22d1 c02aa8f5c28f5c29 4030000000000000 4066c00000000000 4071600000000000 401c000000000000
poi 169 c0382872b020c49c 404399374bc6a7f0 402c000000000000 404e800000000000 4063000000000000 4038000000000000
poi 170 4031e872b020c49c c044389374bc6a7f 4039000000000000 4062800000000000 4072e00000000000 4008000000000000
poi 171 404dea9fbe76c8b4 c00d645a1cac0831 4022000000000000 4077c00000000000 4080f80000000000 4036000000000000
poi 172 c00c147ae147ae14 40190624dd2f1aa0 4037000000000000 4075d00000000000 407ce00000000000 3ff0000000000000
poi 173 404415604189374c 40213020c49ba5e3 4030000000000000 4079300000000000 407f100000000000 4010000000000000
poi 174 bffb0e5604189375 c04b3020c49ba5e3 4024000000000000 4051800000000000 406d400000000000 4028000000000000
poi 175 c042047ae147ae14 c03110a3d70a3d71 4010000000000000 4062400000000000 4071200000000000 402c000000000000
poi 176 401d19999999999a c0109374bc6a7efa 4039000000000000 405a800000000000 406ce00000000000 4031000000000000
poi 177 403e3810624dd2f2 c01b51eb851eb852 4034000000000000 4069a00000000000 4074500000000000 4034000000000000
poi 178 c03a610624dd2f1b c04f870a3d70a3d7 4014000000000000 407dc00000000000 4083f80000000000 4033000000000000
poi 179 403cc5a1cac08312 bf9fbe76c8b43958 4033000000000000 406fc00000000000 4076c00000000000 4032000000000000
poi 180 4005000000000000 401449ba5e353f7d 4000000000000000 405ec00000000000 4071300000000000 4036000000000000
poi 181 400cc28f5c28f5c3 c03599999999999a 402a000000000000 407bf00000000000 4082600000000000 402c000000000000
poi 182 c0503cac083126e9 c025e978d4fdf3b6 4033000000000000 4077e00000000000 4081580000000000 402c000000000000
poi 183 4032abc6a7ef9db2 c0448147ae147ae1 4000000000000000 406e000000000000 407a200000000000 4034000000000000
poi 184 403d4a7ef9db22d1 40299916872b020c 4030000000000000 4073e00000000000 407b400000000000 4030000000000000
poi 185 40121db22d0e5604 403aa76c8b439581 4000000000000000 4073400000000000 407c000000000000 4039000000000000
poi 186 40395c28f5c28f5c 403db7ced916872b 4018000000000000 407a700000000000 4082a80000000000 4028000000000000
poi 187 404cacac083126e9 c02ecf5c28f5c28f 4008000000000000 4077e00000000000 407e700000000000 3ff0000000000000
poi 188 c02721cac083126f c03303126e978d50 4034000000000000 4071000000000000 407ba00000000000 4026000000000000
poi 189 c046b872b020c49c c051f3b645a1cac1 402a000000000000 4076700000000000 407f000000000000 4032000000000000
poi 190 40019374bc6a7efa c00c83126e978d50 4022000000000000 4072b00000000000 407d900000000000 4020000000000000
poi 191 bffdae147ae147ae c03879999999999a 4014000000000000 407cf00000000000 4084000000000000 4020000000000000
poi 192 c04deced916872b0 c0487810624dd2f2 402e000000000000 407bb00000000000 4082400000000000 3ff0000000000000
poi 193 4051852f1a9fbe77 c031d0e560418937 4036000000000000 406dc00000000000 4078a00000000000 4037000000000000
poi 194 c013ba5e353f7cee 403cc10624dd2f1b 4032000000000000 4077d00000000000 407fe00000000000 4033000000000000
poi 195 c047500000000000 c037876c8b439581 4035000000000000 4061c00000000000 4071c00000000000 4032000000000000
poi 196 c048ef9db22d0e56 c041ab645a1cac08 4030000000000000 4077500000000000 407e300000000000 4030000000000000
poi 197 c050dfef9db22d0e 402048b439581062 4036000000000000 407d500000000000 4083180000000000 401c000000000000
poi 198 403f31eb851eb852 c0323e353f7ced91 4037000000000000 4073900000000000 407e900000000000 402a000000000000
poi 199 c04511cac083126f c04a5a1cac083127 3ff0000000000000 405ec00000000000 4072d00000000000 4014000000000000
poi 200 c02e3020c49ba5e3 4032eed916872b02 3ff0000000000000 406a200000000000 4074000000000000 4008000000000000
poi 201 c053a80000000000 c038574bc6a7ef9e 402a000000000000 407c800000000000 4083c00000000000 4036000000000000
poi 202 4049bc49ba5e353f c02336c8b4395810 402c000000000000 4056c00000000000 4070000000000000 4035000000000000
poi 203 403dfcac083126e9 c03f0f9db22d0e56 4032000000000000 4074900000000000 407a500000000000 4032000000000000
poi 204 40475ed916872b02 3ff73f7ced916873 4014000000000000 4052c00000000000 406aa00000000000 402c000000000000
poi 205 c04a7a1cac083127 403fbced916872b0 4038000000000000 4068c00000000000 4072a00000000000 4033000000000000
poi 206 402511eb851eb852 c04eb74bc6a7ef9e 4026000000000000 406e400000000000 4077b00000000000 4032000000000000
poi 207 c02fe5604189374c c04c0189374bc6a8 4014000000000000 405f000000000000 4072a00000000000 4028000000000000
poi 208 c01f1a9fbe76c8b4 c04b5d70a3d70a3d 3ff0000000000000 406c200000000000 4074200000000000 4035000000000000
poi 209 40261810624dd2f2 c034e7ae147ae148 4035000000000000 4071500000000000 407b300000000000 402e000000000000
poi 210 c0385be76c8b4396 c0370c083126e979 4018000000000000 4071100000000000 4077e00000000000 4020000000000000
poi 211 400795810624dd2f c03465e353f7ced9 4018000000000000 4064400000000000 4070700000000000 4014000000000000
poi 212 c054a9db22d0e560 403852b020c49ba6 4014000000000000 4073300000000000 407c500000000000 4008000000000000
poi 213 c028449ba5e353f8 40450851eb851eb8 4037000000000000 405b000000000000 4070100000000000 4000000000000000
poi 214 c058823d70a3d70a c0422df3b645a1cb 4030000000000000 407af00000000000 4082b00000000000 4014000000000000
poi 215 c04e8d0e56041893 c02af4395810624e 4032000000000000 4079100000000000 4080b00000000000 4008000000000000
poi 216 c043916872b020c5 401925e353f7ced9 4024000000000000 406fc00000000000 407af00000000000 4028000000000000
poi 217 4044970a3d70a3d7 401fe24dd2f1a9fc 4022000000000000 4075600000000000 407dd00000000000 4010000000000000
poi 218 401104189374bc6a 4033d47ae147ae14 4032000000000000 407d400000000000 4083080000000000 4037000000000000
poi 219 c041124dd2f1a9fc c042f51eb851eb85 4036000000000000 4065600000000000 4075800000000000 4020000000000000
poi 220 c0123c6a7ef9db23 403790e560418937 4038000000000000 4071a00000000000 407a300000000000 401c000000000000
poi 221 4042f20c49ba5e35 bfff26e978d4fdf4 402e000000000000 4065400000000000 4071a00000000000 4024000000000000
poi 222 4053909374bc6a7f 402fdf3b645a1cac 4018000000000000 407c000000000000 4081b80000000000 4032000000000000
poi 223 c021526e978d4fdf c0391c28f5c28f5c 4028000000000000 4071b00000000000 4079700000000000 4010000000000000
poi 224 4024245a1cac0831 404294fdf3b645a2 4033000000000000 407a200000000000 4080880000000000 4022000000000000
poi 225 c0454f7ced916873 c0477e147ae147ae 4033000000000000 407d000000000000 4083680000000000 4033000000000000
poi 226 40570a0c49ba5e35 c0578bb645a1cac1 4031000000000000 406f600000000000 4076700000000000 4014000000000000
poi 227 404019db22d0e560 c043ec083126e979 4036000000000000 407d400000000000 4082080000000000 4033000000000000
poi 228 c04b9d916872b021 c02e0dd2f1a9fbe7 4039000000000000 4078600000000000 4081980000000000 401c000000000000
poi 229 c03abef9db22d0e5 c0357d70a3d70a3d 4026000000000000 4060800000000000 4072700000000000 4036000000000000
poi 230 c052e0d4fdf3b646 bfe6a7ef9db22d0e 4037000000000000 4071a00000000000 407ba00000000000 4000000000000000
poi 231 404102b020c49ba6 4029547ae147ae14 4024000000000000 405ec00000000000 4072200000000000 401c000000000000
poi 232 c00524dd2f1a9fbe c034d4bc6a7ef9db 4031000000000000 4073600000000000 4079100000000000 4010000000000000
poi 233 404aaf3b645a1cac 402b8a3d70a3d70a 4018000000000000 407a000000000000 4081880000000000 4026000000000000
poi 234 c02de5604189374c c0442126e978d4fe 4034000000000000 407b600000000000 4080d00000000000 4028000000000000
poi 235 4050f4fdf3b645a2 4017000000000000 4018000000000000 4070c00000000000 407bf00000000000 4000000000000000
poi 236 c02a70a3d70a3d71 c03a07ef9db22d0e 4010000000000000 407cd00000000000 4082c00000000000 402a000000000000
poi 237 4010ad0e56041893 c0404ef9db22d0e5 4039000000000000 4073100000000000 407b800000000000 4036000000000000
poi 238 c03a0ccccccccccd c040a810624dd2f2 401c000000000000 4072a00000000000 407d700000000000 4018000000000000
poi 239 403ff6c8b4395810 c046d9fbe76c8b44 4026000000000000 4079400000000000 4082300000000000 4026000000000000
poi 240 4058347ae147ae14 403a353f7ced9168 402c000000000000 4068400000000000 4075900000000000 4036000000000000
poi 241 c0465916872b020c c042ed4fdf3b645a 402c000000000000 4072c00000000000 4079400000000000 4022000000000000
poi 242 4040b5604189374c 402795810624dd2f 402e000000000000 4056000000000000 4069e00000000000 4035000000000000
poi 243 c04197ef9db22d0e 403339db22d0e560 4000000000000000 4076b00000000000 4080480000000000 4020000000000000
poi 244 c02c774bc6a7ef9e c052bf3b645a1cac 402c000000000000 4060800000000000 4070a00000000000 4010000000000000
poi 245 404294395810624e bfeac083126e978d 4031000000000000 406f200000000000 4075f00000000000 4033000000000000
poi 246 c049d9374bc6a7f0 c03a726e978d4fdf 4038000000000000 4075500000000000 407f000000000000 4034000000000000
poi 247 403788f5c28f5c29 401795810624dd2f 4024000000000000 407aa00000000000 4080400000000000 4036000000000000
poi 248 c0326ed916872b02 404adb020c49ba5e 4034000000000000 405dc00000000000 406c400000000000 4024000000000000
poi 249 c026ae147ae147ae c0319ef9db22d0e5 4026000000000000 4051400000000000 406c800000000000 4034000000000000
poi 250 c01f3f7ced916873 c041f28f5c28f5c3 4030000000000000 406de00000000000 4076500000000000 4024000000000000
poi 251 400c2d0e56041893 403af0e560418937 4008000000000000 405f400000000000 4072d00000000000 4037000000000000
poi 252 c0474b4395810625 c03644189374bc6a 4026000000000000 407df00000000000 4083980000000000 4014000000000000
poi 253 c007f9db22d0e560 bfe1916872b020c5 4024000000000000 4079700000000000 4080f00000000000 4039000000000000
poi 254 404012d0e5604189 403126a7ef9db22d 4032000000000000 405a800000000000 4070700000000000 401c000000000000
poi 255 4040026e978d4fdf 402a0395810624dd 4034000000000000 4076400000000000 4080a80000000000 4030000000000000
poi 256 c01a83126e978d50 403de395810624dd 4038000000000000 4071b00000000000 4079b00000000000 402e000000000000
poi 257 405371ba5e353f7d c03965a1cac08312 4030000000000000 4074100000000000 407ca00000000000 4022000000000000
poi 258 403eb4fdf3b645a2 40506d0e56041893 4000000000000000 4051000000000000 4067800000000000 4033000000000000
poi 259 c045e7ced916872b c045849ba5e353f8 402c000000000000 4078c00000000000 4080000000000000 4026000000000000
poi 260 4048c7ced916872b 4030d3b645a1cac1 4024000000000000 4066800000000000 4071100000000000 4033000000000000
poi 261 c03cee5604189375 bfdc189374bc6a7f 4036000000000000 4076b00000000000 4080700000000000 4024000000000000
poi 262 40442e76c8b43958 403061cac083126f 402c000000000000 4075400000000000 407df00000000000 4034000000000000
poi 263 4036bf7ced916873 40445645a1cac083 402e000000000000 4074c00000000000 407dc00000000000 4031000000000000
poi 264 bff789374bc6a7f0 401a449ba5e353f8 401c000000000000 4061c00000000000 4072200000000000 4036000000000000
poi 265 bff30a3d70a3d70a 4030dd2f1a9fbe77 4034000000000000 4062200000000000 4071e00000000000 4038000000000000
poi 266 402010624dd2f1aa 4044e916872b020c 3ff0000000000000 4069200000000000 4076f00000000000 4014000000000000
poi 267 c046026e978d4fdf c036c8b439581062 4038000000000000 4052800000000000 4066000000000000 4014000000000000
poi 268 4028bb645a1cac08 c026b4bc6a7ef9db 4036000000000000 4055c00000000000 4068600000000000 4031000000000000
poi 269 4040a353f7ced917 402fc3126e978d50 4037000000000000 407df00000000000 4081c80000000000 401c000000000000
poi 270 c041651eb851eb85 c02e170a3d70a3d7 4034000000000000 4071500000000000 4077300000000000 4039000000000000
poi 271 c05836d916872b02 c03364189374bc6a 402e000000000000 4079e00000000000 4080400000000000 4028000000000000
poi 272 4043378d4fdf3b64 c0156978d4fdf3b6 402c000000000000 407ca00000000000 4083600000000000 4026000000000000
poi 273 c03964189374bc6a 3fcc28f5c28f5c29 4028000000000000 407a700000000000 4081680000000000 4018000000000000
poi 274 3feb22d0e5604189 c03fdc28f5c28f5c 4010000000000000 4062200000000000 4073700000000000 402a000000000000
poi 275 c03805e353f7ced9 4057ec395810624e 402e000000000000 4070500000000000 407b200000000000 4037000000000000
poi 276 c01116872b020c4a 4041bbe76c8b4396 4028000000000000 406c800000000000 4077300000000000 402e000000000000
poi 277 c01bb53f7ced9168 3ffdae147ae147ae 4020000000000000 4063400000000000 4070100000000000 402a000000000000
poi 278 c051bcfdf3b645a2 c009bc6a7ef9db23 4000000000000000 4058800000000000 4070e00000000000 4024000000000000
poi 279 c04052f1a9fbe76d c03085a1cac08312 4038000000000000 405bc00000000000 4070400000000000 4038000000000000
poi 280 40456df3b645a1cb c035ae147ae147ae 4014000000000000 4073100000000000 407de00000000000 402a000000000000
poi 281 4014ba5e353f7cee 40199cac083126e9 4020000000000000 407ab00000000000 4082180000000000 4028000000000000
poi 282 404275c28f5c28f6 c013f2b020c49ba6 4035000000000000 4074700000000000 407b700000000000 4035000000000000
poi 283 4048cba5e353f7cf 403bc872b020c49c 4014000000000000 407b100000000000 4081a00000000000 4024000000000000
poi 284 404684dd2f1a9fbe 402591eb851eb852 4030000000000000 4066400000000000 4076000000000000 4028000000000000
poi 285 401ec28f5c28f5c3 402c1cac083126e9 4020000000000000 4072c00000000000 407cf00000000000 4022000000000000
poi 286 c04e74189374bc6a 4032a3d70a3d70a4 4038000000000000 407d300000000000 4084080000000000 4014000000000000
poi 287 c0501fbe76c8b439 4021d89374bc6a7f 4037000000000000 407a800000000000 4080400000000000 4032000000000000
poi 288 404294395810624e c02dfae147ae147b 4018000000000000 4077800000000000 407ff00000000000 4038000000000000
# inst pr07
name pr07
n 73
tmax 408f400000000000
poi 0 4025420c49ba5e35 4022a6e978d4fdf4 0000000000000000 0000000000000000 408f400000000000 0000000000000000
poi 1 c0572ccccccccccd c04d970a3d70a3d7 4034000000000000 4078d00000000000 4081d80000000000 4020000000000000
poi 2 4051cb74bc6a7efa 40291604189374bc 4018000000000000 405b800000000000 406f200000000000 402e000000000000
poi 3 403f8978d4fdf3b6 4050a8d4fdf3b646 4033000000000000 4072d00000000000 407c100000000000 4034000000000000
poi 4 c012c6a7ef9db22d 40398978d4fdf3b6 4024000000000000 406a200000000000 4073200000000000 401c000000000000
poi 5 c03e31a9fbe76c8b 4050f178d4fdf3b6 4032000000000000 406be00000000000 4077f00000000000 402a000000000000
poi 6 40295a9fbe76c8b4 c04cbc49ba5e353f 3ff0000000000000 4071e00000000000 407a900000000000 4018000000000000
poi 7 c0402d70a3d70a3d c034f74bc6a7ef9e 402e000000000000 405a800000000000 4069e00000000000 4014000000000000
poi 8 4033e8f5c28f5c29 40487ccccccccccd 4037000000000000 407aa00000000000 4081f00000000000 3ff0000000000000
poi 9 402a676c8b439581 c033228f5c28f5c3 402a000000000000 4062600000000000 4074100000000000 4028000000000000
poi 10 404b704189374bc7 c04495810624dd2f 4028000000000000 4072800000000000 4078e00000000000 4032000000000000
poi 11 402e204189374bc7 c0392bc6a7ef9db2 401c000000000000 406ee00000000000 4079900000000000 4039000000000000
poi 12 c0494c8b43958106 c0306b020c49ba5e 4039000000000000 4053400000000000 4069a00000000000 402c000000000000
poi 13 c03dbae147ae147b 403113f7ced91687 4014000000000000 4077200000000000 407f800000000000 4032000000000000
poi 14 40318ac083126e98 3ff9333333333333 3ff0000000000000 4070d00000000000 4077c00000000000 402a000000000000
poi 15 4026410624dd2f1b 40534dd2f1a9fbe7 4039000000000000 4079200000000000 4081100000000000 4018000000000000
poi 16 4040e04189374bc7 4051d09374bc6a7f 4024000000000000 4054400000000000 406e200000000000 402c000000000000
poi 17 c04c0189374bc6a8 c024c9ba5e353f7d 4000000000000000 4077200000000000 407e600000000000 4024000000000000
poi 18 404cefdf3b645a1d c0304a3d70a3d70a 401c000000000000 406da00000000000 4075c00000000000 4032000000000000
poi 19 40256f9db22d0e56 c032c978d4fdf3b6 4026000000000000 407c700000000000 4082e00000000000 4020000000000000
poi 20 404a8b4395810625 c032c00000000000 4010000000000000 406e800000000000 4076500000000000 4018000000000000
poi 21 3ff91a9fbe76c8b4 401e20c49ba5e354 4018000000000000 4078100000000000 407e400000000000 4000000000000000
poi 22 403f87ef9db22d0e 404878d4fdf3b646 402e000000000000 4062400000000000 4070500000000000 4010000000000000
poi 23 c050b54fdf3b645a c042ed4fdf3b645a 401c000000000000 4065e00000000000 4072f00000000000 4010000000000000
poi 24 c051af5c28f5c28f 404f1f3b645a1cac 4020000000000000 4067e00000000000 4072b00000000000 4037000000000000
poi 25 404044dd2f1a9fbe 4037189374bc6a7f 4024000000000000 405e000000000000 4070d00000000000 4028000000000000
poi 26 c049b9fbe76c8b44 c04238d4fdf3b646 4022000000000000 407b300000000000 4081880000000000 4038000000000000
poi 27 40423a5e353f7cee c036a353f7ced917 4010000000000000 4073700000000000 407cf00000000000 4031000000000000
poi 28 c03f34fdf3b645a2 4045bf3b645a1cac 4018000000000000 407ba00000000000 4081d80000000000 4032000000000000
poi 29 c024c6a7ef9db22d 40413ed916872b02 4036000000000000 4060200000000000 4070f00000000000 4039000000000000
poi 30 402d71a9fbe76c8b c025ab020c49ba5e 4031000000000000 4070000000000000 4078f00000000000 4036000000000000
poi 31 40478c28f5c28f5c c03563126e978d50 4022000000000000 404e000000000000 4067e00000000000 4024000000000000
poi 32 4045e3f7ced91687 4041620c49ba5e35 4039000000000000 4072300000000000 407b600000000000 4039000000000000
poi 33 404ac5e353f7ced9 c050df2b020c49ba 4024000000000000 407a200000000000 4080880000000000 4035000000000000
poi 34 403acd0e56041893 404741eb851eb852 4032000000000000 407d800000000000 4083700000000000 4035000000000000
poi 35 404fb147ae147ae1 4027f645a1cac083 4035000000000000 4064200000000000 4073800000000000 4030000000000000
poi 36 4047989374bc6a7f c015e66666666666 4024000000000000 407d200000000000 4083800000000000 4037000000000000
poi 37 c03050a3d70a3d71 c02688b439581062 4037000000000000 407ce00000000000 4082400000000000 4035000000000000
poi 38 4053b9999999999a 4031a6a7ef9db22d 4037000000000000 4057000000000000 4067800000000000 402e000000000000
poi 39 4053f49ba5e353f8 403645a1cac08312 4026000000000000 4070300000000000 407aa00000000000 401c000000000000
poi 40 4029c189374bc6a8 4030eb4395810625 3ff0000000000000 407dd00000000000 4082480000000000 4034000000000000
poi 41 c050fec8b4395810 c00e083126e978d5 4037000000000000 406b200000000000 4077100000000000 4018000000000000
poi 42 402265604189374c c03298d4fdf3b646 4030000000000000 407a700000000000 4081600000000000 4030000000000000
poi 43 c041f9999999999a c03324189374bc6a 4024000000000000 406a400000000000 4075f00000000000 4024000000000000
poi 44 403cc4189374bc6a 4046a353f7ced917 4028000000000000 4074a00000000000 407f400000000000 401c000000000000
poi 45 4026f020c49ba5e3 40510ec8b4395810 4028000000000000 407cd00000000000 4082100000000000 4034000000000000
poi 46 c036c28f5c28f5c3 4046bf7ced916873 4008000000000000 4061a00000000000 4070b00000000000 4022000000000000
poi 47 c0506b22d0e56042 c0371eb851eb851f 4036000000000000 4071a00000000000 407c000000000000 4028000000000000
poi 48 401cf4bc6a7ef9db 3ff995810624dd2f 4035000000000000 4072b00000000000 407a000000000000 4024000000000000
poi 49 c03dc8f5c28f5c29 c02691eb851eb852 402a000000000000 4074f00000000000 407aa00000000000 4033000000000000
poi 50 c056433333333333 40303604189374bc 402e000000000000 4066000000000000 4073700000000000 4018000000000000
poi 51 c0477189374bc6a8 c00ae76c8b439581 402a000000000000 4070100000000000 4077b00000000000 402c000000000000
poi 52 c02df1a9fbe76c8b 403e9ef9db22d0e5 4034000000000000 407a900000000000 4080b00000000000 4037000000000000
poi 53 c03108f5c28f5c29 4048e3126e978d50 4024000000000000 4058c00000000000 406d400000000000 4020000000000000
poi 54 403fa28f5c28f5c3 404acf3b645a1cac 4039000000000000 4076800000000000 4080b80000000000 4024000000000000
poi 55 c00c9db22d0e5604 402aaf1a9fbe76c9 401c000000000000 4076b00000000000 407fe00000000000 402c000000000000
poi 56 4040810624dd2f1b 404d7ae147ae147b 402e000000000000 4067400000000000 4074000000000000 4008000000000000
poi 57 c0573ccccccccccd 404fa1a9fbe76c8b 4000000000000000 406fa00000000000 4077b00000000000 4039000000000000
poi 58 c0224624dd2f1aa0 c036ee5604189375 4037000000000000 407ac00000000000 4081a80000000000 4035000000000000
poi 59 c043fae147ae147b 4018c7ae147ae148 4014000000000000 4071300000000000 407c300000000000 4014000000000000
poi 60 403c6e147ae147ae c03336c8b4395810 4039000000000000 4079e00000000000 4081a00000000000 4000000000000000
poi 61 c03c8a3d70a3d70a c00be147ae147ae1 4022000000000000 4079200000000000 407ff00000000000 4008000000000000
poi 62 403f6a3d70a3d70a 40426df3b645a1cb 4000000000000000 4075100000000000 407e600000000000 4035000000000000
poi 63 c048b6872b020c4a 404e4d0e56041893 4038000000000000 4076700000000000 407dc00000000000 3ff0000000000000
poi 64 c05234ed916872b0 c03bc3d70a3d70a4 402a000000000000 4075200000000000 407cd00000000000 4039000000000000
poi 65 404e0a9fbe76c8b4 c046f3d70a3d70a4 4034000000000000 4077700000000000 407dc00000000000 4035000000000000
poi 66 4025bd70a3d70a3d c00f333333333333 402a000000000000 4074400000000000 407bd00000000000 4035000000000000
poi 67 40391f3b645a1cac 401eb020c49ba5e3 402e000000000000 4062600000000000 406e400000000000 4039000000000000
poi 68 c0477f9db22d0e56 c031795810624dd3 4010000000000000 406d400000000000 4078200000000000 402c000000000000
poi 69 40300ed916872b02 4040828f5c28f5c3 4034000000000000 406e800000000000 4078d00000000000 4034000000000000
poi 70 403968b439581062 c027666666666666 4020000000000000 4071a00000000000 407c500000000000 402c000000000000
poi 71 405114ac083126e9 c014947ae147ae14 4033000000000000 4074400000000000 407d900000000000 4026000000000000
poi 72 c02a353f7ced9168 404f14395810624e 4034000000000000 407d100000000000 4082800000000000 4039000000000000
# inst pr08
name pr08
n 145
tmax 408f400000000000
poi 0 c02855810624dd2f bfb604189374bc6a 0000000000000000 0000000000000000 408f400000000000 0000000000000000
poi 1 c04424fdf3b645a2 c04526c8b4395810 4034000000000000 4078f00000000000 4081800000000000 4018000000000000
poi 2 c0502d604189374c c0316395810624dd 4024000000000000 407cf00000000000 4081d80000000000 4008000000000000
poi 3 40143d70a3d70a3d c02cb2b020c49ba6 4020000000000000 4078700000000000 407f900000000000 4037000000000000
poi 4 405206147ae147ae 40343ba5e353f7cf 4018000000000000 4070600000000000 407b500000000000 3ff0000000000000
poi 5 4004c083126e978d c02e010624dd2f1b 3ff0000000000000 4059800000000000 406be00000000000 4032000000000000
poi 6 c0382d0e56041893 c05239374bc6a7f0 4033000000000000 4074a00000000000 407db00000000000 4020000000000000
poi 7 c02a6147ae147ae1 40509fdf3b645a1d 402a000000000000 406f000000000000 407a000000000000 4000000000000000
poi 8 40409872b020c49c 402b6147ae147ae1 4038000000000000 4074d00000000000 407d400000000000 4022000000000000
poi 9 4050b4ed916872b0 c03e8dd2f1a9fbe7 402e000000000000 4071200000000000 4077b00000000000 3ff0000000000000
poi 10 4033ef1a9fbe76c9 4041f10624dd2f1b 402a000000000000 4077b00000000000 407d800000000000 4034000000000000
poi 11 c03bc5604189374c 4040226e978d4fdf 4024000000000000 406ac00000000000 4075400000000000 4037000000000000
poi 12 404993b645a1cac1 c030d3b645a1cac1 4010000000000000 406d000000000000 4074300000000000 4036000000000000
poi 13 c03336c8b4395810 4037bfbe76c8b439 4028000000000000 4079100000000000 407fb00000000000 4038000000000000
poi 14 c047524dd2f1a9fc c04a7a1cac083127 4035000000000000 406aa00000000000 4077c00000000000 4035000000000000
poi 15 c0252e147ae147ae c030a04189374bc7 4000000000000000 4076e00000000000 4080300000000000 4032000000000000
poi 16 4041933333333333 40293e76c8b43958 4024000000000000 407ab00000000000 4082900000000000 4035000000000000
poi 17 c042b0624dd2f1aa 402883126e978d50 4034000000000000 4064c00000000000 4071c00000000000 401c000000000000
poi 18 4054b2d0e5604189 4039d604189374bc 4022000000000000 4067000000000000 4072400000000000 4010000000000000
poi 19 4021df3b645a1cac c00dc8b439581062 4038000000000000 407ce00000000000 4083980000000000 4035000000000000
poi 20 c04c545a1cac0831 40398e147ae147ae 4033000000000000 405d800000000000 406ea00000000000 402a000000000000
poi 21 c04a028f5c28f5c3 c0441189374bc6a8 402a000000000000 4078400000000000 4080100000000000 4032000000000000
poi 22 4043a28f5c28f5c3 402992f1a9fbe76d 402c000000000000 4052000000000000 406a200000000000 4010000000000000
poi 23 4033c1cac083126f 40353a5e353f7cee 4031000000000000 407b000000000000 4080f00000000000 4008000000000000
poi 24 c037122d0e560419 c029516872b020c5 4039000000000000 4072000000000000 4079100000000000 4028000000000000
poi 25 402f5f3b645a1cac 404a2fdf3b645a1d 3ff0000000000000 4061c00000000000 4070200000000000 4014000000000000
poi 26 404d62b020c49ba6 c01c395810624dd3 4022000000000000 406b800000000000 4076600000000000 4020000000000000
poi 27 c0408b22d0e56042 4052110624dd2f1b 4028000000000000 4079600000000000 4082080000000000 402c000000000000
poi 28 40046872b020c49c 40476ced916872b0 4036000000000000 4079e00000000000 4082100000000000 4024000000000000
poi 29 c032b810624dd2f2 40524810624dd2f2 4000000000000000 405b000000000000 406e400000000000 402c000000000000
poi 30 c050e820c49ba5e3 c034add2f1a9fbe7 4035000000000000 405a000000000000 406d200000000000 4033000000000000
poi 31 c053372b020c49ba c026bae147ae147b 4020000000000000 4070800000000000 4078400000000000 4034000000000000
poi 32 c03831a9fbe76c8b c04321a9fbe76c8b 4033000000000000 4063200000000000 4071100000000000 4035000000000000
poi 33 c0345fbe76c8b439 c03fe72b020c49ba 4038000000000000 407a500000000000 4080380000000000 4026000000000000
poi 34 4022947ae147ae14 4043cf1a9fbe76c9 4038000000000000 406a600000000000 4076500000000000 402c000000000000
poi 35 403a0b4395810625 4041fcac083126e9 4000000000000000 4078e00000000000 4081500000000000 4018000000000000
poi 36 c04cb147ae147ae1 c046a1cac083126f 4034000000000000 4062200000000000 406f800000000000 401c000000000000
poi 37 3ff7d2f1a9fbe76d c04f4bc6a7ef9db2 4034000000000000 4062600000000000 406ea00000000000 4008000000000000
poi 38 404177ef9db22d0e 402b5810624dd2f2 4014000000000000 4052800000000000 406ce00000000000 4036000000000000
poi 39 c0364a3d70a3d70a 4046d2f1a9fbe76d 4031000000000000 4073d00000000000 407a000000000000 4035000000000000
poi 40 c017ae147ae147ae 404607ced916872b 4010000000000000 406d600000000000 4078300000000000 4028000000000000
poi 41 c0433916872b020c c0378a7ef9db22d1 4035000000000000 407df00000000000 4082000000000000 3ff0000000000000
poi 42 403ce4dd2f1a9fbe 4040f7ced916872b 4008000000000000 407d800000000000 4081d00000000000 4026000000000000
poi 43 c041b1a9fbe76c8b c0155d2f1a9fbe77 4030000000000000 4061a00000000000 4071f00000000000 4028000000000000
poi 44 c033804189374bc7 402b09ba5e353f7d 402c000000000000 4065600000000000 4071100000000000 4033000000000000
poi 45 c0226e978d4fdf3b c03efced916872b0 4018000000000000 4074700000000000 407c100000000000 4020000000000000
poi 46 c0362189374bc6a8 c03110a3d70a3d71 4014000000000000 4058800000000000 406be00000000000 4026000000000000
poi 47 c036d3b645a1cac1 404267ae147ae148 4028000000000000 4076e00000000000 4080180000000000 4032000000000000
poi 48 c04eaeb851eb851f c03276872b020c4a 4037000000000000 406e800000000000 4076800000000000 4018000000000000
poi 49 404910624dd2f1aa c05082f1a9fbe76d 4028000000000000 4070000000000000 4077700000000000 4008000000000000
poi 50 4039a5a1cac08312 40382395810624dd 4032000000000000 4065c00000000000 4070800000000000 4018000000000000
poi 51 4050615810624dd3 404567ae147ae148 4038000000000000 4073800000000000 407b800000000000 4024000000000000
poi 52 c04e7a5e353f7cee c047f66666666666 4008000000000000 4068a00000000000 4073900000000000 401c000000000000
poi 53 c02223d70a3d70a4 40456624dd2f1aa0 4008000000000000 4050800000000000 4067600000000000 4031000000000000
poi 54 c0330f9db22d0e56 4011eb851eb851ec 4039000000000000 4065e00000000000 4072f00000000000 4028000000000000
poi 55 c04b0916872b020c c00ef5c28f5c28f6 4036000000000000 4072c00000000000 4078c00000000000 4026000000000000
poi 56 c0399916872b020c c032ddb22d0e5604 4039000000000000 4066a00000000000 4075800000000000 402e000000000000
poi 57 c032b4fdf3b645a2 405512f1a9fbe76d 402e000000000000 405a800000000000 4071a00000000000 4018000000000000
poi 58 c0518bc6a7ef9db2 c043953f7ced9168 4032000000000000 406d600000000000 4075c00000000000 402a000000000000
poi 59 c02d45a1cac08312 bfdc8b4395810625 4020000000000000 407a000000000000 4082780000000000 4008000000000000
poi 60 c0531dc28f5c28f6 c0437604189374bc 4034000000000000 4078f00000000000 4081500000000000 4037000000000000
poi 61 40460bc6a7ef9db2 4028ddb22d0e5604 4032000000000000 407ae00000000000 4081580000000000 4038000000000000
poi 62 c036c5a1cac08312 c0496ef9db22d0e5 4014000000000000 4060800000000000 4070400000000000 4036000000000000
poi 63 40331a9fbe76c8b4 40465604189374bc 4039000000000000 4050400000000000 4068c00000000000 4026000000000000
poi 64 c046026e978d4fdf c043f7ae147ae148 4030000000000000 4071800000000000 4077500000000000 4038000000000000
poi 65 c007c6a7ef9db22d c0103c6a7ef9db23 402c000000000000 4074300000000000 407d100000000000 4020000000000000
poi 66 c03842d0e5604189 4041f4189374bc6a 3ff0000000000000 4074300000000000 407f000000000000 4036000000000000
poi 67 c04ef04189374bc7 c05279a9fbe76c8b 402e000000000000 4079900000000000 4080500000000000 4026000000000000
poi 68 c0168f5c28f5c28f c03ab89374bc6a7f 4036000000000000 405c400000000000 406c600000000000 4018000000000000
poi 69 4046ec083126e979 c0426ae147ae147b 4018000000000000 4072900000000000 407ab00000000000 4024000000000000
poi 70 c049df7ced916873 c053f5c28f5c28f6 4038000000000000 4079b00000000000 4081f80000000000 4024000000000000
poi 71 c040810624dd2f1b 4025fbe76c8b4396 4033000000000000 407c500000000000 4082700000000000 4034000000000000
poi 72 c039a72b020c49ba bfd7ced916872b02 4028000000000000 405dc00000000000 406c800000000000 4000000000000000
poi 73 c0357f3b645a1cac 404ebe5604189375 402a000000000000 406f200000000000 4078b00000000000 4032000000000000
poi 74 40004189374bc6a8 403aba1cac083127 4024000000000000 4050c00000000000 406b400000000000 4020000000000000
poi 75 c03ac20c49ba5e35 402d9d2f1a9fbe77 4028000000000000 406c000000000000 4074500000000000 402a000000000000
poi 76 c042a0c49ba5e354 c0466e353f7ced91 402a000000000000 4072e00000000000 407de00000000000 4020000000000000
poi 77 bfeb8d4fdf3b645a c0306b020c49ba5e 4039000000000000 4056000000000000 406c200000000000 4020000000000000
poi 78 c049947ae147ae14 40417bc6a7ef9db2 4028000000000000 4075200000000000 407ca00000000000 4032000000000000
poi 79 c044a20c49ba5e35 c05338b439581062 4000000000000000 405b400000000000 4070600000000000 4031000000000000
poi 80 c03e4147ae147ae1 4052acdd2f1a9fbe 4026000000000000 406f000000000000 4077b00000000000 4024000000000000
poi 81 c0472f1a9fbe76c9 bff8395810624dd3 4024000000000000 4073e00000000000 407dc00000000000 4037000000000000
poi 82 c051e79db22d0e56 405244ed916872b0 4022000000000000 4070700000000000 4076a00000000000 4008000000000000
poi 83 c0474d916872b021 c043f95810624dd3 4035000000000000 4062200000000000 4070c00000000000 4039000000000000
poi 84 c03e3e353f7ced91 4050c6872b020c4a 402c000000000000 4061a00000000000 4070500000000000 4010000000000000
poi 85 c0447f9db22d0e56 c045849ba5e353f8 402e000000000000 407c400000000000 4080f00000000000 4039000000000000
poi 86 c052924dd2f1a9fc c04a274bc6a7ef9e 4018000000000000 4065800000000000 4072000000000000 4014000000000000
poi 87 c0319be76c8b4396 c051f676c8b43958 4039000000000000 4058800000000000 406fc00000000000 4022000000000000
poi 88 4002cccccccccccd c05473851eb851ec 402c000000000000 407c400000000000 4081400000000000 4032000000000000
poi 89 c0555f1a9fbe76c9 c04b078d4fdf3b64 4031000000000000 4074b00000000000 407b500000000000 4030000000000000
poi 90 4037d26e978d4fdf 4025245a1cac0831 4020000000000000 4072e00000000000 4079200000000000 4030000000000000
poi 91 c03887ae147ae148 c03fb9db22d0e560 4010000000000000 4074700000000000 407b700000000000 4036000000000000
poi 92 c0453cac083126e9 c02e049ba5e353f8 4031000000000000 4074900000000000 407ef00000000000 4000000000000000
poi 93 c040cfdf3b645a1d 40492a3d70a3d70a 4037000000000000 405cc00000000000 406a200000000000 4036000000000000
poi 94 c0545d4fdf3b645a c044c851eb851eb8 4010000000000000 4069e00000000000 4072b00000000000 4026000000000000
poi 95 c0526051eb851eb8 c04823b645a1cac1 4010000000000000 4052c00000000000 406fa00000000000 4038000000000000
poi 96 c0086a7ef9db22d1 4051b978d4fdf3b6 4022000000000000 405f000000000000 406ba00000000000 4031000000000000
poi 97 3fee45a1cac08312 4039753f7ced9168 4022000000000000 406d800000000000 4074f00000000000 4028000000000000
poi 98 c04b126e978d4fdf 402b0ccccccccccd 4033000000000000 406b000000000000 4074f00000000000 3ff0000000000000
poi 99 c03ea24dd2f1a9fc 401e1a9fbe76c8b4 4028000000000000 4074900000000000 407ea00000000000 4037000000000000
poi 100 c0511570a3d70a3d c0412374bc6a7efa 4039000000000000 4057400000000000 4069800000000000 4010000000000000
poi 101 401cb645a1cac083 404cf7ae147ae148 4020000000000000 407be00000000000 4083700000000000 402e000000000000
poi 102 4012d916872b020c 404855a1cac08312 402a000000000000 4073400000000000 407a400000000000 402e000000000000
poi 103 404d0b22d0e56042 403a610624dd2f1b 4008000000000000 4074900000000000 407e900000000000 4028000000000000
poi 104 403258d4fdf3b646 4041645a1cac0831 4018000000000000 4073300000000000 407a700000000000 4035000000000000
poi 105 c0465083126e978d c04efccccccccccd 4026000000000000 4054400000000000 4065c00000000000 4035000000000000
poi 106 4014ec8b43958106 403a116872b020c5 4038000000000000 406a200000000000 4074e00000000000 402e000000000000
poi 107 c0480851eb851eb8 c04260a3d70a3d71 4030000000000000 4073f00000000000 407ae00000000000 4035000000000000
poi 108 c00cb645a1cac083 c03bbbe76c8b4396 4035000000000000 4053800000000000 406f600000000000 4033000000000000
poi 109 40239db22d0e5604 404272b020c49ba6 4039000000000000 4076f00000000000 407fd00000000000 4026000000000000
poi 110 404dbae147ae147b 3ff3ba5e353f7cee 4024000000000000 4070c00000000000 4078f00000000000 4008000000000000
poi 111 c047c2d0e5604189 4033df7ced916873 4000000000000000 407d900000000000 4083f00000000000 4028000000000000
poi 112 c048372b020c49ba c049289374bc6a7f 402a000000000000 4071f00000000000 407d200000000000 4010000000000000
poi 113 4046553f7ced9168 4034f3f7ced91687 402c000000000000 4077900000000000 407e600000000000 4000000000000000
poi 114 c03339db22d0e560 4040628f5c28f5c3 4033000000000000 4066a00000000000 4073800000000000 4022000000000000
poi 115 c02f52f1a9fbe76d 40317645a1cac083 4030000000000000 4066c00000000000 4073000000000000 4035000000000000
poi 116 c056ead0e5604189 40536e353f7ced91 4037000000000000 4067e00000000000 4073800000000000 4031000000000000
poi 117 c03e08f5c28f5c29 c053922d0e560419 402a000000000000 4053000000000000 406be00000000000 4036000000000000
poi 118 40526a6e978d4fdf 40407872b020c49c 4038000000000000 4067000000000000 4072800000000000 4038000000000000
poi 119 4036666666666666 c04e0a9fbe76c8b4 4031000000000000 406d000000000000 4077800000000000 4000000000000000
poi 120 404e9a5e353f7cee c02b0083126e978d 4020000000000000 407de00000000000 4082280000000000 4039000000000000
poi 121 40362189374bc6a8 c0490189374bc6a8 4028000000000000 4077000000000000 4080f80000000000 4035000000000000
poi 122 c019449ba5e353f8 404c551eb851eb85 4018000000000000 4058000000000000 406c600000000000 4026000000000000
poi 123 c034789374bc6a7f 4029c51eb851eb85 4034000000000000 4073400000000000 407db00000000000 4037000000000000
poi 124 c04e8ac083126e98 c046626e978d4fdf 4034000000000000 4078900000000000 4080200000000000 4010000000000000
poi 125 c02326e978d4fdf4 c0335db22d0e5604 4038000000000000 4064000000000000 4070400000000000 3ff0000000000000
poi 126 4016820c49ba5e35 c0562010624dd2f2 4024000000000000 4079300000000000 4081780000000000 402e000000000000
poi 127 c004f1a9fbe76c8b 40362189374bc6a8 4032000000000000 406c400000000000 4077500000000000 4034000000000000
poi 128 40443f9db22d0e56 40402be76c8b4396 4024000000000000 4070c00000000000 407b300000000000 4020000000000000
poi 129 c00a5e353f7ced91 404263126e978d50 402e000000000000 4054000000000000 4065600000000000 4010000000000000
poi 130 c0497f5c28f5c28f 4033c7ef9db22d0e 4028000000000000 4076100000000000 407e800000000000 4028000000000000
poi 131 c051a147ae147ae1 c00e78d4fdf3b646 4036000000000000 4071500000000000 407b400000000000 4037000000000000
poi 132 4010d1eb851eb852 3fe9fbe76c8b4396 4026000000000000 406bc00000000000 4077100000000000 4039000000000000
poi 133 4023e8f5c28f5c29 403a5645a1cac083 402c000000000000 4071700000000000 407ad00000000000 4014000000000000
poi 134 402b1374bc6a7efa c0355020c49ba5e3 4022000000000000 4069800000000000 4077800000000000 402e000000000000
poi 135 c035de76c8b43958 c032c49ba5e353f8 4018000000000000 406ea00000000000 407a700000000000 4000000000000000
poi 136 c04294395810624e c03ec49ba5e353f8 4037000000000000 4051000000000000 406b400000000000 4036000000000000
poi 137 c055be6666666666 4024b0a3d70a3d71 4020000000000000 4070800000000000 4076400000000000 4030000000000000
poi 138 c047a2d0e5604189 c04729ba5e353f7d 4036000000000000 407d500000000000 4082580000000000 4037000000000000
poi 139 40106147ae147ae1 c0335a9fbe76c8b4 401c000000000000 4051800000000000 406c800000000000 402a000000000000
poi 140 4010d1eb851eb852 403e4ac083126e98 402e000000000000 407a900000000000 4082c00000000000 401c000000000000
poi 141 c045022d0e560419 404afe353f7ced91 4036000000000000 4077600000000000 4081300000000000 4034000000000000
poi 142 40418c28f5c28f5c c025ca3d70a3d70a 401c000000000000 4071200000000000 4076f00000000000 4039000000000000
poi 143 404e9810624dd2f2 c04df00000000000 402c000000000000 407c000000000000 4082680000000000 4028000000000000
poi 144 c0415645a1cac083 bff5645a1cac0831 4035000000000000 407a500000000000 4082b80000000000 4022000000000000
# inst pr09
name pr09
n 217
tmax 408f400000000000
poi 0 400ef7ced916872b c004c6a7ef9db22d 0000000000000000 0000000000000000 408f400000000000 0000000000000000
poi 1 c0449e147ae147ae c05096d916872b02 4008000000000000 4079000000000000 4081200000000000 402c000000000000
poi 2 4041083126e978d5 c04dadb22d0e5604 4030000000000000 4078c00000000000 4081980000000000 4030000000000000
poi 3 4034eac083126e98 c04a4a7ef9db22d1 4020000000000000 404e000000000000 406cc00000000000 4031000000000000
poi 4 c04344dd2f1a9fbe c042b2b020c49ba6 402e000000000000 4073a00000000000 407de00000000000 4033000000000000
poi 5 4044876c8b439581 4036ee5604189375 4028000000000000 4079000000000000 4081e00000000000 4018000000000000
poi 6 c04b045a1cac0831 c04a90c49ba5e354 402a000000000000 4077600000000000 4080700000000000 401c000000000000
poi 7 402032b020c49ba6 40542e6666666666 4020000000000000 4078700000000000 4080c00000000000 4008000000000000
poi 8 40545322d0e56042 402ad16872b020c5 4038000000000000 406de00000000000 4076800000000000 4024000000000000
poi 9 402ceb020c49ba5e c007c6a7ef9db22d 402c000000000000 4079100000000000 4080800000000000 4010000000000000
poi 10 c04a44fdf3b645a2 404e0db22d0e5604 4031000000000000 407ce00000000000 4083e80000000000 4031000000000000
poi 11 c04c99db22d0e560 c0411d4fdf3b645a 4020000000000000 4066a00000000000 4070f00000000000 4024000000000000
poi 12 c0506353f7ced917 c0441c6a7ef9db23 4026000000000000 4078200000000000 4080900000000000 402a000000000000
poi 13 c033c04189374bc7 c0248e5604189375 4020000000000000 407b100000000000 4082c80000000000 4034000000000000
poi 14 c03af70a3d70a3d7 c055c0c49ba5e354 4031000000000000 4063a00000000000 4072100000000000 4018000000000000
poi 15 400989374bc6a7f0 c05629db22d0e560 4033000000000000 4074b00000000000 407eb00000000000 4032000000000000
poi 16 404142b020c49ba6 40406b22d0e56042 402a000000000000 4076200000000000 4080800000000000 4008000000000000
poi 17 4054023d70a3d70a 4015178d4fdf3b64 4000000000000000 4077d00000000000 407f600000000000 4024000000000000
poi 18 c043eb4395810625 c050eec8b4395810 4020000000000000 4060600000000000 406d600000000000 4010000000000000
poi 19 402d333333333333 4026bae147ae147b 4035000000000000 407d600000000000 4081880000000000 402e000000000000
poi 20 c034fd70a3d70a3d c05420b439581062 402a000000000000 4079b00000000000 4081400000000000 4010000000000000
poi 21 40481ef9db22d0e5 4047a45a1cac0831 4031000000000000 4078800000000000 4081000000000000 4018000000000000
poi 22 404dab4395810625 c03fdc28f5c28f5c 4010000000000000 407a100000000000 4082080000000000 4033000000000000
poi 23 c02bfd70a3d70a3d c046cfdf3b645a1d 4036000000000000 4070d00000000000 4076900000000000 401c000000000000
poi 24 404032d0e5604189 c04044189374bc6a 4038000000000000 4078100000000000 407f800000000000 4034000000000000
poi 25 40069ba5e353f7cf 40496978d4fdf3b6 4026000000000000 4064800000000000 4075000000000000 4028000000000000
poi 26 c05084ed916872b0 c04157ced916872b 4018000000000000 407a800000000000 4081f80000000000 4020000000000000
poi 27 c02b51eb851eb852 4032a3d70a3d70a4 4033000000000000 4054400000000000 4066a00000000000 4032000000000000
poi 28 c04dac083126e979 402989ba5e353f7d 4026000000000000 4078200000000000 407f000000000000 3ff0000000000000
poi 29 c014883126e978d5 c03276872b020c4a 4037000000000000 4055800000000000 406a800000000000 4039000000000000
poi 30 c036f604189374bc c035ba9fbe76c8b4 4010000000000000 4077400000000000 407e700000000000 4030000000000000
poi 31 404d10a3d70a3d71 40474d916872b021 4014000000000000 407d500000000000 4082500000000000 4014000000000000
poi 32 c048cd2f1a9fbe77 c05327ef9db22d0e 4030000000000000 407b300000000000 4080880000000000 401c000000000000
poi 33 c0133645a1cac083 4045849ba5e353f8 4000000000000000 407a800000000000 4082b80000000000 4034000000000000
poi 34 4051276c8b439581 c0339f7ced916873 402a000000000000 4077100000000000 407ff00000000000 4008000000000000
poi 35 4042f51eb851eb85 404fccac083126e9 4026000000000000 406ae00000000000 4077700000000000 4026000000000000
poi 36 3ff404189374bc6a c03a8ccccccccccd 4022000000000000 406e800000000000 4078700000000000 402e000000000000
poi 37 c042f9db22d0e560 3ffaf5c28f5c28f6 4032000000000000 406fa00000000000 407a000000000000 402e000000000000
poi 38 c04440624dd2f1aa 40201374bc6a7efa 401c000000000000 407dc00000000000 4082e00000000000 4020000000000000
poi 39 c020c8b439581062 c04356c8b4395810 4038000000000000 4077600000000000 407ee00000000000 402a000000000000
poi 40 c0425ccccccccccd 40397e76c8b43958 4014000000000000 4079d00000000000 4080400000000000 4030000000000000
poi 41 c047e083126e978d c049095810624dd3 4000000000000000 4074000000000000 407c500000000000 4010000000000000
poi 42 40369851eb851eb8 c03c5b645a1cac08 4014000000000000 4059000000000000 406fa00000000000 4022000000000000
poi 43 c0422eb851eb851f c04814dd2f1a9fbe 4014000000000000 4051c00000000000 406ba00000000000 4014000000000000
poi 44 4052dced916872b0 c02ad810624dd2f2 4008000000000000 407b000000000000 4081580000000000 4034000000000000
poi 45 c0502147ae147ae1 c02a76c8b4395810 402a000000000000 4068200000000000 4074000000000000 4024000000000000
poi 46 3ff41cac083126e9 403d27ef9db22d0e 4000000000000000 407dc00000000000 4082c00000000000 4022000000000000
poi 47 bff91a9fbe76c8b4 c041fcac083126e9 4024000000000000 407c200000000000 4082280000000000 4032000000000000
poi 48 40475f9db22d0e56 401ac8b439581062 4028000000000000 4067a00000000000 4073000000000000 402a000000000000
poi 49 4054851eb851eb85 403b0e978d4fdf3b 4038000000000000 4066200000000000 4074400000000000 4031000000000000
poi 50 4052ac7ae147ae14 40335db22d0e5604 4035000000000000 4065800000000000 4073300000000000 4036000000000000
poi 51 404781eb851eb852 4022ad0e56041893 4032000000000000 4076f00000000000 407f600000000000 4014000000000000
poi 52 c04f049ba5e353f8 c0355374bc6a7efa 4014000000000000 4078500000000000 4080000000000000 4028000000000000
poi 53 4022624dd2f1a9fc 403409ba5e353f7d 402e000000000000 407c600000000000 4081880000000000 4010000000000000
poi 54 c008c083126e978d 403594fdf3b645a2 4026000000000000 4079a00000000000 4082280000000000 4014000000000000
poi 55 c052dc8b43958106 402a2c083126e979 401c000000000000 406da00000000000 4077400000000000 4036000000000000
poi 56 4024116872b020c5 c04fde978d4fdf3b 4008000000000000 4066000000000000 4071500000000000 401c000000000000
poi 57 4051f4189374bc6a 403a804189374bc7 4031000000000000 4077b00000000000 4080100000000000 4028000000000000
poi 58 4032d78d4fdf3b64 c043026e978d4fdf 402c000000000000 407ce00000000000 4084000000000000 4024000000000000
poi 59 c02514fdf3b645a2 c03f4e147ae147ae 402c000000000000 4061400000000000 4073800000000000 4032000000000000
poi 60 4020810624dd2f1b c056c9999999999a 401c000000000000 4078000000000000 4080f80000000000 4031000000000000
poi 61 4052348b43958106 c043753f7ced9168 4028000000000000 407ca00000000000 4082b00000000000 4008000000000000
poi 62 c03e283126e978d5 40436353f7ced917 4014000000000000 4075b00000000000 407c600000000000 3ff0000000000000
poi 63 c04c20c49ba5e354 c0163126e978d4fe 4026000000000000 4068000000000000 4075500000000000 4022000000000000
poi 64 c020cbc6a7ef9db2 c042cd4fdf3b645a 4031000000000000 406bc00000000000 4077700000000000 4028000000000000
poi 65 402e0ac083126e98 402b6a7ef9db22d1 4008000000000000 4071000000000000 4076c00000000000 4010000000000000
poi 66 c04e1978d4fdf3b6 40384ac083126e98 401c000000000000 4074300000000000 407cb00000000000 4000000000000000
poi 67 c02b96872b020c4a c03b1b22d0e56042 402a000000000000 406f400000000000 4077c00000000000 4032000000000000
poi 68 c04165e353f7ced9 c036347ae147ae14 4034000000000000 4079c00000000000 4082180000000000 4037000000000000
poi 69 4051690624dd2f1b 4054c3a5e353f7cf 402a000000000000 4075e00000000000 407ca00000000000 402c000000000000
poi 70 c0463851eb851eb8 403e170a3d70a3d7 4010000000000000 405dc00000000000 4071500000000000 4018000000000000
poi 71 4048510624dd2f1b 40082b020c49ba5e 4008000000000000 4064600000000000 4072100000000000 3ff0000000000000
poi 72 c02ea0c49ba5e354 4049dac083126e98 4038000000000000 4068200000000000 4071c00000000000 4018000000000000
poi 73 4042216872b020c5 403ac83126e978d5 4037000000000000 407a000000000000 4082300000000000 4018000000000000
poi 74 404dfb020c49ba5e 40384f5c28f5c28f 4035000000000000 407a700000000000 4082180000000000 4020000000000000
poi 75 404ba6e978d4fdf4 401a83126e978d50 4037000000000000 4069400000000000 4073600000000000 4039000000000000
poi 76 4043fae147ae147b 40482604189374bc 4024000000000000 4076200000000000 4080500000000000 4008000000000000
poi 77 c048728f5c28f5c3 c051c66666666666 4035000000000000 4073400000000000 407e300000000000 4008000000000000
poi 78 c002b4395810624e c04f745a1cac0831 4038000000000000 4074500000000000 407bc00000000000 4030000000000000
poi 79 4022fb645a1cac08 c044f353f7ced917 4022000000000000 4078400000000000 407f800000000000 4014000000000000
poi 80 c04b566666666666 c03270624dd2f1aa 4036000000000000 4060200000000000 406bc00000000000 4018000000000000
poi 81 4025f5c28f5c28f6 c01e6b851eb851ec 4008000000000000 406c200000000000 4074f00000000000 4018000000000000
poi 82 c05174bc6a7ef9db c0492d4fdf3b645a 4018000000000000 4077f00000000000 407fe00000000000 4030000000000000
poi 83 c044276c8b439581 c01dced916872b02 4026000000000000 4077e00000000000 4081400000000000 4018000000000000
poi 84 404f1f3b645a1cac 4045d0624dd2f1aa 4024000000000000 4060400000000000 4072e00000000000 402a000000000000
poi 85 403d13b645a1cac1 404f8ed916872b02 402e000000000000 4071a00000000000 407b000000000000 4010000000000000
poi 86 c028224dd2f1a9fc c035824dd2f1a9fc 4022000000000000 4077e00000000000 4080b80000000000 4028000000000000
poi 87 402d74bc6a7ef9db 403ce7ef9db22d0e 4034000000000000 4078800000000000 4081980000000000 402e000000000000
poi 88 c04f8b020c49ba5e c04e0e978d4fdf3b 4033000000000000 4078d00000000000 4080880000000000 4024000000000000
poi 89 4040d3d70a3d70a4 bfedb22d0e560419 4033000000000000 406c600000000000 4078a00000000000 4033000000000000
poi 90 c028733333333333 402c4bc6a7ef9db2 4033000000000000 4068200000000000 4073b00000000000 4033000000000000
poi 91 c0567dd2f1a9fbe7 4049c1cac083126f 4034000000000000 405e400000000000 4071100000000000 3ff0000000000000
poi 92 bfe86a7ef9db22d1 4044ab645a1cac08 3ff0000000000000 4071a00000000000 407be00000000000 4036000000000000
poi 93 40542c7ae147ae14 40407dd2f1a9fbe7 402e000000000000 4063600000000000 4070200000000000 4034000000000000
poi 94 c04ab26e978d4fdf c02c7ae147ae147b 4032000000000000 4077000000000000 4080180000000000 4014000000000000
poi 95 c04aa45a1cac0831 c05008b439581062 4000000000000000 4079400000000000 4081680000000000 4028000000000000
poi 96 405250a3d70a3d71 402556872b020c4a 4039000000000000 4066000000000000 4074d00000000000 4010000000000000
poi 97 404dce76c8b43958 402ae76c8b439581 4034000000000000 405d400000000000 4071600000000000 4028000000000000
poi 98 c0428189374bc6a8 4019e76c8b439581 4032000000000000 4077400000000000 407e400000000000 4020000000000000
poi 99 c04ad3f7ced91687 4035b126e978d4fe 4020000000000000 4077800000000000 407d600000000000 4024000000000000
poi 100 c04271eb851eb852 40325f3b645a1cac 4008000000000000 407c000000000000 4080f80000000000 4000000000000000
poi 101 c0126e978d4fdf3b c02b9cac083126e9 4000000000000000 4073a00000000000 407e600000000000 4039000000000000
poi 102 404ae6a7ef9db22d 40427f1a9fbe76c9 402e000000000000 4075000000000000 407e900000000000 402c000000000000
poi 103 40483be76c8b4396 c050828f5c28f5c3 4035000000000000 4070200000000000 407a900000000000 4034000000000000
poi 104 c047324dd2f1a9fc c034edd2f1a9fbe7 4018000000000000 405fc00000000000 4072200000000000 4026000000000000
poi 105 c02e170a3d70a3d7 c0446c28f5c28f5c 4038000000000000 4066200000000000 4072700000000000 4010000000000000
poi 106 c05267be76c8b439 c0231a9fbe76c8b4 4033000000000000 407bb00000000000 4082180000000000 4018000000000000
poi 107 405736353f7ced91 4046cb22d0e56042 4037000000000000 405a000000000000 406f200000000000 4020000000000000
poi 108 4040c74bc6a7ef9e 403c10624dd2f1aa 4030000000000000 4076700000000000 407f000000000000 4014000000000000
poi 109 4047a916872b020c 403869fbe76c8b44 4030000000000000 4060e00000000000 406e600000000000 4008000000000000
poi 110 c01a70a3d70a3d71 c03e283126e978d5 4022000000000000 407da00000000000 4082280000000000 4010000000000000
poi 111 402834bc6a7ef9db 4037d70a3d70a3d7 3ff0000000000000 4078000000000000 407ed00000000000 4038000000000000
poi 112 c04efb4395810625 403a3d2f1a9fbe77 4024000000000000 407ca00000000000 4081400000000000 4010000000000000
poi 113 4037e083126e978d 40239db22d0e5604 402c000000000000 4065c00000000000 4074e00000000000 4026000000000000
poi 114 4048e3d70a3d70a4 401b76c8b4395810 4026000000000000 4076000000000000 407d000000000000 4037000000000000
poi 115 c04a82b020c49ba6 c0357be76c8b4396 4010000000000000 4069000000000000 4072a00000000000 3ff0000000000000
poi 116 404b7b22d0e56042 4007e147ae147ae1 4037000000000000 407a400000000000 4081680000000000 402e000000000000
poi 117 401375c28f5c28f6 c05165810624dd2f 4037000000000000 406d600000000000 4078600000000000 4028000000000000
poi 118 4040f95810624dd3 40469ac083126e98 4036000000000000 407a400000000000 4082980000000000 4024000000000000
poi 119 c040153f7ced9168 c0379ef9db22d0e5 4026000000000000 4072200000000000 4078200000000000 4038000000000000
poi 120 c0318c49ba5e353f c04761eb851eb852 402c000000000000 406d200000000000 4074c00000000000 4014000000000000
poi 121 403fbe76c8b43958 4040fc6a7ef9db23 4028000000000000 4076100000000000 407e900000000000 4037000000000000
poi 122 4046afdf3b645a1d 40362189374bc6a8 402a000000000000 4069600000000000 4072800000000000 402e000000000000
poi 123 c014e04189374bc7 c0371d2f1a9fbe77 4026000000000000 4072800000000000 4078e00000000000 4018000000000000
poi 124 c049872b020c49ba c04745c28f5c28f6 4022000000000000 4066e00000000000 4074400000000000 4034000000000000
poi 125 40278c49ba5e353f 402644189374bc6a 4018000000000000 405b800000000000 4070000000000000 402a000000000000
poi 126 c043e10624dd2f1b c02a09ba5e353f7d 4039000000000000 4070400000000000 4077700000000000 4008000000000000
poi 127 403bee147ae147ae 403d522d0e560419 4035000000000000 4079100000000000 407f600000000000 4008000000000000
poi 128 4040deb851eb851f 4050a6147ae147ae 402a000000000000 407de00000000000 4084100000000000 4039000000000000
poi 129 c056f428f5c28f5c 403ddba5e353f7cf 4037000000000000 4075700000000000 407ee00000000000 402e000000000000
poi 130 c038a0c49ba5e354 c0512cdd2f1a9fbe 4020000000000000 407a400000000000 4082680000000000 4018000000000000
poi 131 4046545a1cac0831 4034770a3d70a3d7 401c000000000000 4066000000000000 4071c00000000000 4010000000000000
poi 132 4046b9374bc6a7f0 c03511a9fbe76c8b 4020000000000000 4067a00000000000 4073000000000000 402c000000000000
poi 133 c042aed916872b02 c02831a9fbe76c8b 4022000000000000 4078d00000000000 4080280000000000 402e000000000000
poi 134 4044ffbe76c8b439 3fc395810624dd2f 4000000000000000 4070d00000000000 407b000000000000 4031000000000000
poi 135 c04569374bc6a7f0 c03e2b851eb851ec 4038000000000000 405bc00000000000 406c800000000000 4028000000000000
poi 136 404173f7ced91687 c0124fdf3b645a1d 401c000000000000 4060800000000000 406cc00000000000 4000000000000000
poi 137 c05048c49ba5e354 c0458a1cac083127 4037000000000000 4062600000000000 406f800000000000 4026000000000000
poi 138 4034451eb851eb85 c013fef9db22d0e5 4035000000000000 406bc00000000000 4073900000000000 4014000000000000
poi 139 c0425d916872b021 c021dba5e353f7cf 4028000000000000 4076400000000000 407e300000000000 4034000000000000
poi 140 c03afbe76c8b4396 c033916872b020c5 4037000000000000 407bb00000000000 4081700000000000 4030000000000000
poi 141 c03f4c8b43958106 c054f4083126e979 4032000000000000 4055400000000000 406a800000000000 402a000000000000
poi 142 c03acb4395810625 402903126e978d50 4014000000000000 406c000000000000 4075d00000000000 4022000000000000
poi 143 c043ae5604189375 c04d42b020c49ba6 402e000000000000 407d200000000000 4083480000000000 4037000000000000
poi 144 c0412f3b645a1cac 3fe3851eb851eb85 4026000000000000 4079a00000000000 4081a00000000000 4026000000000000
poi 145 4045af9db22d0e56 4010bf7ced916873 4020000000000000 4072c00000000000 407b000000000000 402c000000000000
poi 146 c0431ced916872b0 c022e5604189374c 4000000000000000 4072a00000000000 407ce00000000000 4008000000000000
poi 147 c0399c28f5c28f5c c058cf2b020c49ba 4018000000000000 4061800000000000 4071200000000000 4022000000000000
poi 148 4048078d4fdf3b64 403d845a1cac0831 4037000000000000 4062c00000000000 406e200000000000 4035000000000000
poi 149 c045d0624dd2f1aa c04028b439581062 4022000000000000 407ca00000000000 4082680000000000 4038000000000000
poi 150 c0309a1cac083127 c03d53b645a1cac1 3ff0000000000000 4079200000000000 4081f80000000000 4010000000000000
poi 151 c03dcf5c28f5c28f c028d0e560418937 4028000000000000 405d800000000000 406d800000000000 4032000000000000
poi 152 c049f47ae147ae14 c03cb604189374bc 4031000000000000 4074e00000000000 407c000000000000 4024000000000000
poi 153 bffcd0e560418937 c032abc6a7ef9db2 4000000000000000 4076100000000000 407e900000000000 4008000000000000
poi 154 4032bced916872b0 40356624dd2f1aa0 4014000000000000 407c000000000000 4082d80000000000 4010000000000000
poi 155 404e0f5c28f5c28f 401f26e978d4fdf4 3ff0000000000000 4072a00000000000 407b500000000000 4039000000000000
poi 156 40458a1cac083127 4045022d0e560419 4034000000000000 4078c00000000000 4081180000000000 4008000000000000
poi 157 c043b7ae147ae148 c0179ba5e353f7cf 4033000000000000 406a200000000000 4078400000000000 4036000000000000
poi 158 c041f1cac083126f c03008b439581062 402a000000000000 404e000000000000 4065a00000000000 4033000000000000
poi 159 c044e9db22d0e560 40437f5c28f5c28f 4024000000000000 405a000000000000 4069a00000000000 4034000000000000
poi 160 40551fced916872b 403dd26e978d4fdf 4022000000000000 4070100000000000 4075f00000000000 401c000000000000
poi 161 c0318f5c28f5c28f c024f5c28f5c28f6 402c000000000000 4071b00000000000 407aa00000000000 4033000000000000
poi 162 c048310624dd2f1b c04875c28f5c28f6 4010000000000000 4064400000000000 4075500000000000 4033000000000000
poi 163 c048aae147ae147b c031f810624dd2f2 4034000000000000 4071b00000000000 4077900000000000 4036000000000000
poi 164 40301851eb851eb8 c003eb851eb851ec 4031000000000000 405a000000000000 4069600000000000 4010000000000000
poi 165 405061ba5e353f7d 402c0d4fdf3b645a 4033000000000000 406b600000000000 4074f00000000000 4039000000000000
poi 166 c00770a3d70a3d71 402a70a3d70a3d71 4033000000000000 405c000000000000 406a600000000000 4037000000000000
poi 167 c032c49ba5e353f8 c037a9ba5e353f7d 4030000000000000 406c000000000000 4078200000000000 4038000000000000
poi 168 c056c6147ae147ae c0542f2b020c49ba 4010000000000000 4074f00000000000 407f400000000000 4039000000000000
poi 169 c03516872b020c4a c02a9604189374bc 3ff0000000000000 406d200000000000 4075600000000000 4010000000000000
poi 170 40477e147ae147ae 4031395810624dd3 4035000000000000 407c200000000000 4082c80000000000 4008000000000000
poi 171 c04efa7ef9db22d1 c04084dd2f1a9fbe 4022000000000000 4051400000000000 406ae00000000000 401c000000000000
poi 172 c0220189374bc6a8 c03973b645a1cac1 4000000000000000 4078700000000000 4080980000000000 4024000000000000
poi 173 4040d49ba5e353f8 c01ea9fbe76c8b44 4038000000000000 4076400000000000 407d900000000000 4024000000000000
poi 174 c039978d4fdf3b64 c025ae147ae147ae 3ff0000000000000 4075800000000000 407fc00000000000 4037000000000000
poi 175 404247ae147ae148 c003872b020c49ba 4035000000000000 407c600000000000 4082d00000000000 4032000000000000
poi 176 401c90624dd2f1aa 4038d126e978d4fe 402a000000000000 4070e00000000000 407b800000000000 4020000000000000
poi 177 c04595c28f5c28f6 c03e7cac083126e9 402e000000000000 406fa00000000000 407ae00000000000 4030000000000000
poi 178 c0353a5e353f7cee 3fe8083126e978d5 4010000000000000 406cc00000000000 4076d00000000000 4010000000000000
poi 179 4033b22d0e560419 402588b439581062 4024000000000000 4073500000000000 407e500000000000 402c000000000000
poi 180 c019f9db22d0e560 c03d6ccccccccccd 4033000000000000 405a000000000000 406fe00000000000 4037000000000000
poi 181 404b31a9fbe76c8b 4021428f5c28f5c3 3ff0000000000000 407d400000000000 4082d00000000000 4031000000000000
poi 182 40500cfdf3b645a2 4053672b020c49ba 4039000000000000 4079f00000000000 4080e80000000000 401c000000000000
poi 183 404430c49ba5e354 3ff9c6a7ef9db22d 4008000000000000 4071100000000000 4079500000000000 4020000000000000
poi 184 c044db020c49ba5e c014883126e978d5 4035000000000000 4072f00000000000 407c900000000000 402c000000000000
poi 185 40529189374bc6a8 c033ec083126e979 401c000000000000 407c400000000000 4082180000000000 4036000000000000
poi 186 c0527fef9db22d0e c04b5020c49ba5e3 4032000000000000 4070000000000000 4079300000000000 401c000000000000
poi 187 403db4bc6a7ef9db 402ee872b020c49c 4008000000000000 4078700000000000 4080f80000000000 4030000000000000
poi 188 4037c8f5c28f5c29 40285a9fbe76c8b4 3ff0000000000000 4066e00000000000 4073100000000000 4038000000000000
poi 189 404549fbe76c8b44 4046a9999999999a 4000000000000000 405f400000000000 4071800000000000 402e000000000000
poi 190 c030bae147ae147b c0308f1a9fbe76c9 4020000000000000 407af00000000000 4080f80000000000 402e000000000000
poi 191 c02d64dd2f1a9fbe bfbdb22d0e560419 4024000000000000 4051400000000000 4068a00000000000 4014000000000000
poi 192 c033c4dd2f1a9fbe 4020c8b439581062 4033000000000000 405c000000000000 4069800000000000 4022000000000000
poi 193 c03e445a1cac0831 402dc9374bc6a7f0 4031000000000000 4073f00000000000 407f000000000000 4038000000000000
poi 194 c04f8ed916872b02 c050dd916872b021 4033000000000000 4075400000000000 407eb00000000000 4018000000000000
poi 195 405581db22d0e560 4043753f7ced9168 4038000000000000 4071600000000000 4078600000000000 4008000000000000
poi 196 4053deb851eb851f c038ddb22d0e5604 4038000000000000 407c300000000000 4082880000000000 4038000000000000
poi 197 4041926e978d4fdf 402d77ced916872b 4018000000000000 407c600000000000 4081780000000000 4036000000000000
poi 198 c048aeb851eb851f c0221a9fbe76c8b4 4000000000000000 4070a00000000000 4076c00000000000 4000000000000000
poi 199 c048bccccccccccd c03193f7ced91687 401c000000000000 407d200000000000 4084000000000000 4035000000000000
poi 200 404cc020c49ba5e3 403053b645a1cac1 4024000000000000 406d200000000000 4077400000000000 4031000000000000
poi 201 404b71cac083126f 40280c49ba5e353f 402a000000000000 4061600000000000 4072700000000000 402a000000000000
poi 202 c04a8374bc6a7efa c04096e978d4fdf4 4034000000000000 4075f00000000000 407e700000000000 4035000000000000
poi 203 bfda8f5c28f5c28f 4030a4dd2f1a9fbe 3ff0000000000000 406e400000000000 4079000000000000 4008000000000000
poi 204 40359810624dd2f2 403024dd2f1a9fbe 4031000000000000 4068e00000000000 4073c00000000000 4022000000000000
poi 205 c0477645a1cac083 c048a16872b020c5 4031000000000000 4058800000000000 4068e00000000000 402c000000000000
poi 206 403274fdf3b645a2 4033bba5e353f7cf 4030000000000000 4061000000000000 4073300000000000 4022000000000000
poi 207 4041e9374bc6a7f0 4033c353f7ced917 4022000000000000 4077800000000000 4080280000000000 4008000000000000
poi 208 4051f79db22d0e56 403d08b439581062 4039000000000000 405c800000000000 4072200000000000 4036000000000000
poi 209 c04c30624dd2f1aa c04560a3d70a3d71 3ff0000000000000 4073700000000000 407b800000000000 402a000000000000
poi 210 c039cccccccccccd 403928b439581062 4037000000000000 4077000000000000 407d300000000000 4024000000000000
poi 211 c016b4395810624e 4040eccccccccccd 4024000000000000 4067000000000000 4076300000000000 401c000000000000
poi 212 404b053f7ced9168 c0152b020c49ba5e 402e000000000000 407b400000000000 4081680000000000 4008000000000000
poi 213 c04f8978d4fdf3b6 403b6147ae147ae1 4039000000000000 4079c00000000000 4082480000000000 4026000000000000
poi 214 c030dd2f1a9fbe77 c048e24dd2f1a9fc 4039000000000000 4075200000000000 407e800000000000 4031000000000000
poi 215 4047f5a1cac08312 402b420c49ba5e35 4030000000000000 4058c00000000000 4070900000000000 402e000000000000
poi 216 c02572b020c49ba6 c00099999999999a 3ff0000000000000 4077400000000000 4080680000000000 4010000000000000
# inst pr10
name pr10
n 289
tmax 408f400000000000
poi 0 c02cbbe76c8b4396 c034570a3d70a3d7 0000000000000000 0000000000000000 408f400000000000 0000000000000000
poi 1 40299c28f5c28f5c 3ffe2d0e56041893 4024000000000000 4079400000000000 4080780000000000 402e000000000000
poi 2 403236872b020c4a 3ff5f7ced916872b 4035000000000000 4070600000000000 4076f00000000000 401c000000000000
poi 3 404cf9374bc6a7f0 c04863b645a1cac1 4020000000000000 406dc00000000000 4075400000000000 4024000000000000
poi 4 c04a36e978d4fdf4 c05505a1cac08312 4037000000000000 407a300000000000 4081780000000000 4034000000000000
poi 5 404e6604189374bc c0404be76c8b4396 4024000000000000 4063800000000000 406f200000000000 4026000000000000
poi 6 403726a7ef9db22d 4010d1eb851eb852 4022000000000000 407cd00000000000 4083880000000000 401c000000000000
poi 7 4039628f5c28f5c3 4036fc6a7ef9db23 4035000000000000 4070100000000000 4076400000000000 402c000000000000
poi 8 40398353f7ced917 c04a7e147ae147ae 4030000000000000 407d900000000000 4081b00000000000 402e000000000000
poi 9 c048a16872b020c5 c044dbe76c8b4396 4035000000000000 406d800000000000 4079600000000000 4020000000000000
poi 10 c042c7ced916872b c044dd70a3d70a3d 4008000000000000 406a000000000000 4076d00000000000 4014000000000000
poi 11 c02d0a3d70a3d70a 40487b22d0e56042 4038000000000000 405cc00000000000 406bc00000000000 4031000000000000
poi 12 40449d4fdf3b645a c038800000000000 4000000000000000 4071300000000000 407b200000000000 3ff0000000000000
poi 13 c035dced916872b0 3fed4fdf3b645a1d 4010000000000000 4052c00000000000 4067800000000000 4008000000000000
poi 14 c048172b020c49ba c03048b439581062 4032000000000000 407d100000000000 4083480000000000 4020000000000000
poi 15 c01f1a9fbe76c8b4 40462c8b43958106 4014000000000000 4070400000000000 407b400000000000 402c000000000000
poi 16 4034cd0e56041893 4025851eb851eb85 402a000000000000 4069e00000000000 4073100000000000 4008000000000000
poi 17 c03db645a1cac083 c04729ba5e353f7d 402a000000000000 4078800000000000 4080280000000000 4018000000000000
poi 18 c03433f7ced91687 c04dc83126e978d5 402c000000000000 407bd00000000000 4080e80000000000 4037000000000000
poi 19 c055c50e56041893 c04a73126e978d50 4024000000000000 4050000000000000 4067800000000000 402c000000000000
poi 20 40085e353f7ced91 c0193851eb851eb8 4008000000000000 4063e00000000000 4074900000000000 3ff0000000000000
poi 21 4027bae147ae147b 40150b4395810625 3ff0000000000000 4078e00000000000 4080000000000000 4000000000000000
poi 22 c038126e978d4fdf c04bf6a7ef9db22d 4026000000000000 4070c00000000000 4078000000000000 4031000000000000
poi 23 c036cd916872b021 4016a1cac083126f 4030000000000000 4076b00000000000 407fd00000000000 402e000000000000
poi 24 c049f3b645a1cac1 4022d2f1a9fbe76d 4018000000000000 4063e00000000000 4072000000000000 4032000000000000
poi 25 402976c8b4395810 c0447bc6a7ef9db2 4032000000000000 406a200000000000 4073b00000000000 402e000000000000
poi 26 c03efced916872b0 401e9db22d0e5604 4026000000000000 4079d00000000000 4082680000000000 401c000000000000
poi 27 4042c189374bc6a8 3fdd4fdf3b645a1d 402e000000000000 4071000000000000 4079b00000000000 4010000000000000
poi 28 4007a1cac083126f c021204189374bc7 4031000000000000 4074b00000000000 407a600000000000 4038000000000000
poi 29 3fe1916872b020c5 400d26e978d4fdf4 4031000000000000 407cf00000000000 4081e00000000000 4032000000000000
poi 30 c04a3df3b645a1cb 40236c083126e979 3ff0000000000000 4051000000000000 406ea00000000000 4000000000000000
poi 31 4040f7ced916872b c0485be76c8b4396 3ff0000000000000 407c900000000000 4081800000000000 4010000000000000
poi 32 c02a420c49ba5e35 c04acced916872b0 4032000000000000 4063e00000000000 4072100000000000 4026000000000000
poi 33 c058e5d2f1a9fbe7 40374d916872b021 4008000000000000 407ae00000000000 4082200000000000 4039000000000000
poi 34 4019c189374bc6a8 c00c20c49ba5e354 4035000000000000 4070a00000000000 4078f00000000000 402e000000000000
poi 35 c02c10624dd2f1aa c033d16872b020c5 4036000000000000 4070e00000000000 407b700000000000 4032000000000000
poi 36 c038ad4fdf3b645a 40309ba5e353f7cf 402c000000000000 407ba00000000000 4082080000000000 4022000000000000
poi 37 c024851eb851eb85 c05471374bc6a7f0 4010000000000000 407d000000000000 4082100000000000 4037000000000000
poi 38 4041edd2f1a9fbe7 40166353f7ced917 4031000000000000 407b800000000000 4082b80000000000 4036000000000000
poi 39 c02734bc6a7ef9db 404574395810624e 4030000000000000 4051400000000000 406d200000000000 4022000000000000
poi 40 c04154bc6a7ef9db c02eee978d4fdf3b 4020000000000000 4075e00000000000 407c800000000000 4034000000000000
poi 41 4050b6872b020c4a 3ff228f5c28f5c29 402c000000000000 407a700000000000 4080d00000000000 402a000000000000
poi 42 401b76c8b4395810 bff6a7ef9db22d0e 4037000000000000 4068800000000000 4077000000000000 4008000000000000
poi 43 3ffa8f5c28f5c28f c001df3b645a1cac 3ff0000000000000 4076100000000000 407ff00000000000 4018000000000000
poi 44 4042c7ced916872b 4026e66666666666 4035000000000000 405c400000000000 4071700000000000 4032000000000000
poi 45 4049d604189374bc c03a57ced916872b 4024000000000000 4075a00000000000 407e300000000000 4022000000000000
poi 46 4033066666666666 c025c72b020c49ba 4033000000000000 4078700000000000 4080100000000000 4038000000000000
poi 47 c042fdb22d0e5604 c01970a3d70a3d71 4018000000000000 4068a00000000000 4072600000000000 4033000000000000
poi 48 c04c44bc6a7ef9db c0452ac083126e98 4010000000000000 4054000000000000 4068400000000000 4026000000000000
poi 49 3ff195810624dd2f c02d3f7ced916873 4032000000000000 407b700000000000 4081400000000000 402c000000000000
poi 50 c04c1e76c8b43958 c0089ba5e353f7cf 4037000000000000 4065000000000000 4072f00000000000 402e000000000000
poi 51 c037ab4395810625 c02e93f7ced91687 4039000000000000 407de00000000000 4083880000000000 4014000000000000
poi 52 c0412374bc6a7efa bff68f5c28f5c28f 4031000000000000 4076100000000000 407ea00000000000 4032000000000000
poi 53 c0500b645a1cac08 404fe7ef9db22d0e 4026000000000000 4078400000000000 4081680000000000 4036000000000000
poi 54 c0478a9fbe76c8b4 c03462d0e5604189 4034000000000000 407cc00000000000 4083980000000000 402a000000000000
poi 55 c040dae147ae147b 4020c28f5c28f5c3 4022000000000000 405b800000000000 406d200000000000 4026000000000000
poi 56 4041251eb851eb85 403a07ef9db22d0e 4037000000000000 4064a00000000000 4074300000000000 4026000000000000
poi 57 c0436e353f7ced91 40450e978d4fdf3b 402c000000000000 4055800000000000 406cc00000000000 3ff0000000000000
poi 58 c0572ec8b4395810 40467147ae147ae1 401c000000000000 4053000000000000 4069a00000000000 4039000000000000
poi 59 4037a20c49ba5e35 403ba49ba5e353f8 402e000000000000 407a500000000000 4082880000000000 4033000000000000
poi 60 c050c8e560418937 c050c4fdf3b645a2 4036000000000000 4076200000000000 4080580000000000 402a000000000000
poi 61 4039b9db22d0e560 c039d604189374bc 4010000000000000 4057800000000000 4070900000000000 401c000000000000
poi 62 c0447e147ae147ae c030e51eb851eb85 402c000000000000 4076500000000000 407ff00000000000 4000000000000000
poi 63 40534083126e978d c0186353f7ced917 4038000000000000 407bd00000000000 4080c80000000000 4030000000000000
poi 64 c04b67ae147ae148 bffef5c28f5c28f6 402a000000000000 405a800000000000 4068e00000000000 4000000000000000
poi 65 c04af8b439581062 c03da9ba5e353f7d 4022000000000000 4065200000000000 4075600000000000 3ff0000000000000
poi 66 403016c8b4395810 c03be3126e978d50 4008000000000000 4074300000000000 407da00000000000 4033000000000000
poi 67 c04db7ced916872b 40423e5604189375 4037000000000000 4076100000000000 4080380000000000 4038000000000000
poi 68 40413c8b43958106 403964189374bc6a 4000000000000000 4065600000000000 4070700000000000 4033000000000000
poi 69 c02290e560418937 c01ac189374bc6a8 4037000000000000 407c800000000000 4083080000000000 4038000000000000
poi 70 c05563c6a7ef9db2 c0347a1cac083127 4020000000000000 4077900000000000 4080480000000000 4024000000000000
poi 71 403d85e353f7ced9 403258d4fdf3b646 4037000000000000 407a600000000000 4080680000000000 4033000000000000
poi 72 403bd0624dd2f1aa 401a0c49ba5e353f 402a000000000000 4075600000000000 407e800000000000 3ff0000000000000
poi 73 40451353f7ced917 c039947ae147ae14 4039000000000000 4074a00000000000 407be00000000000 4033000000000000
poi 74 40548ced916872b0 405574fdf3b645a2 4039000000000000 4072700000000000 407cc00000000000 4039000000000000
poi 75 c047e20c49ba5e35 c041cb851eb851ec 4034000000000000 4063e00000000000 4071800000000000 4038000000000000
poi 76 403603d70a3d70a4 c034595810624dd3 4022000000000000 407cb00000000000 4083100000000000 4026000000000000
poi 77 c04be0c49ba5e354 c040beb851eb851f 402e000000000000 4074700000000000 407e800000000000 401c000000000000
poi 78 404f00c49ba5e354 bff73f7ced916873 4010000000000000 4072b00000000000 407a000000000000 4039000000000000
poi 79 40398c8b43958106 c00e5e353f7ced91 3ff0000000000000 405a400000000000 406da00000000000 4008000000000000
poi 80 c045af9db22d0e56 c01d84189374bc6a 401c000000000000 4073700000000000 407a000000000000 4008000000000000
poi 81 404e2604189374bc 404a5189374bc6a8 4028000000000000 407cc00000000000 4081a00000000000 4032000000000000
poi 82 c05809eb851eb852 40410ccccccccccd 4014000000000000 4069400000000000 4072800000000000 4032000000000000
poi 83 c040672b020c49ba c00ec28f5c28f5c3 4020000000000000 407b400000000000 4083100000000000 4022000000000000
poi 84 c047e9db22d0e560 c04699fbe76c8b44 3ff0000000000000 405b800000000000 4069c00000000000 4035000000000000
poi 85 c03f20c49ba5e354 c0577645a1cac083 4038000000000000 4076a00000000000 407c500000000000 4035000000000000
poi 86 c031028f5c28f5c3 c035db645a1cac08 4037000000000000 4077f00000000000 4080400000000000 4035000000000000
poi 87 c020c5a1cac08312 c0021cac083126e9 4028000000000000 4061600000000000 406f800000000000 4026000000000000
poi 88 4041eac083126e98 402a4b4395810625 4000000000000000 4072000000000000 4078c00000000000 4000000000000000
poi 89 403d50a3d70a3d71 404b3be76c8b4396 4036000000000000 407b800000000000 4081180000000000 4010000000000000
poi 90 40482d0e56041893 c02190e560418937 4008000000000000 4078c00000000000 4081980000000000 4008000000000000
poi 91 c00770a3d70a3d71 403b09fbe76c8b44 4028000000000000 4060200000000000 4070f00000000000 4020000000000000
poi 92 c0309eb851eb851f c04bb1cac083126f 4030000000000000 4067c00000000000 4075f00000000000 4034000000000000
poi 93 c0446ced916872b0 c047def9db22d0e5 4020000000000000 406d400000000000 4076300000000000 4037000000000000
poi 94 c029c189374bc6a8 c0004fdf3b645a1d 4039000000000000 4070d00000000000 407b500000000000 402e000000000000
poi 95 c049e353f7ced917 401d1fbe76c8b439 4018000000000000 406c000000000000 4074600000000000 4008000000000000
poi 96 c0407604189374bc 4037d3f7ced91687 4038000000000000 4071900000000000 4077b00000000000 402c000000000000
poi 97 402bf74bc6a7ef9e c04142b020c49ba6 4030000000000000 4072b00000000000 4079500000000000 4020000000000000
poi 98 c041eac083126e98 c037d5810624dd2f 401c000000000000 4070900000000000 4076c00000000000 4010000000000000
poi 99 4056f6e978d4fdf4 40162b020c49ba5e 4022000000000000 407d600000000000 4083100000000000 4033000000000000
poi 100 c03c7126e978d4fe c041170a3d70a3d7 4037000000000000 4073d00000000000 407d500000000000 4018000000000000
poi 101 4040ec083126e979 403be00000000000 4038000000000000 407d600000000000 4083d00000000000 3ff0000000000000
poi 102 40589b95810624dd 403f5916872b020c 4033000000000000 4078a00000000000 4080e00000000000 4000000000000000
poi 103 c04ce020c49ba5e3 c03bc0c49ba5e354 4022000000000000 405d000000000000 406a000000000000 4008000000000000
poi 104 c045f1eb851eb852 402a0395810624dd 4024000000000000 4067800000000000 4076500000000000 4038000000000000
poi 105 4042cae147ae147b 4048e24dd2f1a9fc 4037000000000000 4077200000000000 4080d80000000000 4018000000000000
poi 106 c00d7ef9db22d0e5 401d7df3b645a1cb 4000000000000000 4052000000000000 406ca00000000000 402c000000000000
poi 107 c0588f7ced916873 404ed4395810624e 4014000000000000 4057800000000000 406b200000000000 4036000000000000
poi 108 c0378f5c28f5c28f c040428f5c28f5c3 4039000000000000 4054400000000000 406d800000000000 402c000000000000
poi 109 4036fae147ae147b c0321be76c8b4396 4031000000000000 4057000000000000 406b800000000000 401c000000000000
poi 110 4045f51eb851eb85 c007e147ae147ae1 4037000000000000 407d300000000000 4083400000000000 402a000000000000
poi 111 4051e09374bc6a7f 40274dd2f1a9fbe7 4037000000000000 4069800000000000 4077d00000000000 4033000000000000
poi 112 c045816872b020c5 c04359db22d0e560 402a000000000000 4077a00000000000 407e300000000000 4018000000000000
poi 113 c054fd0e56041893 40016e978d4fdf3b 4000000000000000 4067600000000000 4076700000000000 4010000000000000
poi 114 40262e147ae147ae c044789374bc6a7f 4038000000000000 4071200000000000 407b500000000000 4031000000000000
poi 115 403b2c49ba5e353f c02aa8f5c28f5c29 4036000000000000 406da00000000000 4077a00000000000 4031000000000000
poi 116 c05586872b020c4a c04de76c8b439581 4034000000000000 407c800000000000 4083800000000000 402a000000000000
poi 117 c0365851eb851eb8 c05391cac083126f 402e000000000000 4060a00000000000 4072f00000000000 4035000000000000
poi 118 c0435d0e56041893 c040cb4395810625 4028000000000000 407d700000000000 4082780000000000 4020000000000000
poi 119 bff3a1cac083126f c03cab020c49ba5e 4031000000000000 4079700000000000 407f100000000000 401c000000000000
poi 120 4054550e56041893 c0461f3b645a1cac 4035000000000000 4064400000000000 406fa00000000000 402e000000000000
poi 121 4049f3b645a1cac1 4033e4189374bc6a 4024000000000000 4074300000000000 407d600000000000 4014000000000000
poi 122 c0417c8b43958106 c03bdb22d0e56042 4010000000000000 407a000000000000 4080600000000000 4018000000000000
poi 123 c049bdd2f1a9fbe7 c0373f7ced916873 4035000000000000 4071100000000000 407a900000000000 4031000000000000
poi 124 bfe4b4395810624e c047074bc6a7ef9e 4008000000000000 4066c00000000000 4076600000000000 4010000000000000
poi 125 40510e04189374bc c050bf1a9fbe76c9 4031000000000000 407af00000000000 4082180000000000 4039000000000000
poi 126 c02e4c49ba5e353f c0397b645a1cac08 4033000000000000 4078c00000000000 4080280000000000 4026000000000000
poi 127 40366978d4fdf3b6 c041300000000000 4024000000000000 4074a00000000000 407ac00000000000 4031000000000000
poi 128 404216872b020c4a c024dcac083126e9 4035000000000000 407dd00000000000 4083d80000000000 4031000000000000
poi 129 c037a395810624dd c047d72b020c49ba 4035000000000000 407c200000000000 4080e80000000000 4000000000000000
poi 130 c02d71a9fbe76c8b 4040578d4fdf3b64 4018000000000000 4060e00000000000 4071800000000000 401c000000000000
poi 131 4030d22d0e560419 c02970a3d70a3d71 4020000000000000 4078b00000000000 407ea00000000000 4030000000000000
poi 132 4057583126e978d5 4037010624dd2f1b 4020000000000000 405e800000000000 4070800000000000 4000000000000000
poi 133 40442c083126e979 c0382d0e56041893 402a000000000000 406aa00000000000 4076a00000000000 4028000000000000
poi 134 40161eb851eb851f c0139a9fbe76c8b4 401c000000000000 4079000000000000 4081000000000000 401c000000000000
poi 135 c05380f5c28f5c29 3ff451eb851eb852 4026000000000000 4070800000000000 407b700000000000 4033000000000000
poi 136 4049c8d4fdf3b646 c046d624dd2f1aa0 4032000000000000 4070400000000000 407b300000000000 4030000000000000
poi 137 40489fdf3b645a1d c03ee5604189374c 4024000000000000 4074b00000000000 407cf00000000000 4031000000000000
poi 138 c04f18f5c28f5c29 c0356624dd2f1aa0 4039000000000000 4062800000000000 4071100000000000 4020000000000000
poi 139 c0143126e978d4fe 401d395810624dd3 401c000000000000 4056000000000000 406e600000000000 4038000000000000
poi 140 3ffba1cac083126f c0518e24dd2f1aa0 4031000000000000 407de00000000000 4084600000000000 4024000000000000
poi 141 3ff5c6a7ef9db22d c00c83126e978d50 4034000000000000 4075b00000000000 407d100000000000 4034000000000000
poi 142 c02f0ac083126e98 40306ccccccccccd 4032000000000000 405f000000000000 406c000000000000 4020000000000000
poi 143 c03f9a9fbe76c8b4 c04e7810624dd2f2 4035000000000000 4054c00000000000 406fc00000000000 4018000000000000
poi 144 c0477f9db22d0e56 c04bc7ae147ae148 402c000000000000 4078400000000000 407ed00000000000 4014000000000000
poi 145 40026872b020c49c 401624dd2f1a9fbe 4000000000000000 4079400000000000 4081c80000000000 4037000000000000
poi 146 c03e53f7ced91687 bfe28f5c28f5c28f 4032000000000000 4073f00000000000 407be00000000000 402c000000000000
poi 147 c030d22d0e560419 4031a9fbe76c8b44 4024000000000000 4078300000000000 407f900000000000 4037000000000000
poi 148 404a53d70a3d70a4 403d08b439581062 4014000000000000 405b000000000000 4070800000000000 402a000000000000
poi 149 c027fc6a7ef9db23 c054f15810624dd3 402e000000000000 4061c00000000000 4070200000000000 4028000000000000
poi 150 4044d0e560418937 40458624dd2f1aa0 4031000000000000 405b800000000000 4071200000000000 402a000000000000
poi 151 402104189374bc6a c0044fdf3b645a1d 4028000000000000 406e000000000000 4079500000000000 4034000000000000
poi 152 403f83126e978d50 c021f4bc6a7ef9db 402c000000000000 407d800000000000 4084480000000000 402c000000000000
poi 153 c00ab645a1cac083 c0421f1a9fbe76c9 4008000000000000 4070000000000000 4076400000000000 4018000000000000
poi 154 c03a610624dd2f1b 402b8d4fdf3b645a 401c000000000000 406ce00000000000 4079700000000000 4010000000000000
poi 155 403c6e147ae147ae 4025245a1cac0831 4035000000000000 4070200000000000 407ad00000000000 402a000000000000
poi 156 4017e66666666666 403b49fbe76c8b44 401c000000000000 407d200000000000 4081900000000000 3ff0000000000000
poi 157 c0401147ae147ae1 c04688b439581062 4014000000000000 407be00000000000 4082000000000000 4022000000000000
poi 158 403f18d4fdf3b646 c01fa9fbe76c8b44 4038000000000000 4071a00000000000 407a700000000000 4014000000000000
poi 159 403c32b020c49ba6 c03dc147ae147ae1 402a000000000000 406ec00000000000 407a800000000000 401c000000000000
poi 160 c043ce5604189375 c040cc083126e979 4032000000000000 4071400000000000 407ab00000000000 4010000000000000
poi 161 c0333851eb851eb8 c014883126e978d5 4033000000000000 407ca00000000000 4082700000000000 4028000000000000
poi 162 c0243a5e353f7cee 40517e872b020c4a 4036000000000000 4066e00000000000 4074500000000000 4034000000000000
poi 163 4036e4dd2f1a9fbe c0462c8b43958106 402a000000000000 405bc00000000000 4071700000000000 4034000000000000
poi 164 c0415ed916872b02 3fe28f5c28f5c28f 4024000000000000 4072a00000000000 4079b00000000000 402c000000000000
poi 165 c04679db22d0e560 c0536ef9db22d0e5 4010000000000000 407b900000000000 4082800000000000 4026000000000000
poi 166 c037bfbe76c8b439 c04c0189374bc6a8 4031000000000000 4058400000000000 4070900000000000 3ff0000000000000
poi 167 405144ac083126e9 c058480000000000 4000000000000000 4055800000000000 406fc00000000000 4014000000000000
poi 168 4028570a3d70a3d7 c04def3b645a1cac 4032000000000000 4072900000000000 407a200000000000 3ff0000000000000
poi 169 4047ab645a1cac08 40315d70a3d70a3d 4000000000000000 406a000000000000 4072b00000000000 402c000000000000
poi 170 c012d2f1a9fbe76d 402c1cac083126e9 4032000000000000 4057000000000000 4070f00000000000 4033000000000000
poi 171 c04a2fdf3b645a1d c0491f3b645a1cac 402a000000000000 4071900000000000 407bd00000000000 4030000000000000
poi 172 40439b851eb851ec c03dc5e353f7ced9 4038000000000000 407a300000000000 4082080000000000 4035000000000000
poi 173 c0452872b020c49c c04e4d0e56041893 4039000000000000 4074500000000000 407e700000000000 4022000000000000
poi 174 4033228f5c28f5c3 4044933333333333 4000000000000000 4078300000000000 4081380000000000 3ff0000000000000
poi 175 c04b5a5e353f7cee c031989374bc6a7f 4000000000000000 4077c00000000000 407e200000000000 4032000000000000
poi 176 4027795810624dd3 c054cb126e978d50 401c000000000000 406e000000000000 4077c00000000000 401c000000000000
poi 177 c0444a7ef9db22d1 c04a9f9db22d0e56 4037000000000000 407aa00000000000 4082280000000000 402e000000000000
poi 178 c019af1a9fbe76c9 4035f78d4fdf3b64 4035000000000000 4050800000000000 406e400000000000 4035000000000000
poi 179 c03f449ba5e353f8 c0414e76c8b43958 4032000000000000 4075900000000000 407dc00000000000 4010000000000000
poi 180 c00d5810624dd2f2 c03ade353f7ced91 4035000000000000 4056c00000000000 4066a00000000000 4035000000000000
poi 181 402ad16872b020c5 c0364d4fdf3b645a 4037000000000000 4069400000000000 4074b00000000000 4024000000000000
poi 182 c057f916872b020c c055949ba5e353f8 4030000000000000 4063a00000000000 406f600000000000 4030000000000000
poi 183 40563ee978d4fdf4 c04ab189374bc6a8 4036000000000000 407b300000000000 4081b00000000000 4035000000000000
poi 184 c04b8624dd2f1aa0 c04044dd2f1a9fbe 4026000000000000 407b100000000000 4081400000000000 401c000000000000
poi 185 403bd9999999999a c0240e5604189375 4036000000000000 4060200000000000 406ee00000000000 4020000000000000
poi 186 404475810624dd2f c0420b851eb851ec 4024000000000000 4062000000000000 406e400000000000 4018000000000000
poi 187 c04d2ccccccccccd 402fa0c49ba5e354 402e000000000000 405d400000000000 406e000000000000 4037000000000000
poi 188 c04a149ba5e353f8 c052ae6666666666 4037000000000000 405ec00000000000 406e600000000000 4032000000000000
poi 189 c050b16872b020c5 c04178b439581062 401c000000000000 406f000000000000 4079f00000000000 4018000000000000
poi 190 c040afdf3b645a1d c04f03126e978d50 3ff0000000000000 4059000000000000 406ce00000000000 4018000000000000
poi 191 c0214c49ba5e353f 403fb53f7ced9168 4035000000000000 4055800000000000 406a600000000000 402c000000000000
poi 192 c03a2a7ef9db22d1 c04c1374bc6a7efa 4026000000000000 4073700000000000 4079100000000000 402c000000000000
poi 193 c043efdf3b645a1d c04ab00000000000 4000000000000000 4077500000000000 407d900000000000 4036000000000000
poi 194 4051e926e978d4fe c0427d916872b021 4038000000000000 407c500000000000 4083580000000000 4036000000000000
poi 195 c0583b22d0e56042 4020d26e978d4fdf 4039000000000000 406ca00000000000 4074100000000000 4039000000000000
poi 196 c00749ba5e353f7d 404219999999999a 4031000000000000 4055000000000000 406ee00000000000 402a000000000000
poi 197 c04aa0624dd2f1aa 402c32b020c49ba6 4024000000000000 407bb00000000000 4083280000000000 4035000000000000
poi 198 4050d4395810624e c043ddf3b645a1cb 4032000000000000 406d400000000000 4075400000000000 402c000000000000
poi 199 c01a19999999999a 4027f33333333333 4000000000000000 4071300000000000 4078300000000000 4032000000000000
poi 200 40306ccccccccccd 40409c49ba5e353f 4028000000000000 406f200000000000 4075c00000000000 4032000000000000
poi 201 c0330f9db22d0e56 c04c75e353f7ced9 4010000000000000 4069e00000000000 4077c00000000000 4026000000000000
poi 202 403930624dd2f1aa c0350b851eb851ec 3ff0000000000000 4059c00000000000 406b600000000000 4024000000000000
poi 203 4042ed4fdf3b645a c016189374bc6a7f 3ff0000000000000 4067000000000000 4074600000000000 402e000000000000
poi 204 c0307a9fbe76c8b4 404854189374bc6a 4018000000000000 4061c00000000000 406e800000000000 4008000000000000
poi 205 4002c083126e978d c03084189374bc6a 4036000000000000 4073700000000000 407d800000000000 4000000000000000
poi 206 c0484f7ced916873 c028c7ae147ae148 4039000000000000 4050400000000000 4068c00000000000 4028000000000000
poi 207 c0454f7ced916873 c04900c49ba5e354 4035000000000000 4070900000000000 407bc00000000000 4032000000000000
poi 208 403004189374bc6a 402656872b020c4a 4032000000000000 407cb00000000000 4081c00000000000 3ff0000000000000
poi 209 c0541a1cac083127 c04e4a9fbe76c8b4 402c000000000000 4068400000000000 4076c00000000000 4008000000000000
poi 210 c057c45a1cac0831 404625810624dd2f 4035000000000000 4072300000000000 4078000000000000 4010000000000000
poi 211 c01b8a3d70a3d70a 4038e24dd2f1a9fc 4010000000000000 4068e00000000000 4076500000000000 4028000000000000
poi 212 c0133645a1cac083 4035ac8b43958106 3ff0000000000000 4077f00000000000 4080280000000000 402e000000000000
poi 213 401c25e353f7ced9 c046ab22d0e56042 4032000000000000 4074f00000000000 407b100000000000 4036000000000000
poi 214 403f4b020c49ba5e c043f3d70a3d70a4 4010000000000000 407a000000000000 4081580000000000 4034000000000000
poi 215 402df7ced916872b 403a2c083126e979 4010000000000000 4073e00000000000 407a000000000000 4030000000000000
poi 216 404099fbe76c8b44 c04a24fdf3b645a2 4014000000000000 4073600000000000 407dc00000000000 4026000000000000
poi 217 c04da374bc6a7efa 4043d5604189374c 402e000000000000 407cf00000000000 4082780000000000 4034000000000000
poi 218 403e0dd2f1a9fbe7 c042695810624dd3 4014000000000000 406f600000000000 4075e00000000000 402a000000000000
poi 219 4022b3b645a1cac1 c04385a1cac08312 4036000000000000 4058800000000000 406fe00000000000 4022000000000000
poi 220 c0254d4fdf3b645a 404b372b020c49ba 4035000000000000 4060200000000000 4070300000000000 4030000000000000
poi 221 4034db22d0e56042 c03a770a3d70a3d7 4031000000000000 407b500000000000 4081e80000000000 401c000000000000
poi 222 40339df3b645a1cb 4031dd70a3d70a3d 4020000000000000 406d000000000000 4076700000000000 4035000000000000
poi 223 c0427d916872b021 c0573ccccccccccd 4010000000000000 4065e00000000000 4072d00000000000 4032000000000000
poi 224 c00e147ae147ae14 404df00000000000 4010000000000000 4064a00000000000 4071e00000000000 4010000000000000
poi 225 40275d2f1a9fbe77 c04fab020c49ba5e 4030000000000000 407c400000000000 4080f80000000000 402e000000000000
poi 226 4011df3b645a1cac c042110624dd2f1b 4014000000000000 4076300000000000 4080180000000000 4014000000000000
poi 227 4047851eb851eb85 c044a083126e978d 402e000000000000 4073900000000000 4079700000000000 4038000000000000
poi 228 403df020c49ba5e3 c04d5ae147ae147b 4039000000000000 4068000000000000 4076300000000000 4035000000000000
poi 229 c051a46a7ef9db23 c01c25e353f7ced9 402e000000000000 4060e00000000000 4072900000000000 401c000000000000
poi 230 404c2189374bc6a8 3ffd1a9fbe76c8b4 401c000000000000 4057800000000000 4070600000000000 4038000000000000
poi 231 40471ae147ae147b c04ac2d0e5604189 4033000000000000 407d800000000000 4081b80000000000 4036000000000000
poi 232 401976c8b4395810 c02c872b020c49ba 4026000000000000 4071400000000000 407ae00000000000 3ff0000000000000
poi 233 c041451eb851eb85 c043c04189374bc7 402a000000000000 4074400000000000 407ab00000000000 4018000000000000
poi 234 c04944bc6a7ef9db 403c5b645a1cac08 4038000000000000 4065600000000000 4073200000000000 4010000000000000
poi 235 c04eb8d4fdf3b646 c025cd4fdf3b645a 4010000000000000 4076500000000000 407e000000000000 402c000000000000
poi 236 c03ed2b020c49ba6 4031e6e978d4fdf4 402a000000000000 4058000000000000 406d400000000000 4032000000000000
poi 237 4048d4395810624e 40387810624dd2f2 4018000000000000 4077c00000000000 4080800000000000 4030000000000000
poi 238 c05171999999999a c044b3f7ced91687 4010000000000000 4071300000000000 4078200000000000 3ff0000000000000
poi 239 c032f0624dd2f1aa 404cd851eb851eb8 4028000000000000 4077800000000000 407ef00000000000 4038000000000000
poi 240 c03672f1a9fbe76d 402f8ac083126e98 4010000000000000 405a400000000000 406e400000000000 4033000000000000
poi 241 c01e65604189374c 404283d70a3d70a4 4010000000000000 4071a00000000000 4078200000000000 4033000000000000
poi 242 403b6f5c28f5c28f 40318dd2f1a9fbe7 4039000000000000 4072d00000000000 407cd00000000000 4026000000000000
poi 243 4046c353f7ced917 c014820c49ba5e35 4039000000000000 406ec00000000000 4077d00000000000 4022000000000000
poi 244 c040c6872b020c4a c0399604189374bc 402c000000000000 4074900000000000 407d300000000000 4008000000000000
poi 245 c012947ae147ae14 404ae083126e978d 4039000000000000 4076100000000000 407e800000000000 3ff0000000000000
poi 246 c0448f3b645a1cac c02ab8d4fdf3b646 402a000000000000 404f800000000000 4067200000000000 4024000000000000
poi 247 4037028f5c28f5c3 c046d9fbe76c8b44 402a000000000000 4070a00000000000 4078d00000000000 4033000000000000
poi 248 40313ae147ae147b 4014624dd2f1a9fc 4026000000000000 4063e00000000000 4074100000000000 402c000000000000
poi 249 c01b45a1cac08312 c033df7ced916873 4038000000000000 4073500000000000 4079a00000000000 402c000000000000
poi 250 404a7ba5e353f7cf 4049b47ae147ae14 4014000000000000 407b300000000000 4083180000000000 4038000000000000
poi 251 c03ca978d4fdf3b6 c0497851eb851eb8 4028000000000000 406d600000000000 4075500000000000 4030000000000000
poi 252 40516bc6a7ef9db2 c049c28f5c28f5c3 4010000000000000 4079600000000000 4081400000000000 4018000000000000
poi 253 40427126e978d4fe c0315ef9db22d0e5 4014000000000000 4061e00000000000 4071800000000000 4022000000000000
poi 254 c033a8b439581062 4045047ae147ae14 4038000000000000 407b100000000000 4081700000000000 4034000000000000
poi 255 4052080000000000 405059eb851eb852 4031000000000000 4069e00000000000 4076200000000000 4035000000000000
poi 256 c051d78d4fdf3b64 404dee76c8b43958 4010000000000000 407d500000000000 4083e00000000000 4020000000000000
poi 257 40325126e978d4fe c042e00000000000 3ff0000000000000 4074500000000000 407e000000000000 4026000000000000
poi 258 40321ef9db22d0e5 3fded916872b020c 4033000000000000 4075f00000000000 407cd00000000000 402a000000000000
poi 259 bff1ae147ae147ae c03ead0e56041893 401c000000000000 4060e00000000000 4073800000000000 4038000000000000
poi 260 c0464978d4fdf3b6 c046070a3d70a3d7 4038000000000000 4071c00000000000 4079500000000000 402e000000000000
poi 261 c03c0ed916872b02 c04db7ced916872b 4024000000000000 4050400000000000 4067e00000000000 4018000000000000
poi 262 c01fcfdf3b645a1d 40128e5604189375 402a000000000000 407a900000000000 4082100000000000 4038000000000000
poi 263 c042aed916872b02 c03c872b020c49ba 4038000000000000 405b000000000000 4070c00000000000 4008000000000000
poi 264 40118d4fdf3b645a c0433e978d4fdf3b 4008000000000000 4074700000000000 407b200000000000 4030000000000000
poi 265 c0464bc6a7ef9db2 c041aa9fbe76c8b4 402c000000000000 4075900000000000 407bd00000000000 4038000000000000
poi 266 c04c5b645a1cac08 c043a04189374bc7 4000000000000000 4052c00000000000 4068e00000000000 4033000000000000
poi 267 402ae76c8b439581 c040145a1cac0831 4038000000000000 4073600000000000 4079b00000000000 4014000000000000
poi 268 c03457ced916872b c0265d2f1a9fbe77 4026000000000000 4058c00000000000 4070e00000000000 4026000000000000
poi 269 400b7ced916872b0 c04a5df3b645a1cb 4014000000000000 4078d00000000000 407fc00000000000 4033000000000000
poi 270 404449ba5e353f7d c04b3ef9db22d0e5 402c000000000000 406ee00000000000 4079600000000000 4036000000000000
poi 271 403ff3b645a1cac1 c0396bc6a7ef9db2 4035000000000000 4073000000000000 407b300000000000 4037000000000000
poi 272 c04cb78d4fdf3b64 4043433333333333 402c000000000000 405f000000000000 406f200000000000 4028000000000000
poi 273 4047c147ae147ae1 c045047ae147ae14 402e000000000000 406ac00000000000 4077a00000000000 4037000000000000
poi 274 c03c249ba5e353f8 c044ce978d4fdf3b 4008000000000000 407c400000000000 4083200000000000 4039000000000000
poi 275 c00210624dd2f1aa c0144fdf3b645a1d 402e000000000000 4063400000000000 4071f00000000000 4008000000000000
poi 276 c03b2ac083126e98 c03bef9db22d0e56 402e000000000000 4074500000000000 407f400000000000 4039000000000000
poi 277 c0380c49ba5e353f c047989374bc6a7f 4035000000000000 4071600000000000 4079500000000000 3ff0000000000000
poi 278 c053615810624dd3 c04b8ac083126e98 4031000000000000 4064800000000000 4070100000000000 4030000000000000
poi 279 c04f049ba5e353f8 c045b83126e978d5 4032000000000000 407be00000000000 4082e80000000000 4035000000000000
poi 280 c051fbe76c8b4396 c03428f5c28f5c29 402e000000000000 406e800000000000 407a300000000000 4026000000000000
poi 281 c050a04189374bc7 c043e4fdf3b645a2 4033000000000000 4067800000000000 4074c00000000000 4018000000000000
poi 282 402d2c8b43958106 404838d4fdf3b646 4022000000000000 4077200000000000 407da00000000000 402c000000000000
poi 283 403f5db22d0e5604 c03d7645a1cac083 4024000000000000 4076200000000000 407db00000000000 4037000000000000
poi 284 401a0c49ba5e353f c0470fdf3b645a1d 402a000000000000 406f200000000000 4078400000000000 4022000000000000
poi 285 40234ccccccccccd 4043c10624dd2f1b 4039000000000000 4078100000000000 4080580000000000 4020000000000000
poi 286 40300a3d70a3d70a 4030ae5604189375 3ff0000000000000 406e800000000000 4079400000000000 4033000000000000
poi 287 401efae147ae147b c052d83126e978d5 4026000000000000 4055000000000000 4067800000000000 4031000000000000
poi 288 c03b2c49ba5e353f c011d916872b020c 4039000000000000 4078300000000000 407ed00000000000 402e000000000000
# inst pr11
name pr11
n 49
tmax 408f400000000000
poi 0 4010a6e978d4fdf4 402b1e353f7ced91 0000000000000000 0000000000000000 408f400000000000 0000000000000000
poi 1 c03dbae147ae147b 405008b439581062 4028000000000000 4071400000000000 4081200000000000 4000000000000000
poi 2 c03ea9fbe76c8b44 4015da1cac083127 4020000000000000 4058800000000000 407b600000000000 401c000000000000
poi 3 4049d22d0e560419 4015e04189374bc7 4030000000000000 4056c00000000000 4074a00000000000 4035000000000000
poi 4 c02a578d4fdf3b64 405155810624dd2f 4014000000000000 4066200000000000 407f900000000000 4038000000000000
poi 5 c050da6e978d4fdf 405114ac083126e9 4028000000000000 4071a00000000000 4082280000000000 3ff0000000000000
poi 6 404874189374bc6a 4019189374bc6a7f 4014000000000000 4070600000000000 407bd00000000000 4031000000000000
poi 7 4014f8d4fdf3b646 4036428f5c28f5c3 402a000000000000 406be00000000000 407ca00000000000 4018000000000000
poi 8 c0504020c49ba5e3 40534ef9db22d0e5 4034000000000000 405b400000000000 4076000000000000 4014000000000000
poi 9 c010b33333333333 bff91a9fbe76c8b4 402a000000000000 4070600000000000 4082600000000000 401c000000000000
poi 10 4037076c8b439581 4027472b020c49ba 4032000000000000 4062c00000000000 407bf00000000000 3ff0000000000000
poi 11 40397b645a1cac08 401925e353f7ced9 401c000000000000 406ac00000000000 407c200000000000 4010000000000000
poi 12 c0454eb851eb851f c03a645a1cac0831 4018000000000000 4072500000000000 4083f80000000000 4024000000000000
poi 13 c0532b020c49ba5e 4058d5d2f1a9fbe7 4022000000000000 4063a00000000000 407c400000000000 4000000000000000
poi 14 c034ac49ba5e353f 404cf22d0e560419 4022000000000000 4065800000000000 407ca00000000000 4030000000000000
poi 15 c04a04fdf3b645a2 401a449ba5e353f8 4010000000000000 406d200000000000 407ba00000000000 4037000000000000
poi 16 c044b020c49ba5e3 40496978d4fdf3b6 4039000000000000 4063000000000000 4074d00000000000 4032000000000000
poi 17 c056fc5a1cac0831 403b96872b020c4a 4014000000000000 4063c00000000000 4078100000000000 4008000000000000
poi 18 c050478d4fdf3b64 403e3645a1cac083 4031000000000000 405a800000000000 407c800000000000 402e000000000000
poi 19 403298d4fdf3b646 40582dd2f1a9fbe7 4008000000000000 4066800000000000 4076b00000000000 402a000000000000
poi 20 c044789374bc6a7f 4054cd604189374c 4030000000000000 404f000000000000 4072900000000000 4024000000000000
poi 21 c042e0c49ba5e354 c040a9999999999a 4039000000000000 405b800000000000 407d400000000000 4010000000000000
poi 22 4037c45a1cac0831 403d153f7ced9168 4035000000000000 406e400000000000 4081480000000000 4037000000000000
poi 23 c04583d70a3d70a4 403473f7ced91687 402c000000000000 4056c00000000000 4077800000000000 4034000000000000
poi 24 c041a604189374bc c038e5604189374c 4033000000000000 406ec00000000000 407e700000000000 4024000000000000
poi 25 c04b60a3d70a3d71 402cbc6a7ef9db23 402c000000000000 4069400000000000 4077e00000000000 4010000000000000
poi 26 c048aa1cac083127 4040afdf3b645a1d 4018000000000000 4069000000000000 407be00000000000 4000000000000000
poi 27 404cb3b645a1cac1 4037d26e978d4fdf 4030000000000000 4064200000000000 4077900000000000 4037000000000000
poi 28 c036c10624dd2f1b 404bb4395810624e 4022000000000000 406ee00000000000 4082180000000000 4018000000000000
poi 29 c04c4f9db22d0e56 405255c28f5c28f6 4034000000000000 4052400000000000 4079700000000000 4020000000000000
poi 30 c04347ef9db22d0e c00da3d70a3d70a4 402a000000000000 406f400000000000 407ba00000000000 4024000000000000
poi 31 c030c76c8b439581 40338978d4fdf3b6 4024000000000000 405f400000000000 407c300000000000 401c000000000000
poi 32 c0271eb851eb851f 40273ae147ae147b 4030000000000000 4064e00000000000 4077000000000000 3ff0000000000000
poi 33 c04745c28f5c28f6 40587e5604189375 4033000000000000 4064400000000000 407fa00000000000 4035000000000000
poi 34 40303a9fbe76c8b4 4022a3d70a3d70a4 4036000000000000 4052c00000000000 4070a00000000000 4018000000000000
poi 35 3ff4b4395810624e 401d65604189374c 402c000000000000 4066c00000000000 407fb00000000000 4010000000000000
poi 36 c03a676c8b439581 403d876c8b439581 4024000000000000 4053c00000000000 4072100000000000 402a000000000000
poi 37 40116872b020c49c 402d5eb851eb851f 4026000000000000 4071200000000000 4081700000000000 4022000000000000
poi 38 c049551eb851eb85 c037204189374bc7 402e000000000000 4070b00000000000 4082100000000000 4036000000000000
poi 39 c036d53f7ced9168 c023a0c49ba5e354 402a000000000000 4054000000000000 4078800000000000 4036000000000000
poi 40 c051c66666666666 c0329db22d0e5604 402e000000000000 406ec00000000000 4081d00000000000 4032000000000000
poi 41 c01f65604189374c 40400978d4fdf3b6 4020000000000000 4062c00000000000 407a300000000000 4024000000000000
poi 42 4027c10624dd2f1b c038eed916872b02 4036000000000000 4052800000000000 4076700000000000 4039000000000000
poi 43 c032ed4fdf3b645a c037bae147ae147b 4038000000000000 406ae00000000000 4081580000000000 4037000000000000
poi 44 c027d70a3d70a3d7 4027828f5c28f5c3 4008000000000000 406d000000000000 407fe00000000000 4010000000000000
poi 45 403dd70a3d70a3d7 402744189374bc6a 4039000000000000 4060400000000000 4079800000000000 4022000000000000
poi 46 402889374bc6a7f0 c04be7ced916872b 4033000000000000 4070f00000000000 407e200000000000 4031000000000000
poi 47 c042f76c8b439581 c0359ced916872b0 4035000000000000 4066000000000000 407ef00000000000 4024000000000000
poi 48 4045710624dd2f1b c007ba5e353f7cee 4024000000000000 4070600000000000 4080480000000000 4031000000000000
# inst pr12
name pr12
n 97
tmax 408f400000000000
poi 0 4018ea7ef9db22d1 40252e147ae147ae 0000000000000000 0000000000000000 408f400000000000 0000000000000000
poi 1 4040cb4395810625 403ec00000000000 4010000000000000 4063a00000000000 407a100000000000 4028000000000000
poi 2 404869fbe76c8b44 405054189374bc6a 4028000000000000 4067c00000000000 4079500000000000 3ff0000000000000
poi 3 40558b4395810625 404dac083126e979 4008000000000000 406be00000000000 4081580000000000 3ff0000000000000
poi 4 4043a28f5c28f5c3 c040874bc6a7ef9e 402e000000000000 405c400000000000 4073200000000000 402e000000000000
poi 5 c0375eb851eb851f 4055b6978d4fdf3b 402a000000000000 4072800000000000 407e100000000000 4024000000000000
poi 6 404810e560418937 4057e5f3b645a1cb 4034000000000000 4052000000000000 4077000000000000 4028000000000000
poi 7 c0305b645a1cac08 405753e76c8b4396 4035000000000000 4063a00000000000 407c900000000000 402e000000000000
poi 8 c04cd9fbe76c8b44 c0506676c8b43958 4010000000000000 4071700000000000 4081800000000000 4030000000000000
poi 9 401c96872b020c4a 4040578d4fdf3b64 4039000000000000 406b000000000000 407ad00000000000 4032000000000000
poi 10 404579999999999a 40512cdd2f1a9fbe 4035000000000000 406d000000000000 4081000000000000 4022000000000000
poi 11 40428ae147ae147b c000e5604189374c 401c000000000000 4071a00000000000 4083900000000000 4014000000000000
poi 12 4053709374bc6a7f 404be89374bc6a7f 4008000000000000 406b600000000000 4081c80000000000 4033000000000000
poi 13 c0317645a1cac083 c04c489374bc6a7f 4022000000000000 4050c00000000000 407a700000000000 4026000000000000
poi 14 404d49999999999a 404df1a9fbe76c8b 4014000000000000 4060200000000000 407ae00000000000 4028000000000000
poi 15 404ce353f7ced917 402eb020c49ba5e3 4034000000000000 406b400000000000 407c800000000000 402a000000000000
poi 16 c03653b645a1cac1 404209374bc6a7f0 4035000000000000 4072b00000000000 4081f80000000000 4020000000000000
poi 17 c01c51eb851eb852 403e7e353f7ced91 4033000000000000 4062000000000000 4075400000000000 402c000000000000
poi 18 404bd4395810624e 404e366666666666 4000000000000000 405fc00000000000 4074900000000000 4022000000000000
poi 19 c02c9d2f1a9fbe77 4026e978d4fdf3b6 4030000000000000 4050800000000000 4079c00000000000 4000000000000000
poi 20 c03db95810624dd3 4038449ba5e353f8 4032000000000000 4062a00000000000 407bc00000000000 4039000000000000
poi 21 40459c083126e979 3fe7a5e353f7ced9 4038000000000000 406bc00000000000 407bd00000000000 4018000000000000
poi 22 4046978d4fdf3b64 4041bcac083126e9 4038000000000000 4067600000000000 4078200000000000 4030000000000000
poi 23 40501ef9db22d0e5 4001eb851eb851ec 4020000000000000 4053400000000000 4071800000000000 4032000000000000
poi 24 404b89fbe76c8b44 40520f6c8b439581 4030000000000000 406c200000000000 4080100000000000 4010000000000000
poi 25 4030eccccccccccd 402f7b645a1cac08 4033000000000000 4072b00000000000 4084480000000000 4031000000000000
poi 26 404684dd2f1a9fbe c00dc8b439581062 4028000000000000 406b600000000000 407ba00000000000 4010000000000000
poi 27 c053320c49ba5e35 4017c189374bc6a8 4022000000000000 4050000000000000 4071600000000000 4036000000000000
poi 28 404215a1cac08312 3fd0624dd2f1a9fc 4008000000000000 406ba00000000000 407c700000000000 4028000000000000
poi 29 403d37ced916872b 4021df3b645a1cac 402e000000000000 4059800000000000 4079e00000000000 402a000000000000
poi 30 405043a5e353f7cf 4014e66666666666 4010000000000000 4062400000000000 4078d00000000000 4014000000000000
poi 31 4045166666666666 c03648b439581062 4038000000000000 406b000000000000 4079a00000000000 4038000000000000
poi 32 403992f1a9fbe76d 403fb9db22d0e560 4036000000000000 4053c00000000000 407a800000000000 4028000000000000
poi 33 403f8f9db22d0e56 4042a189374bc6a8 402c000000000000 406fc00000000000 4081300000000000 4030000000000000
poi 34 40509fdf3b645a1d c04b15a1cac08312 4026000000000000 4068c00000000000 407f800000000000 4020000000000000
poi 35 404749ba5e353f7d c031f020c49ba5e3 4034000000000000 4069e00000000000 4080280000000000 4024000000000000
poi 36 405044083126e979 4044700000000000 4014000000000000 4070d00000000000 407e000000000000 402e000000000000
poi 37 c005ba5e353f7cee 4038c49ba5e353f8 4026000000000000 4071a00000000000 407f000000000000 4035000000000000
poi 38 c044004189374bc7 400ef5c28f5c28f6 4028000000000000 4068800000000000 4080e80000000000 4014000000000000
poi 39 c0526051eb851eb8 404c85810624dd2f 401c000000000000 4067c00000000000 407db00000000000 4022000000000000
poi 40 4054495810624dd3 c039b6c8b4395810 3ff0000000000000 4059400000000000 407ba00000000000 4014000000000000
poi 41 402803126e978d50 c01fdc28f5c28f5c 4037000000000000 4069200000000000 407ea00000000000 4022000000000000
poi 42 4045616872b020c5 40430bc6a7ef9db2 402a000000000000 4070800000000000 407e600000000000 4034000000000000
poi 43 400edb22d0e56042 c0372e5604189375 4010000000000000 4055000000000000 4077f00000000000 402c000000000000
poi 44 c01d77ced916872b 403863d70a3d70a4 4037000000000000 4057c00000000000 407be00000000000 4038000000000000
poi 45 4041f8d4fdf3b646 c027ab851eb851ec 4031000000000000 4062200000000000 407a700000000000 4037000000000000
poi 46 404a09999999999a 4023624dd2f1a9fc 402a000000000000 404e800000000000 4073100000000000 4028000000000000
poi 47 403eb9999999999a 403eb374bc6a7efa 4022000000000000 4070f00000000000 4082c80000000000 402a000000000000
poi 48 40449c8b43958106 40537b22d0e56042 4024000000000000 406e600000000000 4080900000000000 4033000000000000
poi 49 4051389374bc6a7f c04445e353f7ced9 4036000000000000 4069e00000000000 4079700000000000 4035000000000000
poi 50 405313f7ced91687 4055aae147ae147b 4035000000000000 4062000000000000 4075000000000000 4014000000000000
poi 51 404ff78d4fdf3b64 4053a28f5c28f5c3 402a000000000000 405a000000000000 4078800000000000 4022000000000000
poi 52 403d266666666666 c023ec083126e979 4039000000000000 4063600000000000 4076c00000000000 4037000000000000
poi 53 4055616872b020c5 4043fa1cac083127 4020000000000000 406f800000000000 407e400000000000 4020000000000000
poi 54 403fc66666666666 400ef5c28f5c28f6 4034000000000000 4066800000000000 4077500000000000 4014000000000000
poi 55 c0348b4395810625 40331604189374bc 4008000000000000 406bc00000000000 407b200000000000 4020000000000000
poi 56 404bad2f1a9fbe77 4045e89374bc6a7f 4010000000000000 4061400000000000 4075300000000000 4024000000000000
poi 57 4041b3f7ced91687 40248e5604189375 402a000000000000 4066600000000000 407e700000000000 4022000000000000
poi 58 403976c8b4395810 bfd25e353f7ced91 4032000000000000 406fc00000000000 407e700000000000 4035000000000000
poi 59 4028cac083126e98 3fcf3b645a1cac08 3ff0000000000000 4071300000000000 4083c80000000000 4028000000000000
poi 60 40325be76c8b4396 4034eac083126e98 4024000000000000 4056400000000000 4076f00000000000 4020000000000000
poi 61 403bf5c28f5c28f6 c02e13f7ced91687 4030000000000000 4062c00000000000 407e500000000000 4010000000000000
poi 62 c00989374bc6a7f0 4033e10624dd2f1b 4022000000000000 406c000000000000 407ea00000000000 402c000000000000
poi 63 4022a9fbe76c8b44 c044aced916872b0 402a000000000000 406c000000000000 407f000000000000 4033000000000000
poi 64 c03494bc6a7ef9db 404316a7ef9db22d 4037000000000000 4070e00000000000 4083580000000000 4037000000000000
poi 65 403bd1eb851eb852 403cba9fbe76c8b4 402c000000000000 4053000000000000 4076900000000000 4010000000000000
poi 66 404d8374bc6a7efa 404527ae147ae148 4014000000000000 406dc00000000000 407cc00000000000 4022000000000000
poi 67 404c27ced916872b 404d5df3b645a1cb 3ff0000000000000 4064c00000000000 407b500000000000 3ff0000000000000
poi 68 c049d3b645a1cac1 bfd5e353f7ced917 4018000000000000 4061200000000000 4078900000000000 4035000000000000
poi 69 40049ba5e353f7cf 40405c49ba5e353f 4034000000000000 4070800000000000 407c000000000000 4034000000000000
poi 70 402e43126e978d50 c0085e353f7ced91 4024000000000000 4071400000000000 4080900000000000 4038000000000000
poi 71 4050a6147ae147ae 404177ef9db22d0e 4033000000000000 4060200000000000 407a600000000000 4036000000000000
poi 72 403379db22d0e560 4034245a1cac0831 4038000000000000 4070600000000000 407f200000000000 4039000000000000
poi 73 bff2c083126e978d 4034a5e353f7ced9 4008000000000000 405e400000000000 407d000000000000 4033000000000000
poi 74 c03534395810624e 402b51eb851eb852 4014000000000000 4060200000000000 407cc00000000000 402c000000000000
poi 75 4058b624dd2f1aa0 3ff41cac083126e9 402a000000000000 4054800000000000 4075100000000000 4026000000000000
poi 76 4054a5f3b645a1cb 4052003126e978d5 4014000000000000 4061a00000000000 4074f00000000000 4036000000000000
poi 77 403e045a1cac0831 c03ee5604189374c 4010000000000000 4067200000000000 4079500000000000 4039000000000000
poi 78 40409d2f1a9fbe77 4044d4dd2f1a9fbe 4028000000000000 4052c00000000000 4075b00000000000 4014000000000000
poi 79 4043beb851eb851f c02113f7ced91687 4026000000000000 4062a00000000000 407ba00000000000 4024000000000000
poi 80 404b3fbe76c8b439 4051b4083126e979 4034000000000000 4072200000000000 4082500000000000 4010000000000000
poi 81 400876c8b4395810 40247ef9db22d0e5 402a000000000000 4071f00000000000 4080000000000000 4010000000000000
poi 82 4049ea5e353f7cee c030deb851eb851f 3ff0000000000000 4055400000000000 4071100000000000 4018000000000000
poi 83 40531a9fbe76c8b4 4026b126e978d4fe 4008000000000000 4052800000000000 407af00000000000 4036000000000000
poi 84 4014f8d4fdf3b646 3fce76c8b4395810 4000000000000000 406e000000000000 407bb00000000000 4031000000000000
poi 85 40494bc6a7ef9db2 40411f9db22d0e56 4037000000000000 4054800000000000 407b700000000000 4036000000000000
poi 86 c014ec8b43958106 c000a5e353f7ced9 4020000000000000 4068000000000000 407e100000000000 4008000000000000
poi 87 403831a9fbe76c8b 4039d604189374bc 4039000000000000 4059c00000000000 4074a00000000000 4039000000000000
poi 88 4040d0a3d70a3d71 4042cae147ae147b 4032000000000000 4056800000000000 407a900000000000 4036000000000000
poi 89 403f71eb851eb852 c01c010624dd2f1b 4010000000000000 4070e00000000000 4083480000000000 4037000000000000
poi 90 403eb4fdf3b645a2 c03c2b020c49ba5e 4014000000000000 405d800000000000 4074400000000000 4030000000000000
poi 91 4048ee147ae147ae 3ff09ba5e353f7cf 4035000000000000 4062000000000000 407d300000000000 402a000000000000
poi 92 c041e22d0e560419 402c48b439581062 4037000000000000 405e000000000000 407cd00000000000 4037000000000000
poi 93 c03d4f1a9fbe76c9 40138e5604189375 4033000000000000 4067a00000000000 407a100000000000 3ff0000000000000
poi 94 40330c8b43958106 4044fcac083126e9 4000000000000000 4051c00000000000 4070600000000000 4026000000000000
poi 95 403b99999999999a 402bde353f7ced91 4035000000000000 405bc00000000000 4075b00000000000 4033000000000000
poi 96 404a6a7ef9db22d1 4049578d4fdf3b64 4024000000000000 4060000000000000 407c000000000000 4035000000000000
# inst pr13
name pr13
n 145
tmax 408f400000000000
poi 0 c0440a7ef9db22d1 c038c7ae147ae148 0000000000000000 0000000000000000 408f400000000000 0000000000000000
poi 1 c04ba3d70a3d70a4 c0385ef9db22d0e5 4022000000000000 4069800000000000 4080180000000000 4039000000000000
poi 2 c0482604189374bc 404aa83126e978d5 4036000000000000 4069600000000000 407a800000000000 402a000000000000
poi 3 c04889374bc6a7f0 c0433e978d4fdf3b 4024000000000000 4065200000000000 4076000000000000 4034000000000000
poi 4 40394f9db22d0e56 c0328f9db22d0e56 4038000000000000 405b000000000000 407b100000000000 4030000000000000
poi 5 c0387810624dd2f2 c00e851eb851eb85 4039000000000000 406d600000000000 407bf00000000000 4010000000000000
poi 6 4038974bc6a7ef9e c031e5604189374c 4018000000000000 4072800000000000 4081e80000000000 4000000000000000
poi 7 c024d6872b020c4a 404e2e978d4fdf3b 4036000000000000 4070c00000000000 4081b00000000000 401c000000000000
poi 8 404316a7ef9db22d c041966666666666 3ff0000000000000 406ba00000000000 4079100000000000 402e000000000000
poi 9 c05111eb851eb852 405744ac083126e9 4033000000000000 4067c00000000000 4077600000000000 4024000000000000
poi 10 c03ecac083126e98 c04cab020c49ba5e 4033000000000000 4072200000000000 407ea00000000000 4010000000000000
poi 11 c04287ced916872b c0283e76c8b43958 4014000000000000 406c200000000000 407f600000000000 4033000000000000
poi 12 c02f7b645a1cac08 c047d1a9fbe76c8b 4022000000000000 4068800000000000 407b200000000000 4024000000000000
poi 13 c04fb083126e978d c036eb4395810625 4020000000000000 4059400000000000 4073f00000000000 402e000000000000
poi 14 c0458df3b645a1cb c045b83126e978d5 402c000000000000 4061600000000000 4078200000000000 4010000000000000
poi 15 c0399f7ced916873 402b32b020c49ba6 4010000000000000 406f600000000000 4082800000000000 4031000000000000
poi 16 c005000000000000 4030a1cac083126f 401c000000000000 4070000000000000 4081e00000000000 4010000000000000
poi 17 c044c9db22d0e560 c03c7f3b645a1cac 4024000000000000 4071500000000000 407e800000000000 4008000000000000
poi 18 4000a5e353f7ced9 4029c51eb851eb85 4036000000000000 4065200000000000 407b400000000000 4022000000000000
poi 19 400f666666666666 c047ec28f5c28f5c 4031000000000000 405ec00000000000 4076c00000000000 4039000000000000
poi 20 c054d2e147ae147b 403a52f1a9fbe76d 4024000000000000 406a000000000000 407a300000000000 402c000000000000
poi 21 c019d4fdf3b645a2 403a5ae147ae147b 4020000000000000 4065800000000000 407b200000000000 4037000000000000
poi 22 400a51eb851eb852 401aed916872b021 402c000000000000 406aa00000000000 407ac00000000000 401c000000000000
poi 23 c0416f3b645a1cac 403e6d0e56041893 4028000000000000 4069000000000000 407f600000000000 401c000000000000
poi 24 402f178d4fdf3b64 c04222f1a9fbe76d 4031000000000000 405e800000000000 407c200000000000 3ff0000000000000
poi 25 4029af1a9fbe76c9 4014820c49ba5e35 4033000000000000 405cc00000000000 407af00000000000 4024000000000000
poi 26 c04839999999999a c0386d0e56041893 4039000000000000 4063800000000000 4075e00000000000 402e000000000000
poi 27 c056226e978d4fdf c024ec083126e979 4039000000000000 4070200000000000 407cc00000000000 3ff0000000000000
poi 28 c03dc5e353f7ced9 3fefd70a3d70a3d7 4018000000000000 4070700000000000 407f200000000000 4000000000000000
poi 29 4023a76c8b439581 4043353f7ced9168 4035000000000000 405e000000000000 4075d00000000000 4022000000000000
poi 30 3ff68f5c28f5c28f 40573c083126e979 4008000000000000 406ae00000000000 407a200000000000 4024000000000000
poi 31 c053d3645a1cac08 402ec3126e978d50 4033000000000000 4069000000000000 4080d00000000000 4000000000000000
poi 32 c03ea6e978d4fdf4 40440810624dd2f2 4030000000000000 4071200000000000 4082d00000000000 4037000000000000
poi 33 4032ed4fdf3b645a 4035a3126e978d50 4035000000000000 405b400000000000 4077900000000000 402e000000000000
poi 34 40468b22d0e56042 c04df3f7ced91687 4031000000000000 406ba00000000000 4080b80000000000 402a000000000000
poi 35 c0417978d4fdf3b6 c00e851eb851eb85 4033000000000000 4071200000000000 407d100000000000 4030000000000000
poi 36 40544cdd2f1a9fbe c052af9db22d0e56 4018000000000000 406ec00000000000 4082380000000000 4035000000000000
poi 37 402f3020c49ba5e3 c03c747ae147ae14 4024000000000000 405c400000000000 4075c00000000000 3ff0000000000000
poi 38 c0520c49ba5e353f 403d8c083126e979 4036000000000000 4054000000000000 4071400000000000 4032000000000000
poi 39 c04574fdf3b645a2 c036accccccccccd 4031000000000000 4071d00000000000 407d800000000000 4031000000000000
poi 40 c0531916872b020c c04cbe978d4fdf3b 4030000000000000 4054400000000000 4073500000000000 402a000000000000
poi 41 c03c8a3d70a3d70a 402825604189374c 4014000000000000 4067600000000000 407d200000000000 4014000000000000
poi 42 c04eb1cac083126f 403a86a7ef9db22d 3ff0000000000000 4068800000000000 4080480000000000 4037000000000000
poi 43 c020f1a9fbe76c8b 40293b645a1cac08 4035000000000000 406cc00000000000 407b400000000000 4034000000000000
poi 44 c04ebccccccccccd 4040b22d0e560419 4034000000000000 4070500000000000 4081100000000000 3ff0000000000000
poi 45 c0415645a1cac083 c03b96872b020c4a 4018000000000000 4051800000000000 4079800000000000 4000000000000000
poi 46 4024a147ae147ae1 c02909374bc6a7f0 3ff0000000000000 4068000000000000 4078d00000000000 402e000000000000
poi 47 c054c0e560418937 40534020c49ba5e3 4026000000000000 4065400000000000 407df00000000000 4034000000000000
poi 48 c04435604189374c 4048fe76c8b43958 4036000000000000 4068200000000000 4080e00000000000 4022000000000000
poi 49 4054f53f7ced9168 4040f3d70a3d70a4 4039000000000000 406f200000000000 407af00000000000 402a000000000000
poi 50 c0349020c49ba5e3 c052f51eb851eb85 4032000000000000 406ce00000000000 407e700000000000 4010000000000000
poi 51 402ee24dd2f1a9fc c032b810624dd2f2 4022000000000000 4056400000000000 4077600000000000 402e000000000000
poi 52 c04df7ef9db22d0e c0507353f7ced917 4037000000000000 405d400000000000 4073c00000000000 4014000000000000
poi 53 40149a9fbe76c8b4 4047e851eb851eb8 4031000000000000 405b000000000000 4076400000000000 4020000000000000
poi 54 4047010624dd2f1b 402dfae147ae147b 4010000000000000 4063a00000000000 407f300000000000 4033000000000000
poi 55 4054be872b020c4a bffa8f5c28f5c28f 3ff0000000000000 4066c00000000000 4080280000000000 4030000000000000
poi 56 4043f24dd2f1a9fc c043753f7ced9168 402c000000000000 405bc00000000000 4074500000000000 4026000000000000
poi 57 4056b5b22d0e5604 c054e27ef9db22d1 4026000000000000 4061400000000000 4075a00000000000 4037000000000000
poi 58 401c45a1cac08312 3fb126e978d4fdf4 401c000000000000 4071700000000000 4083f00000000000 402c000000000000
poi 59 4032f53f7ced9168 40440b4395810625 4035000000000000 4065800000000000 4077f00000000000 4038000000000000
poi 60 c0541f2b020c49ba 404d1ac083126e98 4008000000000000 4070500000000000 4080180000000000 4014000000000000
poi 61 40501d604189374c c04f7916872b020c 4032000000000000 4070d00000000000 4081800000000000 4014000000000000
poi 62 c045ced916872b02 c03a1df3b645a1cb 4014000000000000 406a000000000000 4081200000000000 4037000000000000
poi 63 c0326872b020c49c 40249b22d0e56042 4018000000000000 4070a00000000000 407e200000000000 4008000000000000
poi 64 c045f5e353f7ced9 404fa020c49ba5e3 4036000000000000 4054400000000000 4075800000000000 4024000000000000
poi 65 4026b4bc6a7ef9db 403a389374bc6a7f 402a000000000000 4057400000000000 407b500000000000 4037000000000000
poi 66 c01bfae147ae147b 40431e978d4fdf3b 4031000000000000 4050800000000000 4075200000000000 4037000000000000
poi 67 405285604189374c c0411ba5e353f7cf 4014000000000000 4064800000000000 407ce00000000000 4034000000000000
poi 68 402c9a1cac083127 bfe999999999999a 401c000000000000 4051000000000000 4071600000000000 4014000000000000
poi 69 c057890624dd2f1b c04863b645a1cac1 3ff0000000000000 4070200000000000 407da00000000000 402c000000000000
poi 70 402ea9fbe76c8b44 c04515a1cac08312 4008000000000000 406b600000000000 4081900000000000 3ff0000000000000
poi 71 c0475189374bc6a8 c0307604189374bc 4024000000000000 4069000000000000 407e800000000000 4024000000000000
poi 72 bfeea7ef9db22d0e c054400000000000 4014000000000000 4058c00000000000 4077500000000000 4008000000000000
poi 73 c042b8f5c28f5c29 c04540a3d70a3d71 3ff0000000000000 406d400000000000 407bc00000000000 4010000000000000
poi 74 c00d70a3d70a3d71 c05144ac083126e9 4031000000000000 4070900000000000 4083380000000000 4037000000000000
poi 75 4041726e978d4fdf c034e5e353f7ced9 402c000000000000 4072000000000000 407eb00000000000 4035000000000000
poi 76 4046c5a1cac08312 4049b47ae147ae14 4010000000000000 4069e00000000000 4079700000000000 4008000000000000
poi 77 c03fed4fdf3b645a 40560f4bc6a7ef9e 4024000000000000 405f400000000000 407d600000000000 4035000000000000
poi 78 c02b28f5c28f5c29 c03af5810624dd2f 4039000000000000 4063000000000000 4079a00000000000 4039000000000000
poi 79 40294e5604189375 c0482b851eb851ec 4026000000000000 4071c00000000000 4081100000000000 4014000000000000
poi 80 c04716e978d4fdf4 c043226e978d4fdf 4030000000000000 405e400000000000 407d100000000000 4026000000000000
poi 81 c03d9eb851eb851f 40418a9fbe76c8b4 4039000000000000 4072600000000000 407ff00000000000 4024000000000000
poi 82 402b645a1cac0831 4045fe76c8b43958 4034000000000000 404f000000000000 4075f00000000000 4014000000000000
poi 83 40432bc6a7ef9db2 c0472b4395810625 4008000000000000 4052000000000000 4073f00000000000 4008000000000000
poi 84 c03a3a1cac083127 40388189374bc6a8 401c000000000000 406b200000000000 407db00000000000 402a000000000000
poi 85 4056809374bc6a7f c045d1eb851eb852 4000000000000000 406de00000000000 407b700000000000 4033000000000000
poi 86 c01bfae147ae147b 403685a1cac08312 4018000000000000 4070f00000000000 4083900000000000 402a000000000000
poi 87 c03dfe353f7ced91 c03cd9db22d0e560 402c000000000000 405a400000000000 4072600000000000 4020000000000000
poi 88 c04c224dd2f1a9fc c0502f5c28f5c28f 402c000000000000 4071800000000000 4080100000000000 402a000000000000
poi 89 c055da8f5c28f5c3 4056b2f1a9fbe76d 4000000000000000 4052000000000000 4070000000000000 402e000000000000
poi 90 c0170c49ba5e353f 404b045a1cac0831 402e000000000000 406f200000000000 4080780000000000 4024000000000000
poi 91 c0416c28f5c28f5c c03b2f5c28f5c28f 4036000000000000 406da00000000000 407d100000000000 4010000000000000
poi 92 c0307a9fbe76c8b4 40302e147ae147ae 4010000000000000 4063200000000000 4076500000000000 4037000000000000
poi 93 4037b645a1cac083 403d7df3b645a1cb 4036000000000000 4072a00000000000 407e700000000000 4037000000000000
poi 94 c0447ed916872b02 40474c083126e979 4033000000000000 4062600000000000 4079700000000000 402c000000000000
poi 95 c04ac20c49ba5e35 c0359e76c8b43958 4014000000000000 4068600000000000 4081180000000000 4034000000000000
poi 96 c0318f5c28f5c28f 4042bf3b645a1cac 4024000000000000 405f800000000000 407cd00000000000 4008000000000000
poi 97 c042a7ced916872b 404c6b020c49ba5e 4010000000000000 405d400000000000 407b100000000000 4014000000000000
poi 98 4051e0f5c28f5c29 4036828f5c28f5c3 401c000000000000 4051c00000000000 4079c00000000000 4030000000000000
poi 99 c044ee978d4fdf3b 403bb5c28f5c28f6 4026000000000000 4071200000000000 407e200000000000 4035000000000000
poi 100 402da353f7ced917 c054877ced916873 402c000000000000 4053800000000000 4074900000000000 4010000000000000
poi 101 403e50e560418937 c04ba9374bc6a7f0 4000000000000000 4070100000000000 407ed00000000000 4000000000000000
poi 102 c0439604189374bc 4047ffbe76c8b439 4028000000000000 4051c00000000000 4075f00000000000 4026000000000000
poi 103 c0579a8f5c28f5c3 402e624dd2f1a9fc 4028000000000000 4052400000000000 4073f00000000000 402e000000000000
poi 104 c01f395810624dd3 40268bc6a7ef9db2 4038000000000000 4071d00000000000 4082380000000000 4030000000000000
poi 105 403c922d0e560419 c048f4395810624e 4020000000000000 4070600000000000 407bb00000000000 4008000000000000
poi 106 c034a76c8b439581 40388dd2f1a9fbe7 4010000000000000 4053c00000000000 4073400000000000 4035000000000000
poi 107 c03ef6872b020c4a c032e72b020c49ba 4039000000000000 4055c00000000000 4073000000000000 4035000000000000
poi 108 3ffb89374bc6a7f0 c034726e978d4fdf 4018000000000000 4070d00000000000 4083980000000000 4039000000000000
poi 109 c03f03126e978d50 c0351b22d0e56042 4022000000000000 404f000000000000 4070b00000000000 4028000000000000
poi 110 c0556df3b645a1cb c03c03d70a3d70a4 4037000000000000 4050800000000000 4071600000000000 4035000000000000
poi 111 404d69ba5e353f7d c04f85810624dd2f 402e000000000000 4061a00000000000 4079e00000000000 4018000000000000
poi 112 c02f8189374bc6a8 c04a57ced916872b 401c000000000000 4070600000000000 4083600000000000 4000000000000000
poi 113 c051ea4dd2f1a9fc 4049978d4fdf3b64 4018000000000000 4053000000000000 4072f00000000000 4038000000000000
poi 114 c0572883126e978d c01a645a1cac0831 4014000000000000 4066000000000000 4077f00000000000 4035000000000000
poi 115 4040c10624dd2f1b c048a0a3d70a3d71 4028000000000000 4069c00000000000 4080880000000000 4038000000000000
poi 116 404da83126e978d5 404b0c28f5c28f5c 4008000000000000 406d400000000000 4080700000000000 4026000000000000
poi 117 403ebcac083126e9 c03c6f9db22d0e56 4036000000000000 4057400000000000 407a800000000000 4028000000000000
poi 118 c04bf2b020c49ba6 403274fdf3b645a2 4032000000000000 4057000000000000 4079000000000000 4036000000000000
poi 119 c0567d70a3d70a3d c043c4189374bc6a 4030000000000000 406a800000000000 4078d00000000000 4033000000000000
poi 120 40423810624dd2f2 4034d1a9fbe76c8b 4014000000000000 4058400000000000 407a600000000000 4020000000000000
poi 121 c04ad645a1cac083 c04c36a7ef9db22d 3ff0000000000000 4070c00000000000 407eb00000000000 4022000000000000
poi 122 c03fddb22d0e5604 404044dd2f1a9fbe 4020000000000000 4052000000000000 4072300000000000 4024000000000000
poi 123 4016a1cac083126f 402983126e978d50 4034000000000000 4053c00000000000 407a300000000000 4014000000000000
poi 124 c04a73d70a3d70a4 404566e978d4fdf4 4031000000000000 405cc00000000000 4075f00000000000 402c000000000000
poi 125 404790c49ba5e354 c046bb851eb851ec 4026000000000000 4066c00000000000 4078300000000000 401c000000000000
poi 126 403ecac083126e98 4023bced916872b0 4020000000000000 4070300000000000 4080680000000000 4014000000000000
poi 127 c0469ac083126e98 c04c25810624dd2f 402e000000000000 4068c00000000000 407b000000000000 4036000000000000
poi 128 4025d6872b020c4a 402a9cac083126e9 4030000000000000 4056000000000000 4071600000000000 4014000000000000
poi 129 c0407eb851eb851f c04100624dd2f1aa 4018000000000000 4070600000000000 407ec00000000000 3ff0000000000000
poi 130 c0446f3b645a1cac 403e94395810624e 4038000000000000 406a600000000000 4080780000000000 4022000000000000
poi 131 c0515645a1cac083 40541a1cac083127 4024000000000000 4068a00000000000 407c200000000000 4030000000000000
poi 132 c04d7ba5e353f7cf c03d8a7ef9db22d1 4010000000000000 4066c00000000000 407f500000000000 402c000000000000
poi 133 c0426c6a7ef9db23 c040dae147ae147b 4024000000000000 4072a00000000000 4082300000000000 4035000000000000
poi 134 c035d1eb851eb852 4050579db22d0e56 4031000000000000 4053000000000000 4070f00000000000 4020000000000000
poi 135 4036fae147ae147b c0448147ae147ae1 4014000000000000 4054c00000000000 407a500000000000 401c000000000000
poi 136 c05363a5e353f7cf 404de83126e978d5 402c000000000000 4072200000000000 407e200000000000 4038000000000000
poi 137 c0479a3d70a3d70a 4050ee6666666666 4030000000000000 4055400000000000 4078600000000000 4038000000000000
poi 138 c0359b22d0e56042 404195810624dd2f 4026000000000000 404e800000000000 406ee00000000000 4030000000000000
poi 139 c04bd6872b020c4a c03f624dd2f1a9fc 4039000000000000 4062800000000000 407b600000000000 4010000000000000
poi 140 c0554ea7ef9db22d 4056326e978d4fdf 4010000000000000 4055000000000000 4079800000000000 401c000000000000
poi 141 c00f5810624dd2f2 c04fc33333333333 4028000000000000 4071600000000000 4083300000000000 402a000000000000
poi 142 c04d474bc6a7ef9e 404db00000000000 4033000000000000 405a000000000000 407ab00000000000 4039000000000000
poi 143 c0388ac083126e98 402ddeb851eb851f 4018000000000000 4060800000000000 407cb00000000000 4024000000000000
poi 144 c04863b645a1cac1 4030f7ced916872b 4037000000000000 406d800000000000 4082300000000000 4038000000000000
# inst pr14
name pr14
n 193
tmax 408f400000000000
poi 0 bfc1eb851eb851ec 401d10624dd2f1aa 0000000000000000 0000000000000000 408f400000000000 0000000000000000
poi 1 c0465083126e978d c04bd1eb851eb852 4026000000000000 4055c00000000000 4073800000000000 4018000000000000
poi 2 40420c49ba5e353f 40503bd70a3d70a4 4026000000000000 4069800000000000 4078f00000000000 4030000000000000
poi 3 c0397851eb851eb8 40464a3d70a3d70a 4037000000000000 4060400000000000 407af00000000000 401c000000000000
poi 4 c040fa1cac083127 c05243c6a7ef9db2 4030000000000000 4063e00000000000 407a000000000000 4034000000000000
poi 5 4046d3b645a1cac1 4041dd70a3d70a3d 4030000000000000 4070900000000000 407c600000000000 401c000000000000
poi 6 402de872b020c49c c0425c083126e979 4000000000000000 406c600000000000 407aa00000000000 4020000000000000
poi 7 bff7a1cac083126f 40479a3d70a3d70a 3ff0000000000000 4072500000000000 4082d80000000000 4010000000000000
poi 8 40013d70a3d70a3d c04474bc6a7ef9db 4039000000000000 404f800000000000 4077a00000000000 4037000000000000
poi 9 4036fdf3b645a1cb 3ff65e353f7ced91 4038000000000000 4061200000000000 407d900000000000 4010000000000000
poi 10 c03cdb645a1cac08 4017d3f7ced91687 402c000000000000 405e800000000000 4076e00000000000 4014000000000000
poi 11 c0480f5c28f5c28f 4057876c8b439581 4018000000000000 4071100000000000 4080a00000000000 402e000000000000
poi 12 401cf4bc6a7ef9db 4031526e978d4fdf 4034000000000000 4066200000000000 4080580000000000 4028000000000000
poi 13 401274bc6a7ef9db 403b0d0e56041893 4024000000000000 4067a00000000000 4080080000000000 4028000000000000
poi 14 c02bf126e978d4fe 403c32b020c49ba6 4026000000000000 4063a00000000000 4075d00000000000 4032000000000000
poi 15 4029e45a1cac0831 c027604189374bc7 4000000000000000 406b600000000000 407eb00000000000 4033000000000000
poi 16 c04255c28f5c28f6 40371a1cac083127 4036000000000000 406d800000000000 4081c00000000000 4031000000000000
poi 17 c010e5604189374c c048a7ae147ae148 4000000000000000 406d600000000000 407cb00000000000 4000000000000000
poi 18 3ff17ced916872b0 c01c8a3d70a3d70a 4028000000000000 4072400000000000 4081980000000000 402e000000000000
poi 19 c04c7a9fbe76c8b4 403be7ae147ae148 4022000000000000 4057000000000000 4074500000000000 4024000000000000
poi 20 c0543f9db22d0e56 c0536be76c8b4396 4035000000000000 406a800000000000 407c700000000000 4008000000000000
poi 21 405210a3d70a3d71 404d8374bc6a7efa 4024000000000000 4059000000000000 4078700000000000 4038000000000000
poi 22 c035a7ae147ae148 3ffa2d0e56041893 402a000000000000 406ae00000000000 407e200000000000 3ff0000000000000
poi 23 c034276c8b439581 c04f351eb851eb85 4039000000000000 4063c00000000000 407f900000000000 4036000000000000
poi 24 c04814189374bc6a 401925e353f7ced9 4022000000000000 4070c00000000000 4081800000000000 4036000000000000
poi 25 c0144fdf3b645a1d 404ecc6a7ef9db23 4033000000000000 4065600000000000 407f200000000000 4031000000000000
poi 26 4031251eb851eb85 c04785e353f7ced9 4036000000000000 4065200000000000 407dc00000000000 401c000000000000
poi 27 c03010624dd2f1aa 40211d2f1a9fbe77 4010000000000000 4060e00000000000 4076a00000000000 4026000000000000
poi 28 401abb645a1cac08 c03b11a9fbe76c8b 4010000000000000 4053400000000000 4075e00000000000 4010000000000000
poi 29 402e0dd2f1a9fbe7 c0417d4fdf3b645a 401c000000000000 405a000000000000 4079400000000000 402e000000000000
poi 30 4042f916872b020c 40527a7ef9db22d1 4034000000000000 4069600000000000 4078600000000000 402e000000000000
poi 31 c0449978d4fdf3b6 c045824dd2f1a9fc 4031000000000000 405c800000000000 407a800000000000 4022000000000000
poi 32 404044dd2f1a9fbe 4027926e978d4fdf 4033000000000000 4062e00000000000 407d100000000000 402e000000000000
poi 33 c0344e5604189375 c0343d2f1a9fbe77 4028000000000000 4070f00000000000 407e500000000000 3ff0000000000000
poi 34 c041bd70a3d70a3d 4033228f5c28f5c3 4000000000000000 406be00000000000 4080000000000000 402a000000000000
poi 35 404d04dd2f1a9fbe 404c545a1cac0831 402a000000000000 405f400000000000 4073300000000000 4031000000000000
poi 36 c04258d4fdf3b646 c0190624dd2f1aa0 4038000000000000 4061c00000000000 407e800000000000 4031000000000000
poi 37 3fdc8b4395810625 c0475e147ae147ae 4036000000000000 4065400000000000 407e300000000000 4039000000000000
poi 38 c033b0a3d70a3d71 40437d0e56041893 4031000000000000 4061800000000000 407d200000000000 4014000000000000
poi 39 c047ab645a1cac08 4034e9374bc6a7f0 4033000000000000 4071300000000000 4082400000000000 4039000000000000
poi 40 c053cf1a9fbe76c9 c04cd6c8b4395810 4010000000000000 405c800000000000 4078200000000000 4000000000000000
poi 41 40166353f7ced917 c04109ba5e353f7d 4028000000000000 4072100000000000 407de00000000000 4022000000000000
poi 42 40413a1cac083127 c02093f7ced91687 4036000000000000 405a800000000000 4074200000000000 401c000000000000
poi 43 4032800000000000 c04993b645a1cac1 4000000000000000 4070100000000000 4081e00000000000 4014000000000000
poi 44 c011624dd2f1a9fc c046433333333333 4033000000000000 406ba00000000000 4080180000000000 4008000000000000
poi 45 c02c4bc6a7ef9db2 c0528a7ef9db22d1 4008000000000000 406b600000000000 407a400000000000 4031000000000000
poi 46 4033ddf3b645a1cb 405360f5c28f5c29 4014000000000000 405d000000000000 4074b00000000000 4028000000000000
poi 47 c0490a1cac083127 4031def9db22d0e5 4036000000000000 4062400000000000 407c600000000000 4035000000000000
poi 48 4045649ba5e353f8 c053f883126e978d 4018000000000000 406e200000000000 4081480000000000 4032000000000000
poi 49 3ff851eb851eb852 c03d08b439581062 4022000000000000 406b200000000000 4078d00000000000 4020000000000000
poi 50 402d74bc6a7ef9db c00b7ced916872b0 4020000000000000 4067400000000000 407f200000000000 402c000000000000
poi 51 c03a2a7ef9db22d1 c0487fdf3b645a1d 4038000000000000 4056000000000000 4071b00000000000 4036000000000000
poi 52 c04fefbe76c8b439 c015178d4fdf3b64 402e000000000000 4062a00000000000 4076800000000000 4030000000000000
poi 53 c04b11a9fbe76c8b 401c5810624dd2f2 4030000000000000 406b200000000000 407df00000000000 4035000000000000
poi 54 4031ee978d4fdf3b c0410c083126e979 4022000000000000 4061400000000000 407c400000000000 401c000000000000
poi 55 c058ad2f1a9fbe77 404146a7ef9db22d 3ff0000000000000 4053000000000000 4073d00000000000 4028000000000000
poi 56 403ccd4fdf3b645a c02129fbe76c8b44 4032000000000000 4052c00000000000 4076f00000000000 4000000000000000
poi 57 4005ba5e353f7cee 4056a604189374bc 4031000000000000 4060e00000000000 4079000000000000 4014000000000000
poi 58 c03f0624dd2f1aa0 40487810624dd2f2 4032000000000000 4068600000000000 407d900000000000 4008000000000000
poi 59 c04745c28f5c28f6 40452872b020c49c 4000000000000000 404e800000000000 4079300000000000 4026000000000000
poi 60 403b49fbe76c8b44 404d16e978d4fdf4 4039000000000000 4059800000000000 4076200000000000 4000000000000000
poi 61 403cd0a3d70a3d71 c03c06e978d4fdf4 4035000000000000 4070500000000000 4081900000000000 401c000000000000
poi 62 c03a195810624dd3 4026a7ef9db22d0e 4033000000000000 406c000000000000 4079e00000000000 4034000000000000
poi 63 3fe12f1a9fbe76c9 c03a389374bc6a7f 4024000000000000 4062a00000000000 407f700000000000 401c000000000000
poi 64 c0493a9fbe76c8b4 401f3f7ced916873 4000000000000000 4063400000000000 407c100000000000 4026000000000000
poi 65 403e0147ae147ae1 4033178d4fdf3b64 4035000000000000 404e000000000000 4075800000000000 4038000000000000
poi 66 c029353f7ced9168 40360ed916872b02 4034000000000000 4071400000000000 4083a80000000000 402e000000000000
poi 67 4036024dd2f1a9fc c02145a1cac08312 4035000000000000 4064800000000000 4078300000000000 4014000000000000
poi 68 4021e24dd2f1a9fc 4007000000000000 4000000000000000 406b200000000000 407ce00000000000 4039000000000000
poi 69 c033cfdf3b645a1d 3fed810624dd2f1b 4018000000000000 4067a00000000000 407fe00000000000 4028000000000000
poi 70 c010eb851eb851ec 403f400000000000 4000000000000000 406f200000000000 4081180000000000 4036000000000000
poi 71 4031f9999999999a bfda2d0e56041893 4028000000000000 4071200000000000 4081280000000000 4026000000000000
poi 72 c002cccccccccccd 40457810624dd2f2 4028000000000000 4065a00000000000 407a800000000000 4030000000000000
poi 73 c03084189374bc6a 40510570a3d70a3d 4014000000000000 4071400000000000 4083b80000000000 4024000000000000
poi 74 bff30a3d70a3d70a 404502f1a9fbe76d 4014000000000000 405e000000000000 4074a00000000000 4008000000000000
poi 75 404c5147ae147ae1 c046026e978d4fdf 4020000000000000 406f800000000000 407d000000000000 4024000000000000
poi 76 404cbdd2f1a9fbe7 4041c083126e978d 402e000000000000 4068400000000000 4079800000000000 4031000000000000
poi 77 c03a195810624dd3 401de872b020c49c 4020000000000000 4063600000000000 407e300000000000 4000000000000000
poi 78 401df4bc6a7ef9db c04c9e978d4fdf3b 401c000000000000 4071500000000000 4083180000000000 4035000000000000
poi 79 c0361851eb851eb8 404be3d70a3d70a4 402c000000000000 4071400000000000 4080c00000000000 4030000000000000
poi 80 4033ddf3b645a1cb 40436978d4fdf3b6 4032000000000000 4071900000000000 4081380000000000 4018000000000000
poi 81 40153d70a3d70a3d 40489c083126e979 4031000000000000 406c400000000000 4081080000000000 4028000000000000
poi 82 402e4f5c28f5c28f 4019322d0e560419 4014000000000000 406f200000000000 407bb00000000000 4037000000000000
poi 83 4015ec8b43958106 c03f800000000000 4018000000000000 4061800000000000 407bb00000000000 4037000000000000
poi 84 401fd604189374bc c03ca978d4fdf3b6 4022000000000000 405c400000000000 407d100000000000 4032000000000000
poi 85 c052f3f7ced91687 40100a3d70a3d70a 4038000000000000 406d200000000000 4080c80000000000 4032000000000000
poi 86 c045d5e353f7ced9 c04ed2b020c49ba6 402a000000000000 4065a00000000000 407d400000000000 402c000000000000
poi 87 c0049ba5e353f7cf c04f11eb851eb852 4014000000000000 406c400000000000 407ea00000000000 4000000000000000
poi 88 c032d78d4fdf3b64 c0427126e978d4fe 4010000000000000 4069e00000000000 407d800000000000 4026000000000000
poi 89 4034d810624dd2f2 40352ac083126e98 4036000000000000 4071900000000000 4080980000000000 4038000000000000
poi 90 4009189374bc6a7f c0333851eb851eb8 4038000000000000 4067c00000000000 4079800000000000 402c000000000000
poi 91 c0345c6a7ef9db23 4032e0c49ba5e354 4039000000000000 4065e00000000000 407c000000000000 4008000000000000
poi 92 bfecb4395810624e c04b7810624dd2f2 4022000000000000 4071400000000000 4081800000000000 4035000000000000
poi 93 c03d8d916872b021 40228dd2f1a9fbe7 4020000000000000 4070f00000000000 407c900000000000 4020000000000000
poi 94 40143126e978d4fe c04185e353f7ced9 4020000000000000 4065200000000000 407bf00000000000 4033000000000000
poi 95 403bc24dd2f1a9fc 40485b22d0e56042 4039000000000000 4071f00000000000 4081d00000000000 401c000000000000
poi 96 40282872b020c49c c0452c49ba5e353f 401c000000000000 4052800000000000 4076700000000000 4033000000000000
poi 97 c049a28f5c28f5c3 4044926e978d4fdf 4038000000000000 4062600000000000 4079300000000000 4037000000000000
poi 98 c03d13b645a1cac1 401129fbe76c8b44 4030000000000000 406e600000000000 4080880000000000 4020000000000000
poi 99 c0328e147ae147ae c02da353f7ced917 402e000000000000 405ec00000000000 4073e00000000000 4032000000000000
poi 100 401f6b851eb851ec c048b9ba5e353f7d 401c000000000000 405a400000000000 4079300000000000 401c000000000000
poi 101 c0331db22d0e5604 c0400b020c49ba5e 4031000000000000 406b800000000000 407a700000000000 3ff0000000000000
poi 102 4031a6a7ef9db22d c04a22b020c49ba6 4022000000000000 406d800000000000 407fc00000000000 4022000000000000
poi 103 4030e83126e978d5 c04f7b645a1cac08 402c000000000000 4056400000000000 407a100000000000 4014000000000000
poi 104 4032fced916872b0 4018e04189374bc7 4034000000000000 406e800000000000 4081680000000000 4037000000000000
poi 105 c051383126e978d5 c050227ef9db22d1 4018000000000000 4064000000000000 407b400000000000 4032000000000000
poi 106 c02ab8d4fdf3b646 40344395810624dd 4031000000000000 4060c00000000000 4079e00000000000 4014000000000000
poi 107 c0463851eb851eb8 404fdc49ba5e353f 4037000000000000 406b800000000000 407ca00000000000 4031000000000000
poi 108 c01a000000000000 4051dbe76c8b4396 402c000000000000 4062400000000000 4078900000000000 4022000000000000
poi 109 c049fd2f1a9fbe77 403968b439581062 4033000000000000 406bc00000000000 4080b80000000000 4033000000000000
poi 110 bfe7a5e353f7ced9 404dbed916872b02 4035000000000000 4065c00000000000 407f000000000000 4034000000000000
poi 111 c0502b74bc6a7efa 4054c26e978d4fdf 4018000000000000 4070300000000000 407e400000000000 3ff0000000000000
poi 112 c0268bc6a7ef9db2 c041f8d4fdf3b646 3ff0000000000000 406a600000000000 407c800000000000 4032000000000000
poi 113 c030dd2f1a9fbe77 401f1a9fbe76c8b4 4036000000000000 4065a00000000000 4079b00000000000 402e000000000000
poi 114 4033d7ced916872b c048e70a3d70a3d7 401c000000000000 404e000000000000 4077200000000000 4024000000000000
poi 115 c03048b439581062 c0077ced916872b0 402c000000000000 4050000000000000 4075c00000000000 4020000000000000
poi 116 4020b645a1cac083 4050c29fbe76c8b4 401c000000000000 406e800000000000 407e900000000000 402c000000000000
poi 117 403ee0c49ba5e354 403850e560418937 4039000000000000 406be00000000000 4079500000000000 402e000000000000
poi 118 40576189374bc6a8 c0343ba5e353f7cf 4031000000000000 4066e00000000000 407fa00000000000 4031000000000000
poi 119 c022a9fbe76c8b44 c04c16a7ef9db22d 4024000000000000 405a800000000000 407a000000000000 4022000000000000
poi 120 c041389374bc6a7f c04fa7ef9db22d0e 4037000000000000 4060400000000000 4076700000000000 402a000000000000
poi 121 4034f0e560418937 c01695810624dd2f 4036000000000000 4060000000000000 4075700000000000 4032000000000000
poi 122 c00b5810624dd2f2 40566604189374bc 4008000000000000 404f800000000000 4077f00000000000 4034000000000000
poi 123 c032bced916872b0 40469d0e56041893 402c000000000000 4061800000000000 4079500000000000 4020000000000000
poi 124 40037ae147ae147b c03e8624dd2f1aa0 402c000000000000 405b000000000000 4078900000000000 4000000000000000
poi 125 c03cdd2f1a9fbe77 404c4ed916872b02 4000000000000000 404f000000000000 4072e00000000000 401c000000000000
poi 126 40533851eb851eb8 c03de6a7ef9db22d 4000000000000000 406ce00000000000 4082680000000000 4018000000000000
poi 127 c0569dd2f1a9fbe7 40248e5604189375 4035000000000000 405d000000000000 407bf00000000000 4028000000000000
poi 128 c0418ced916872b0 404745c28f5c28f6 4024000000000000 4067800000000000 407d100000000000 4028000000000000
poi 129 c048328f5c28f5c3 4045ed4fdf3b645a 4024000000000000 4061c00000000000 4076e00000000000 4039000000000000
poi 130 c0447f9db22d0e56 403ab3f7ced91687 4014000000000000 405e400000000000 4077900000000000 4018000000000000
poi 131 402b645a1cac0831 40414db22d0e5604 4022000000000000 406d600000000000 4081580000000000 4014000000000000
poi 132 c051de353f7ced91 4026e66666666666 402e000000000000 405f400000000000 4075600000000000 4034000000000000
poi 133 c0421d70a3d70a3d 4049f3b645a1cac1 4033000000000000 4071700000000000 407f400000000000 4000000000000000
poi 134 c043bb851eb851ec 4013a0c49ba5e354 401c000000000000 4062000000000000 407ca00000000000 4039000000000000
poi 135 c03090a3d70a3d71 4037c5e353f7ced9 4026000000000000 405e000000000000 407b700000000000 401c000000000000
poi 136 4025820c49ba5e35 c03c8d4fdf3b645a 4000000000000000 406ac00000000000 407cf00000000000 4018000000000000
poi 137 c037076c8b439581 404781eb851eb852 4039000000000000 405e400000000000 4074300000000000 4035000000000000
poi 138 c0219d2f1a9fbe77 4035374bc6a7ef9e 402c000000000000 406d400000000000 407bf00000000000 4033000000000000
poi 139 c04404fdf3b645a2 403b6f5c28f5c28f 402e000000000000 406ee00000000000 407e100000000000 4036000000000000
poi 140 c042b8f5c28f5c29 c044851eb851eb85 4028000000000000 406ee00000000000 407fd00000000000 4020000000000000
poi 141 40481cac083126e9 3fb5c28f5c28f5c3 4026000000000000 4072000000000000 407f700000000000 4033000000000000
poi 142 bfd4ac083126e979 40510f2b020c49ba 4031000000000000 4066600000000000 4079300000000000 4018000000000000
poi 143 c02c96872b020c4a c040b624dd2f1aa0 4010000000000000 4059c00000000000 4073b00000000000 4038000000000000
poi 144 bff70a3d70a3d70a c041683126e978d5 4038000000000000 406ee00000000000 407b100000000000 402e000000000000
poi 145 c0413a1cac083127 40452c49ba5e353f 4020000000000000 4056800000000000 407b300000000000 4039000000000000
poi 146 40215ba5e353f7cf c0508b851eb851ec 4034000000000000 4071300000000000 4080300000000000 4018000000000000
poi 147 c04e9fdf3b645a1d c049aef9db22d0e5 4028000000000000 4071100000000000 4082680000000000 4035000000000000
poi 148 bff17ced916872b0 4023d2f1a9fbe76d 4024000000000000 4055000000000000 4076800000000000 4010000000000000
poi 149 c03090a3d70a3d71 4050a3020c49ba5e 4028000000000000 4062200000000000 407b500000000000 4024000000000000
poi 150 4020deb851eb851f 404a6b4395810625 4022000000000000 4062c00000000000 4078600000000000 4030000000000000
poi 151 c03608b439581062 c04272b020c49ba6 4030000000000000 4072900000000000 407e400000000000 4028000000000000
poi 152 402f87ae147ae148 4031526e978d4fdf 4037000000000000 4062800000000000 407b500000000000 402a000000000000
poi 153 40220189374bc6a8 c032b1eb851eb852 402e000000000000 4071700000000000 407d100000000000 4000000000000000
poi 154 c0125604189374bc 400bed916872b021 4024000000000000 4054800000000000 4079600000000000 4008000000000000
poi 155 4021c00000000000 404454bc6a7ef9db 4035000000000000 406b800000000000 4080000000000000 4024000000000000
poi 156 403a17ced916872b c040fba5e353f7cf 4000000000000000 4067c00000000000 407c200000000000 4032000000000000
poi 157 c0404020c49ba5e3 4043c353f7ced917 4030000000000000 4063e00000000000 407c800000000000 4032000000000000
poi 158 c0405083126e978d c054a52f1a9fbe77 402e000000000000 406e200000000000 407ec00000000000 4026000000000000
poi 159 c0589f1a9fbe76c9 403605604189374c 4026000000000000 4050c00000000000 4075c00000000000 401c000000000000
poi 160 c04d86a7ef9db22d 4010a6e978d4fdf4 4026000000000000 4065400000000000 4080700000000000 4032000000000000
poi 161 401db645a1cac083 c0048f5c28f5c28f 4031000000000000 4070100000000000 407be00000000000 402e000000000000
poi 162 c04dcced916872b0 4028f020c49ba5e3 4008000000000000 4070c00000000000 4083080000000000 4014000000000000
poi 163 c02672b020c49ba6 c03fd47ae147ae14 4022000000000000 4060e00000000000 4074500000000000 4034000000000000
poi 164 c030cf1a9fbe76c9 c041851eb851eb85 3ff0000000000000 406dc00000000000 4082380000000000 4022000000000000
poi 165 4035dced916872b0 403223d70a3d70a4 402a000000000000 4070600000000000 407bf00000000000 4036000000000000
poi 166 404684dd2f1a9fbe c04ea872b020c49c 3ff0000000000000 4060e00000000000 4076600000000000 402a000000000000
poi 167 c0486872b020c49c 4039916872b020c5 4000000000000000 4064a00000000000 4076200000000000 4038000000000000
poi 168 c040178d4fdf3b64 c030bc6a7ef9db23 4036000000000000 4055c00000000000 4078500000000000 4010000000000000
poi 169 4028e0c49ba5e354 c044bef9db22d0e5 4024000000000000 406bc00000000000 4080100000000000 4030000000000000
poi 170 c03514fdf3b645a2 c05344cccccccccd 4010000000000000 4062800000000000 4078900000000000 4030000000000000
poi 171 c031d26e978d4fdf c032849ba5e353f8 4022000000000000 4072800000000000 4082e80000000000 402c000000000000
poi 172 40482ac083126e98 40576126e978d4fe 4026000000000000 4050c00000000000 4072000000000000 402c000000000000
poi 173 c032ad4fdf3b645a 404880a3d70a3d71 4008000000000000 4058800000000000 4071800000000000 4039000000000000
poi 174 402847ae147ae148 403e0ac083126e98 4033000000000000 4050000000000000 407a300000000000 4037000000000000
poi 175 4008e76c8b439581 c04426a7ef9db22d 4033000000000000 4066400000000000 407f000000000000 4037000000000000
poi 176 4031220c49ba5e35 40428a1cac083127 4010000000000000 406e600000000000 4081580000000000 4010000000000000
poi 177 403693b645a1cac1 3feac083126e978d 4033000000000000 405fc00000000000 4076d00000000000 4031000000000000
poi 178 c03e6d0e56041893 404a789374bc6a7f 402e000000000000 406d000000000000 407b800000000000 4028000000000000
poi 179 4040e1eb851eb852 c050c6e978d4fdf4 4035000000000000 4059400000000000 4079500000000000 4026000000000000
poi 180 4015a7ef9db22d0e 3ff883126e978d50 4039000000000000 406f600000000000 407c700000000000 4038000000000000
poi 181 405209fbe76c8b44 403e1a5e353f7cee 4010000000000000 4052800000000000 4072700000000000 4036000000000000
poi 182 c0381be76c8b4396 c041500000000000 4008000000000000 4066200000000000 4080100000000000 4024000000000000
poi 183 403169ba5e353f7d 4052c95810624dd3 4018000000000000 4072800000000000 4083800000000000 4024000000000000
poi 184 402546a7ef9db22d c04e06a7ef9db22d 4018000000000000 4069e00000000000 407e900000000000 4024000000000000
poi 185 c014b4395810624e c0487fdf3b645a1d 4035000000000000 406fe00000000000 4080a00000000000 4014000000000000
poi 186 c033578d4fdf3b64 40351e353f7ced91 4039000000000000 4063200000000000 4078a00000000000 402a000000000000
poi 187 c04766a7ef9db22d c02d526e978d4fdf 4024000000000000 4053800000000000 4073d00000000000 4032000000000000
poi 188 c030c76c8b439581 4045b83126e978d5 4039000000000000 4070f00000000000 4082000000000000 4039000000000000
poi 189 402c2f9db22d0e56 c02b35c28f5c28f6 4033000000000000 406f200000000000 4080880000000000 4028000000000000
poi 190 c0351020c49ba5e3 403a04dd2f1a9fbe 4033000000000000 4063400000000000 4077c00000000000 4032000000000000
poi 191 4043e810624dd2f2 c04455810624dd2f 4036000000000000 4069e00000000000 4078900000000000 4022000000000000
poi 192 404a074bc6a7ef9e 403e55810624dd2f 4014000000000000 4072700000000000 4083b80000000000 4037000000000000
# inst pr15
name pr15
n 241
tmax 408f400000000000
poi 0 4041370a3d70a3d7 c03126a7ef9db22d 0000000000000000 0000000000000000 408f400000000000 0000000000000000
poi 1 40507f6c8b439581 c048ea1cac083127 4024000000000000 406a600000000000 4080900000000000 4034000000000000
poi 2 c0427810624dd2f2 c0425f1a9fbe76c9 4039000000000000 4069a00000000000 4081580000000000 4034000000000000
poi 3 c005df3b645a1cac 4032c624dd2f1aa0 4032000000000000 4057000000000000 4074b00000000000 402a000000000000
poi 4 403f1db22d0e5604 c041f4189374bc6a 4030000000000000 406a400000000000 4079000000000000 402a000000000000
poi 5 40064fdf3b645a1d 402004189374bc6a 402c000000000000 4072700000000000 4084000000000000 4031000000000000
poi 6 403f26e978d4fdf4 4045d51eb851eb85 401c000000000000 4063a00000000000 407c900000000000 4038000000000000
poi 7 c04226e978d4fdf4 c0354e978d4fdf3b 4022000000000000 4053c00000000000 4079200000000000 402e000000000000
poi 8 404a683126e978d5 404185e353f7ced9 4030000000000000 4062000000000000 4079d00000000000 4028000000000000
poi 9 402688b439581062 4034a8f5c28f5c29 4038000000000000 4054c00000000000 4078800000000000 4034000000000000
poi 10 bfe3ef9db22d0e56 40371d2f1a9fbe77 4018000000000000 4068600000000000 407e200000000000 4034000000000000
poi 11 40458ba5e353f7cf c028b851eb851eb8 4036000000000000 4054000000000000 4074100000000000 4008000000000000
poi 12 401b6a7ef9db22d1 403312b020c49ba6 4026000000000000 4063c00000000000 407af00000000000 4020000000000000
poi 13 c01b645a1cac0831 40395126e978d4fe 4033000000000000 4071600000000000 4080780000000000 4030000000000000
poi 14 c03bee147ae147ae c037b645a1cac083 4034000000000000 4065e00000000000 407eb00000000000 4034000000000000
poi 15 40409eb851eb851f c03e7cac083126e9 4034000000000000 4067600000000000 4078500000000000 4035000000000000
poi 16 404ff147ae147ae1 c04a70c49ba5e354 4030000000000000 406b000000000000 4081a00000000000 4037000000000000
poi 17 c02b5810624dd2f2 c045f8f5c28f5c29 4014000000000000 4068200000000000 407af00000000000 4035000000000000
poi 18 bfe4b4395810624e c03b8083126e978d 4035000000000000 4065e00000000000 407c300000000000 4008000000000000
poi 19 404db3f7ced91687 c048a16872b020c5 4033000000000000 404f000000000000 4072000000000000 4033000000000000
poi 20 403b2ac083126e98 c016da1cac083127 4032000000000000 406b000000000000 407ec00000000000 4034000000000000
poi 21 40518010624dd2f2 c034d810624dd2f2 4036000000000000 4070c00000000000 4082580000000000 401c000000000000
poi 22 4041a9db22d0e560 c0504ab020c49ba6 4033000000000000 406b200000000000 4080c80000000000 402c000000000000
poi 23 c02cc5a1cac08312 c0451e353f7ced91 402e000000000000 405cc00000000000 4074800000000000 4038000000000000
poi 24 40335db22d0e5604 403e45e353f7ced9 4038000000000000 4065e00000000000 407b000000000000 4008000000000000
poi 25 c043e4fdf3b645a2 402433b645a1cac1 4034000000000000 406c400000000000 4081980000000000 402a000000000000
poi 26 c02f8189374bc6a8 c0441a1cac083127 4031000000000000 4066c00000000000 407a700000000000 3ff0000000000000
poi 27 c03c6b020c49ba5e c04440624dd2f1aa 4034000000000000 406f600000000000 407f700000000000 4014000000000000
poi 28 403b14bc6a7ef9db 40237851eb851eb8 4028000000000000 4060800000000000 407bc00000000000 4000000000000000
poi 29 4036347ae147ae14 c0226e978d4fdf3b 4037000000000000 4056000000000000 4071700000000000 4022000000000000
poi 30 bfea8f5c28f5c28f c01a19999999999a 402e000000000000 4067c00000000000 4080e00000000000 4032000000000000
poi 31 40246f1a9fbe76c9 4052e1fbe76c8b44 4033000000000000 4070b00000000000 4081280000000000 4014000000000000
poi 32 401dc8b439581062 4032800000000000 4037000000000000 4070b00000000000 4081b80000000000 4028000000000000
poi 33 404874fdf3b645a2 c0344b4395810625 4022000000000000 4068000000000000 4080a80000000000 4026000000000000
poi 34 c032f53f7ced9168 c03daccccccccccd 4035000000000000 406c000000000000 407e800000000000 4031000000000000
poi 35 4030d0a3d70a3d71 c01aa2d0e5604189 4031000000000000 406ae00000000000 4081c80000000000 4035000000000000
poi 36 4004126e978d4fdf c03e6b851eb851ec 4018000000000000 4071500000000000 4083c00000000000 4014000000000000
poi 37 402ed916872b020c 4013a6e978d4fdf4 4024000000000000 406c400000000000 407b600000000000 4014000000000000
poi 38 404e2851eb851eb8 4056734395810625 4022000000000000 4069000000000000 407dd00000000000 401c000000000000
poi 39 404433d70a3d70a4 c046aef9db22d0e5 4033000000000000 4070900000000000 4080200000000000 4038000000000000
poi 40 c03ad645a1cac083 c04b22d0e5604189 4031000000000000 4062600000000000 407ce00000000000 3ff0000000000000
poi 41 40514af1a9fbe76d 405224ed916872b0 4036000000000000 4062e00000000000 407ad00000000000 4028000000000000
poi 42 c036d0a3d70a3d71 40471624dd2f1aa0 4020000000000000 406fe00000000000 4080f80000000000 4018000000000000
poi 43 c02c84189374bc6a c03e3fbe76c8b439 4039000000000000 4071d00000000000 4080880000000000 4014000000000000
poi 44 4053033333333333 402825604189374c 402a000000000000 4066c00000000000 407e400000000000 4033000000000000
poi 45 404f85810624dd2f 404e02d0e5604189 3ff0000000000000 4060000000000000 4077400000000000 4037000000000000
poi 46 c0343d2f1a9fbe77 c0547e147ae147ae 402e000000000000 4071800000000000 407f900000000000 4020000000000000
poi 47 c04495810624dd2f c04502f1a9fbe76d 4030000000000000 405e800000000000 407ac00000000000 3ff0000000000000
poi 48 4053ccbc6a7ef9db c03d04189374bc6a 4034000000000000 4072000000000000 4081b00000000000 4034000000000000
poi 49 c034ba5e353f7cee c01c45a1cac08312 402c000000000000 4067400000000000 4081080000000000 4030000000000000
poi 50 c010a6e978d4fdf4 c04abf9db22d0e56 4000000000000000 4061a00000000000 4074900000000000 4020000000000000
poi 51 4043cc083126e979 c0443ae147ae147b 4014000000000000 4055800000000000 4077300000000000 4030000000000000
poi 52 c047900000000000 c053766666666666 4030000000000000 4066800000000000 4079300000000000 4039000000000000
poi 53 bff3ba5e353f7cee 4048974bc6a7ef9e 4028000000000000 4055c00000000000 4076c00000000000 4014000000000000
poi 54 bfd7ced916872b02 c03b4395810624dd 3ff0000000000000 405e000000000000 4079600000000000 4024000000000000
poi 55 403f8978d4fdf3b6 c02171a9fbe76c8b 402e000000000000 406a400000000000 4080c80000000000 4038000000000000
poi 56 bfc126e978d4fdf4 c0344395810624dd 4014000000000000 4071700000000000 407d500000000000 4030000000000000
poi 57 405099374bc6a7f0 c03ab0e560418937 4022000000000000 4060800000000000 407c700000000000 401c000000000000
poi 58 40186a7ef9db22d1 c05005f3b645a1cb 4020000000000000 405bc00000000000 4073400000000000 402c000000000000
poi 59 402b16872b020c4a c034dfbe76c8b439 4000000000000000 4067e00000000000 407e400000000000 4026000000000000
poi 60 404b1b020c49ba5e c01a25e353f7ced9 4024000000000000 4066e00000000000 407b100000000000 402e000000000000
poi 61 40360bc6a7ef9db2 c0411189374bc6a8 4039000000000000 406f800000000000 4081900000000000 4037000000000000
poi 62 c023722d0e560419 4012d2f1a9fbe76d 4038000000000000 406e000000000000 407cd00000000000 4014000000000000
poi 63 c0272b020c49ba5e c0476db22d0e5604 401c000000000000 4071000000000000 4082380000000000 4030000000000000
poi 64 c0073d70a3d70a3d bfd3851eb851eb85 402c000000000000 406c400000000000 4081500000000000 402a000000000000
poi 65 402bac8b43958106 c04639db22d0e560 4008000000000000 4070b00000000000 407ea00000000000 4032000000000000
poi 66 40317ae147ae147b 403bbf3b645a1cac 4037000000000000 406ee00000000000 407f400000000000 402c000000000000
poi 67 4007c6a7ef9db22d c045d83126e978d5 4035000000000000 4064800000000000 407ec00000000000 4008000000000000
poi 68 c0462d4fdf3b645a c04319db22d0e560 402a000000000000 405f800000000000 4079600000000000 4036000000000000
poi 69 c04db3126e978d50 3ff8395810624dd3 402e000000000000 405e000000000000 4076e00000000000 4030000000000000
poi 70 c02ae76c8b439581 c052e1fbe76c8b44 402c000000000000 4071700000000000 4080a00000000000 4030000000000000
poi 71 c016126e978d4fdf c049f9374bc6a7f0 401c000000000000 405b000000000000 4077200000000000 4000000000000000
poi 72 c0232d916872b021 c03ae147ae147ae1 4034000000000000 406ee00000000000 407db00000000000 4033000000000000
poi 73 4033516872b020c5 403d7f7ced916873 4018000000000000 4053800000000000 4078e00000000000 4037000000000000
poi 74 403a3eb851eb851f 40425f1a9fbe76c9 4038000000000000 406b000000000000 407d200000000000 4018000000000000
poi 75 4045da7ef9db22d1 c03c0872b020c49c 4031000000000000 406ae00000000000 407b400000000000 4026000000000000
poi 76 c04a0353f7ced917 c041ab645a1cac08 4008000000000000 4066c00000000000 4079900000000000 4033000000000000
poi 77 c020deb851eb851f bfbdb22d0e560419 402e000000000000 4067200000000000 407f000000000000 4008000000000000
poi 78 4056471a9fbe76c9 404f0f9db22d0e56 4018000000000000 4064600000000000 4078900000000000 402c000000000000
poi 79 4018449ba5e353f8 c03021cac083126f 4035000000000000 4070d00000000000 4080700000000000 402c000000000000
poi 80 403b1810624dd2f2 c0146978d4fdf3b6 4039000000000000 4069000000000000 4078d00000000000 4033000000000000
poi 81 403b86e978d4fdf4 c02eb020c49ba5e3 4032000000000000 4063c00000000000 4078f00000000000 4008000000000000
poi 82 4045416872b020c5 4040072b020c49ba 3ff0000000000000 4068800000000000 407da00000000000 4032000000000000
poi 83 40394f9db22d0e56 402960c49ba5e354 4033000000000000 406a000000000000 4078400000000000 4038000000000000
poi 84 4047e395810624dd c02989ba5e353f7d 4031000000000000 406f000000000000 4080100000000000 4018000000000000
poi 85 c00924dd2f1a9fbe c02bac8b43958106 4034000000000000 406c600000000000 407c800000000000 3ff0000000000000
poi 86 4028f6c8b4395810 c0538676c8b43958 3ff0000000000000 4053000000000000 4073800000000000 4008000000000000
poi 87 c03509fbe76c8b44 c00b70a3d70a3d71 402a000000000000 405a800000000000 407bc00000000000 402e000000000000
poi 88 c0093126e978d4fe c04bb74bc6a7ef9e 4039000000000000 4060e00000000000 407b000000000000 4032000000000000
poi 89 404a8126e978d4fe 405539999999999a 4030000000000000 406f200000000000 4081a00000000000 4014000000000000
poi 90 4041d1a9fbe76c8b c047c6a7ef9db22d 4014000000000000 4060600000000000 407d600000000000 4037000000000000
poi 91 4045b6a7ef9db22d c03270624dd2f1aa 4032000000000000 405c400000000000 407af00000000000 4024000000000000
poi 92 401a645a1cac0831 c04b49fbe76c8b44 4031000000000000 4063c00000000000 4075600000000000 4034000000000000
poi 93 4055fced916872b0 405780c49ba5e354 402e000000000000 406ea00000000000 407ac00000000000 4026000000000000
poi 94 40438d70a3d70a3d c0485f1a9fbe76c9 402a000000000000 4068000000000000 407e700000000000 4030000000000000
poi 95 c0482b851eb851ec c03a7a1cac083127 402e000000000000 4061400000000000 4076000000000000 402e000000000000
poi 96 4052003126e978d5 c0228189374bc6a8 4000000000000000 4070700000000000 407f200000000000 4033000000000000
poi 97 c042ddb22d0e5604 400aced916872b02 3ff0000000000000 4066200000000000 4077500000000000 4010000000000000
poi 98 c0507de353f7ced9 c0425fdf3b645a1d 4022000000000000 4066000000000000 4079600000000000 402c000000000000
poi 99 c030ab4395810625 c041a45a1cac0831 4030000000000000 406a800000000000 4078a00000000000 4037000000000000
poi 100 40257be76c8b4396 c012ad0e56041893 4018000000000000 4060800000000000 407dc00000000000 4026000000000000
poi 101 402f3020c49ba5e3 c017449ba5e353f8 4032000000000000 4066e00000000000 4080a80000000000 4035000000000000
poi 102 40359b22d0e56042 c0321be76c8b4396 4038000000000000 4064000000000000 407a800000000000 402c000000000000
poi 103 4023916872b020c5 4048a3d70a3d70a4 4038000000000000 405a800000000000 4075000000000000 4030000000000000
poi 104 4057896872b020c5 c011f7ced916872b 4022000000000000 4069800000000000 4080a00000000000 4039000000000000
poi 105 4024c395810624dd c0304d4fdf3b645a 4033000000000000 4072900000000000 407e800000000000 4031000000000000
poi 106 bff73f7ced916873 bfeb8d4fdf3b645a 4028000000000000 4067a00000000000 4080400000000000 4030000000000000
poi 107 c018e04189374bc7 40394e147ae147ae 4036000000000000 405c800000000000 4077600000000000 402a000000000000
poi 108 c019000000000000 40246f1a9fbe76c9 402a000000000000 4070700000000000 4082100000000000 4037000000000000
poi 109 c03171a9fbe76c8b c051b2e147ae147b 4034000000000000 4061e00000000000 4078000000000000 4024000000000000
poi 110 c04b8b851eb851ec c045ed4fdf3b645a 4039000000000000 4071a00000000000 4080b80000000000 4000000000000000
poi 111 c022e24dd2f1a9fc 4037b95810624dd3 3ff0000000000000 4061200000000000 407ee00000000000 402e000000000000
poi 112 4021f4bc6a7ef9db 4041b3f7ced91687 4038000000000000 4064000000000000 407d900000000000 402c000000000000
poi 113 c030c10624dd2f1b bfe9fbe76c8b4396 4024000000000000 4070f00000000000 4080400000000000 4036000000000000
poi 114 4050b6872b020c4a c042ebc6a7ef9db2 4036000000000000 4066e00000000000 4079f00000000000 402e000000000000
poi 115 402d6e978d4fdf3b c037b95810624dd3 402c000000000000 4064400000000000 4079800000000000 4030000000000000
poi 116 4040bc6a7ef9db23 403406a7ef9db22d 4028000000000000 406fe00000000000 407c500000000000 4028000000000000
poi 117 405099374bc6a7f0 c051871a9fbe76c9 4037000000000000 405c800000000000 4074700000000000 402c000000000000
poi 118 c016a7ef9db22d0e 4021c3126e978d50 402c000000000000 4071200000000000 4083280000000000 402e000000000000
poi 119 c0146978d4fdf3b6 c0475d4fdf3b645a 4037000000000000 406e200000000000 407f100000000000 4026000000000000
poi 120 c021a6e978d4fdf4 404bdf1a9fbe76c9 4039000000000000 4064600000000000 407dc00000000000 4026000000000000
poi 121 40176353f7ced917 c0097ced916872b0 4014000000000000 406c800000000000 407b300000000000 4010000000000000
poi 122 c039b9db22d0e560 c042d8f5c28f5c29 401c000000000000 4072700000000000 4080c80000000000 4037000000000000
poi 123 c02eb9db22d0e560 c0388c49ba5e353f 4039000000000000 4069200000000000 4078700000000000 402a000000000000
poi 124 4045e5810624dd2f c02634395810624e 4026000000000000 4059800000000000 407b500000000000 4036000000000000
poi 125 4031a9fbe76c8b44 c0399a9fbe76c8b4 4032000000000000 4066c00000000000 407c900000000000 4031000000000000
poi 126 c043cfdf3b645a1d 404b710624dd2f1b 4032000000000000 4069400000000000 407d800000000000 4000000000000000
poi 127 c0388dd2f1a9fbe7 c0459ccccccccccd 3ff0000000000000 4071300000000000 4080580000000000 4014000000000000
poi 128 c03ae45a1cac0831 c02979db22d0e560 401c000000000000 4072000000000000 407d900000000000 402c000000000000
poi 129 404113d70a3d70a4 c0433a9fbe76c8b4 4036000000000000 4070600000000000 407e000000000000 3ff0000000000000
poi 130 c047a83126e978d5 c03d77ced916872b 401c000000000000 4071000000000000 407d400000000000 402a000000000000
poi 131 4048aeb851eb851f c039978d4fdf3b64 4008000000000000 4071200000000000 407e100000000000 4020000000000000
poi 132 400da3d70a3d70a4 c03072f1a9fbe76d 4032000000000000 4051000000000000 4076a00000000000 4038000000000000
poi 133 40366e147ae147ae c03745e353f7ced9 4020000000000000 4070400000000000 4082a80000000000 4028000000000000
poi 134 c042c645a1cac083 c03d9ba5e353f7cf 4018000000000000 406a600000000000 407d100000000000 4037000000000000
poi 135 40398c8b43958106 400d645a1cac0831 401c000000000000 4063a00000000000 407ca00000000000 3ff0000000000000
poi 136 c02e6e978d4fdf3b 400a45a1cac08312 4034000000000000 4061200000000000 407bc00000000000 4000000000000000
poi 137 c029e0c49ba5e354 c01dfae147ae147b 4024000000000000 4063c00000000000 407b400000000000 4020000000000000
poi 138 c0361b645a1cac08 403a6f1a9fbe76c9 4000000000000000 4064c00000000000 4079700000000000 4032000000000000
poi 139 c031f1a9fbe76c8b 401eee978d4fdf3b 4008000000000000 405a800000000000 407d100000000000 402c000000000000
poi 140 c0353be76c8b4396 402cfae147ae147b 4024000000000000 4065400000000000 4077300000000000 4037000000000000
poi 141 400c0624dd2f1aa0 c033b53f7ced9168 4014000000000000 4072a00000000000 4081e00000000000 402c000000000000
poi 142 40404cac083126e9 c02ddeb851eb851f 4039000000000000 406fc00000000000 4081780000000000 4010000000000000
poi 143 c016f2b020c49ba6 c03c4bc6a7ef9db2 4037000000000000 4052c00000000000 4075f00000000000 4038000000000000
poi 144 c01883126e978d50 c043cfdf3b645a1d 4035000000000000 4070100000000000 407cf00000000000 4022000000000000
poi 145 c003ae147ae147ae 4029a24dd2f1a9fc 402a000000000000 4055000000000000 4077d00000000000 402e000000000000
poi 146 c019e147ae147ae1 4020ee978d4fdf3b 3ff0000000000000 4050000000000000 406f400000000000 4024000000000000
poi 147 c042f20c49ba5e35 c0420eb851eb851f 4026000000000000 4071700000000000 407d400000000000 4008000000000000
poi 148 4025b4395810624e c032c00000000000 4018000000000000 4063400000000000 4079f00000000000 4028000000000000
poi 149 40490d4fdf3b645a 402145a1cac08312 4022000000000000 406fa00000000000 4083180000000000 4018000000000000
poi 150 40476c083126e979 4012d916872b020c 4031000000000000 404e000000000000 4077600000000000 3ff0000000000000
poi 151 40339916872b020c c024cfdf3b645a1d 402a000000000000 406ac00000000000 4081e00000000000 4038000000000000
poi 152 c04379374bc6a7f0 404a789374bc6a7f 4037000000000000 4066e00000000000 407ad00000000000 4008000000000000
poi 153 bfe483126e978d50 c03549fbe76c8b44 4033000000000000 4053800000000000 407a100000000000 4010000000000000
poi 154 404473f7ced91687 c040e1eb851eb852 4026000000000000 4072600000000000 4082300000000000 401c000000000000
poi 155 bfe25e353f7ced91 c04f2645a1cac083 4028000000000000 4071500000000000 407f400000000000 4035000000000000
poi 156 c0238e5604189375 403acb4395810625 4032000000000000 4066400000000000 407d600000000000 3ff0000000000000
poi 157 404121eb851eb852 c037e51eb851eb85 4039000000000000 4072b00000000000 4080e80000000000 4038000000000000
poi 158 403d926e978d4fdf c0388f9db22d0e56 402a000000000000 4051400000000000 4076800000000000 4014000000000000
poi 159 4030604189374bc7 c04d7189374bc6a8 4038000000000000 406f400000000000 407d500000000000 4037000000000000
poi 160 404ef04189374bc7 c02e55810624dd2f 4014000000000000 4056800000000000 4075700000000000 4014000000000000
poi 161 40440b4395810625 c023400000000000 402c000000000000 4070700000000000 4082c00000000000 4031000000000000
poi 162 3fbf3b645a1cac08 c012947ae147ae14 4032000000000000 4068c00000000000 407b600000000000 4038000000000000
poi 163 c021dba5e353f7cf c045f395810624dd 4039000000000000 4061a00000000000 4078000000000000 4037000000000000
poi 164 c01c8a3d70a3d70a c04cb78d4fdf3b64 4026000000000000 4051400000000000 4078d00000000000 4008000000000000
poi 165 401e333333333333 c03535c28f5c28f6 4032000000000000 4053800000000000 4076f00000000000 4014000000000000
poi 166 400f978d4fdf3b64 401d333333333333 4037000000000000 4068e00000000000 407c900000000000 4036000000000000
poi 167 c02e3c6a7ef9db23 40570178d4fdf3b6 4036000000000000 4071900000000000 4083a80000000000 4022000000000000
poi 168 4055348b43958106 c038849ba5e353f8 4034000000000000 4071f00000000000 4082900000000000 4037000000000000
poi 169 c04a29999999999a 403eae978d4fdf3b 4026000000000000 4056c00000000000 407ad00000000000 402e000000000000
poi 170 401e26e978d4fdf4 402ba2d0e5604189 4026000000000000 4070400000000000 4082080000000000 402e000000000000
poi 171 c0357be76c8b4396 403e5be76c8b4396 4033000000000000 4068400000000000 407b900000000000 4026000000000000
poi 172 40420604189374bc 403de20c49ba5e35 402a000000000000 406f000000000000 4082100000000000 4034000000000000
poi 173 40298fdf3b645a1d c044789374bc6a7f 4038000000000000 405a800000000000 4073200000000000 4024000000000000
poi 174 c0314a7ef9db22d1 c024820c49ba5e35 4018000000000000 4072700000000000 4082f00000000000 4038000000000000
poi 175 c02514fdf3b645a2 4028cdd2f1a9fbe7 4014000000000000 4051800000000000 4078400000000000 4024000000000000
poi 176 c02fb0a3d70a3d71 c04dbae147ae147b 4038000000000000 406bc00000000000 407e700000000000 4018000000000000
poi 177 403d44189374bc6a c001c6a7ef9db22d 401c000000000000 406de00000000000 407be00000000000 4036000000000000
poi 178 c029322d0e560419 c04d76e978d4fdf4 402a000000000000 4064200000000000 4075b00000000000 4039000000000000
poi 179 c0314d916872b021 c041a604189374bc 4039000000000000 4072600000000000 4083f80000000000 4026000000000000
poi 180 404c866666666666 c0492d4fdf3b645a 402e000000000000 4070500000000000 407fd00000000000 4018000000000000
poi 181 403af0e560418937 403171a9fbe76c8b 402e000000000000 4051800000000000 4079b00000000000 4022000000000000
poi 182 c018c7ae147ae148 c021c3126e978d50 4030000000000000 4059400000000000 407b200000000000 4018000000000000
poi 183 4030fae147ae147b c030522d0e560419 4014000000000000 406bc00000000000 4080300000000000 4028000000000000
poi 184 4054ed70a3d70a3d c040428f5c28f5c3 402e000000000000 4060a00000000000 4074500000000000 4010000000000000
poi 185 4028e6e978d4fdf4 40414b645a1cac08 4038000000000000 4065800000000000 4079e00000000000 4038000000000000
poi 186 402e1d2f1a9fbe77 4050c04189374bc7 402e000000000000 4066a00000000000 4079d00000000000 4032000000000000
poi 187 4039d16872b020c5 c017570a3d70a3d7 4022000000000000 4071e00000000000 4081b00000000000 4008000000000000
poi 188 402b54fdf3b645a2 c02da9fbe76c8b44 4033000000000000 4068000000000000 407d400000000000 4032000000000000
poi 189 404829374bc6a7f0 c014a7ef9db22d0e 402e000000000000 406d000000000000 407a400000000000 4031000000000000
poi 190 402afa5e353f7cee 4033bd2f1a9fbe77 4000000000000000 4067a00000000000 407ab00000000000 4037000000000000
poi 191 c03283126e978d50 405059eb851eb852 4008000000000000 406d000000000000 407b500000000000 4024000000000000
poi 192 40318dd2f1a9fbe7 40433083126e978d 4032000000000000 404e000000000000 4072f00000000000 4036000000000000
poi 193 4042e33333333333 c03000c49ba5e354 4034000000000000 4071900000000000 4083300000000000 4014000000000000
poi 194 4047fbe76c8b4396 c03e4f5c28f5c28f 402c000000000000 406ae00000000000 4079000000000000 4030000000000000
poi 195 4043672b020c49ba 40421f1a9fbe76c9 4024000000000000 4069e00000000000 407ab00000000000 4024000000000000
poi 196 c03016c8b4395810 c0456ba5e353f7cf 4018000000000000 4062c00000000000 4075800000000000 4024000000000000
poi 197 403ca7ef9db22d0e bfffd70a3d70a3d7 4031000000000000 4069200000000000 4079000000000000 4022000000000000
poi 198 c0176f9db22d0e56 bffdcac083126e98 4034000000000000 406f400000000000 407d600000000000 4014000000000000
poi 199 404e420c49ba5e35 404fb53f7ced9168 4008000000000000 4060c00000000000 407d600000000000 4022000000000000
poi 200 404f9916872b020c c047e20c49ba5e35 402c000000000000 4072500000000000 407ed00000000000 4028000000000000
poi 201 c02e9db22d0e5604 c03748f5c28f5c29 4028000000000000 4065000000000000 4077f00000000000 4030000000000000
poi 202 c007000000000000 3fe92f1a9fbe76c9 4000000000000000 406be00000000000 407ec00000000000 4020000000000000
poi 203 4040072b020c49ba c02459999999999a 4026000000000000 4070400000000000 4080f00000000000 3ff0000000000000
poi 204 c032a24dd2f1a9fc c039aa3d70a3d70a 4030000000000000 406e000000000000 4082080000000000 3ff0000000000000
poi 205 c00d0e5604189375 40396ed916872b02 4032000000000000 4059c00000000000 4076b00000000000 4032000000000000
poi 206 4024f5c28f5c28f6 4036e353f7ced917 402c000000000000 4070600000000000 4080f00000000000 4036000000000000
poi 207 3ffd1a9fbe76c8b4 c008126e978d4fdf 4018000000000000 406ce00000000000 4081b00000000000 4034000000000000
poi 208 c039466666666666 c0285db22d0e5604 4028000000000000 4062000000000000 4078a00000000000 4010000000000000
poi 209 404c76a7ef9db22d c052e072b020c49c 4035000000000000 4072800000000000 4081380000000000 402e000000000000
poi 210 402bc51eb851eb85 c0421d70a3d70a3d 3ff0000000000000 4068600000000000 4077f00000000000 401c000000000000
poi 211 4040428f5c28f5c3 c03d85e353f7ced9 4032000000000000 404e000000000000 4072c00000000000 4039000000000000
poi 212 40133645a1cac083 c01d26e978d4fdf4 4031000000000000 4072200000000000 4080080000000000 4008000000000000
poi 213 4026bae147ae147b c020b020c49ba5e3 402e000000000000 4052000000000000 4076900000000000 4036000000000000
poi 214 4031204189374bc7 c038a5604189374c 4010000000000000 406c000000000000 4080280000000000 4014000000000000
poi 215 c040d49ba5e353f8 c0449ed916872b02 4032000000000000 405a400000000000 407c500000000000 3ff0000000000000
poi 216 c040320c49ba5e35 c0497147ae147ae1 4036000000000000 4052800000000000 4079b00000000000 4022000000000000
poi 217 40370a7ef9db22d1 c02cfdf3b645a1cb 4030000000000000 4071800000000000 4080d00000000000 4030000000000000
poi 218 c035db645a1cac08 c043c04189374bc7 402c000000000000 405fc00000000000 4079300000000000 4037000000000000
poi 219 404001a9fbe76c8b 4053553f7ced9168 4039000000000000 4072300000000000 4082f00000000000 4014000000000000
poi 220 402ba978d4fdf3b6 c0530c28f5c28f5c 402e000000000000 4051000000000000 4073300000000000 4014000000000000
poi 221 c0201a1cac083127 c0352dd2f1a9fbe7 4018000000000000 406b200000000000 4080680000000000 4018000000000000
poi 222 403964189374bc6a 40474e76c8b43958 401c000000000000 405dc00000000000 4077800000000000 4030000000000000
poi 223 4048c49ba5e353f8 c04b51cac083126f 4035000000000000 4070d00000000000 407cd00000000000 4039000000000000
poi 224 404fb53f7ced9168 c02145a1cac08312 4008000000000000 406c400000000000 407c800000000000 3ff0000000000000
poi 225 40026872b020c49c c01624dd2f1a9fbe 402e000000000000 4072a00000000000 4081400000000000 4039000000000000
poi 226 404a3624dd2f1aa0 403de51eb851eb85 4038000000000000 406c600000000000 4080800000000000 4031000000000000
poi 227 4022978d4fdf3b64 c030410624dd2f1b 4000000000000000 4070a00000000000 4082f80000000000 4026000000000000
poi 228 40416c28f5c28f5c c0580bd70a3d70a4 4031000000000000 4069c00000000000 407dc00000000000 4038000000000000
poi 229 c0351020c49ba5e3 c044bfbe76c8b439 4000000000000000 405d400000000000 407bf00000000000 4024000000000000
poi 230 403c72b020c49ba6 40247be76c8b4396 4039000000000000 4060800000000000 407e900000000000 4028000000000000
poi 231 4030410624dd2f1b c036953f7ced9168 402e000000000000 406b000000000000 4080c00000000000 4031000000000000
poi 232 c04251cac083126f c04104395810624e 4008000000000000 4063400000000000 407cd00000000000 4032000000000000
poi 233 c03b5b22d0e56042 c04916a7ef9db22d 3ff0000000000000 4058c00000000000 4073300000000000 4014000000000000
poi 234 c04ada3d70a3d70a 4026ab020c49ba5e 3ff0000000000000 4064c00000000000 407a400000000000 4030000000000000
poi 235 403a46a7ef9db22d c017f9db22d0e560 4034000000000000 4051000000000000 4070300000000000 4022000000000000
poi 236 c03f84dd2f1a9fbe 40414b645a1cac08 4033000000000000 406f600000000000 4081800000000000 4018000000000000
poi 237 c02d395810624dd3 c03f8189374bc6a8 4000000000000000 406c200000000000 407d300000000000 3ff0000000000000
poi 238 c010f7ced916872b c03edd70a3d70a3d 4022000000000000 4060c00000000000 407c300000000000 4010000000000000
poi 239 c0328624dd2f1aa0 c03d7c6a7ef9db23 4010000000000000 4050800000000000 4074e00000000000 4034000000000000
poi 240 c031220c49ba5e35 c03365a1cac08312 4030000000000000 406d000000000000 407a500000000000 4033000000000000
# inst pr16
name pr16
n 289
tmax 408f400000000000
poi 0 4002374bc6a7ef9e 401f5c28f5c28f5c 0000000000000000 0000000000000000 408f400000000000 0000000000000000
poi 1 c0508b22d0e56042 c042e7ced916872b 4033000000000000 4057800000000000 4074700000000000 402a000000000000
poi 2 4005624dd2f1a9fc c0419c8b43958106 4035000000000000 4069c00000000000 4080980000000000 4030000000000000
poi 3 40436020c49ba5e3 40213c6a7ef9db23 4031000000000000 4072600000000000 4084580000000000 3ff0000000000000
poi 4 404f5395810624dd 4034aac083126e98 4018000000000000 4070500000000000 4081980000000000 4022000000000000
poi 5 404e7cac083126e9 c01870a3d70a3d71 4018000000000000 4055400000000000 4079600000000000 4034000000000000
poi 6 c058a23d70a3d70a c043c4189374bc6a 4033000000000000 4055c00000000000 4073500000000000 4000000000000000
poi 7 4020d26e978d4fdf c0545189374bc6a8 4031000000000000 405a000000000000 407b700000000000 4014000000000000
poi 8 c02d2353f7ced917 403a0e5604189375 4033000000000000 406c400000000000 407c100000000000 4024000000000000
poi 9 c04117ced916872b c0532c9ba5e353f8 4000000000000000 4070e00000000000 4081380000000000 4024000000000000
poi 10 404b928f5c28f5c3 c040f49ba5e353f8 4008000000000000 4070c00000000000 4082b80000000000 4039000000000000
poi 11 402fbced916872b0 40216e978d4fdf3b 4038000000000000 405fc00000000000 4075f00000000000 4000000000000000
poi 12 c04fb53f7ced9168 c034483126e978d5 4014000000000000 4061600000000000 4075400000000000 4014000000000000
poi 13 c022b6c8b4395810 c0451b22d0e56042 4022000000000000 405f800000000000 407e100000000000 4030000000000000
poi 14 c04acf3b645a1cac 400dd4fdf3b645a2 4034000000000000 4068000000000000 407c500000000000 4038000000000000
poi 15 404abed916872b02 c00a76c8b4395810 4033000000000000 4063600000000000 407d300000000000 401c000000000000
poi 16 c0369d2f1a9fbe77 c04065a1cac08312 4034000000000000 4068600000000000 4077b00000000000 4033000000000000
poi 17 4043ce5604189375 bff8cccccccccccd 4010000000000000 4062e00000000000 4079300000000000 402e000000000000
poi 18 4030b47ae147ae14 c036bf7ced916873 4008000000000000 4072a00000000000 4082100000000000 401c000000000000
poi 19 c0499f5c28f5c28f c02b8395810624dd 4000000000000000 4071000000000000 407ea00000000000 4030000000000000
poi 20 c03de83126e978d5 402cc28f5c28f5c3 4037000000000000 406ba00000000000 4080880000000000 4034000000000000
poi 21 c0519c395810624e c03be9374bc6a7f0 4018000000000000 4068800000000000 4081000000000000 4035000000000000
poi 22 c052d8a3d70a3d71 c03ecf9db22d0e56 4031000000000000 406b600000000000 4079b00000000000 401c000000000000
poi 23 40252e147ae147ae c03cee5604189375 4031000000000000 4052400000000000 4074c00000000000 4031000000000000
poi 24 405595c28f5c28f6 c046f7ae147ae148 4008000000000000 4054800000000000 4072f00000000000 4026000000000000
poi 25 400ee978d4fdf3b6 40414a9fbe76c8b4 4030000000000000 4071a00000000000 4083b00000000000 4018000000000000
poi 26 c042cc8b43958106 c0450e978d4fdf3b 402e000000000000 4068600000000000 4081300000000000 4010000000000000
poi 27 40515c28f5c28f5c 3ff610624dd2f1aa 4037000000000000 4060000000000000 4079500000000000 4030000000000000
poi 28 c02ba2d0e5604189 3ff3eb851eb851ec 402e000000000000 4067400000000000 4080c80000000000 4020000000000000
poi 29 c03b1fbe76c8b439 c04304bc6a7ef9db 4028000000000000 4052000000000000 4074f00000000000 402a000000000000
poi 30 c0515645a1cac083 c02d77ced916872b 4033000000000000 4066400000000000 4080000000000000 4039000000000000
poi 31 404d49999999999a 403d589374bc6a7f 4037000000000000 4066800000000000 407b100000000000 4030000000000000
poi 32 404d0d70a3d70a3d 403fb3b645a1cac1 4024000000000000 4062000000000000 407ae00000000000 4000000000000000
poi 33 c04f200000000000 c0306ccccccccccd 4037000000000000 405c400000000000 4079000000000000 4028000000000000
poi 34 c0509872b020c49c 402b2c083126e979 4036000000000000 406c400000000000 407d100000000000 4028000000000000
poi 35 405101eb851eb852 c028f6c8b4395810 4010000000000000 4050800000000000 4079b00000000000 402c000000000000
poi 36 c03eb374bc6a7efa c044d72b020c49ba 4014000000000000 4065a00000000000 4076500000000000 4030000000000000
poi 37 c04bb1cac083126f c049866666666666 3ff0000000000000 4071b00000000000 4081e80000000000 4022000000000000
poi 38 40421e5604189375 c0053d70a3d70a3d 4026000000000000 4070500000000000 407e900000000000 4030000000000000
poi 39 bff370a3d70a3d71 40165d2f1a9fbe77 4034000000000000 406fc00000000000 407be00000000000 4000000000000000
poi 40 40248e5604189375 c037f33333333333 4039000000000000 4066600000000000 4080d00000000000 4035000000000000
poi 41 c01ca2d0e5604189 40426df3b645a1cb 4032000000000000 406fa00000000000 407b800000000000 401c000000000000
poi 42 c0568d0e56041893 404e95a1cac08312 4010000000000000 4064a00000000000 4080600000000000 4008000000000000
poi 43 40472f1a9fbe76c9 4050453f7ced9168 4024000000000000 4052000000000000 407a900000000000 4014000000000000
poi 44 402ab22d0e560419 403f5f3b645a1cac 4031000000000000 4061c00000000000 407c400000000000 4028000000000000
poi 45 c05264395810624e c03cd6c8b4395810 401c000000000000 4071500000000000 4081a00000000000 4022000000000000
poi 46 c044c395810624dd c0428c6a7ef9db23 4010000000000000 4069600000000000 407b700000000000 4026000000000000
poi 47 c04e7810624dd2f2 c03b3ef9db22d0e5 4008000000000000 4058400000000000 4079200000000000 4031000000000000
poi 48 404327ef9db22d0e 404b3020c49ba5e3 4028000000000000 4058000000000000 4075400000000000 4024000000000000
poi 49 403a4e5604189375 4027f33333333333 402a000000000000 4063600000000000 4080080000000000 4014000000000000
poi 50 40249810624dd2f2 c0482c49ba5e353f 4038000000000000 4058000000000000 4075400000000000 4008000000000000
poi 51 404a35604189374c c03c5ced916872b0 4030000000000000 4055400000000000 4071800000000000 3ff0000000000000
poi 52 c045e0c49ba5e354 c043abe76c8b4396 4000000000000000 406a800000000000 407c000000000000 4008000000000000
poi 53 4048a872b020c49c 4026ca3d70a3d70a 401c000000000000 4068a00000000000 407e800000000000 4014000000000000
poi 54 4046cbe76c8b4396 4011624dd2f1a9fc 402e000000000000 4059400000000000 4076700000000000 4039000000000000
poi 55 c039fd2f1a9fbe77 c02fa0c49ba5e354 4028000000000000 405a000000000000 4075100000000000 402c000000000000
poi 56 4050503126e978d5 c04dd0c49ba5e354 402e000000000000 406e600000000000 407ff00000000000 4010000000000000
poi 57 402837ced916872b c0413189374bc6a8 4031000000000000 4060200000000000 4074900000000000 402c000000000000
poi 58 4028c7ae147ae148 c030410624dd2f1b 4030000000000000 4070b00000000000 4081980000000000 4034000000000000
poi 59 3fe0cccccccccccd 4051671a9fbe76c9 3ff0000000000000 4054400000000000 4074500000000000 4014000000000000
poi 60 c0215ba5e353f7cf 401f147ae147ae14 4022000000000000 4070800000000000 4080000000000000 4036000000000000
poi 61 4044bbc6a7ef9db2 c041820c49ba5e35 4010000000000000 406e600000000000 4081980000000000 4031000000000000
poi 62 4027b7ced916872b c0417c8b43958106 4008000000000000 4070000000000000 407fc00000000000 4033000000000000
poi 63 bff4e5604189374c c04d0810624dd2f2 3ff0000000000000 4063600000000000 407a700000000000 4022000000000000
poi 64 4018189374bc6a7f c03f049ba5e353f8 4010000000000000 4072a00000000000 407de00000000000 4030000000000000
poi 65 3ffc9ba5e353f7cf c04045a1cac08312 4018000000000000 406d400000000000 4082080000000000 4033000000000000
poi 66 403d45a1cac08312 c019f9db22d0e560 3ff0000000000000 406b400000000000 4081400000000000 4026000000000000
poi 67 4037f33333333333 40257be76c8b4396 4033000000000000 4064800000000000 407a100000000000 4018000000000000
poi 68 c05078c49ba5e354 404474bc6a7ef9db 3ff0000000000000 4071400000000000 4082800000000000 4037000000000000
poi 69 c02430a3d70a3d71 403a41cac083126f 4000000000000000 4072300000000000 4084100000000000 4038000000000000
poi 70 404d0be76c8b4396 4050d6872b020c4a 4039000000000000 4051400000000000 4071500000000000 4035000000000000
poi 71 405680f5c28f5c29 4022f851eb851eb8 4010000000000000 4066a00000000000 407ad00000000000 4030000000000000
poi 72 c01a7ced916872b0 402e6e978d4fdf3b 4010000000000000 4054400000000000 4071e00000000000 402e000000000000
poi 73 c007000000000000 c0456ba5e353f7cf 402a000000000000 405e400000000000 4079600000000000 4037000000000000
poi 74 c042db645a1cac08 c01d395810624dd3 4032000000000000 4051c00000000000 4076900000000000 4036000000000000
poi 75 404615e353f7ced9 c02672b020c49ba6 4022000000000000 4066400000000000 4079800000000000 4035000000000000
poi 76 c04d5a1cac083127 c00676c8b4395810 4014000000000000 4065400000000000 4079a00000000000 4035000000000000
poi 77 c00f4bc6a7ef9db2 4024245a1cac0831 4028000000000000 406ae00000000000 407fd00000000000 4035000000000000
poi 78 c044af5c28f5c28f bff7eb851eb851ec 4036000000000000 4072000000000000 4082900000000000 401c000000000000
poi 79 404d16e978d4fdf4 403b9020c49ba5e3 4022000000000000 4070500000000000 4080200000000000 402e000000000000
poi 80 c04fee353f7ced91 403a25a1cac08312 4026000000000000 405dc00000000000 407a600000000000 402e000000000000
poi 81 c04c65810624dd2f c02fd604189374bc 4018000000000000 4056800000000000 407b200000000000 4030000000000000
poi 82 4036378d4fdf3b64 c03b824dd2f1a9fc 4033000000000000 4061e00000000000 4074500000000000 402a000000000000
poi 83 bff07ef9db22d0e5 c02dad0e56041893 4024000000000000 4071500000000000 4080080000000000 4036000000000000
poi 84 c04cd9fbe76c8b44 c024f5c28f5c28f6 3ff0000000000000 4062000000000000 4074400000000000 3ff0000000000000
poi 85 405436353f7ced91 4019322d0e560419 4024000000000000 406ba00000000000 4081500000000000 4036000000000000
poi 86 4007189374bc6a7f 4025a4dd2f1a9fbe 4034000000000000 406b600000000000 4081f80000000000 4038000000000000
poi 87 c042b1eb851eb852 c01f333333333333 4032000000000000 406c400000000000 407cb00000000000 4018000000000000
poi 88 c040cccccccccccd c03abd70a3d70a3d 3ff0000000000000 404f800000000000 4078700000000000 4014000000000000
poi 89 4057cc9ba5e353f8 40383b22d0e56042 4026000000000000 406b400000000000 407a300000000000 402c000000000000
poi 90 c02bced916872b02 403d53b645a1cac1 4034000000000000 4052000000000000 4076000000000000 4033000000000000
poi 91 c04abb020c49ba5e 4022978d4fdf3b64 4028000000000000 4072300000000000 407d900000000000 4030000000000000
poi 92 4050e4fdf3b645a2 402a0395810624dd 4031000000000000 4071900000000000 4081080000000000 4034000000000000
poi 93 c054f8624dd2f1aa c04aa1eb851eb852 4030000000000000 406b400000000000 4078f00000000000 4028000000000000
poi 94 403e4147ae147ae1 c0521b851eb851ec 4008000000000000 406ac00000000000 4080780000000000 401c000000000000
poi 95 c036553f7ced9168 c03489ba5e353f7d 402c000000000000 406cc00000000000 4081580000000000 4037000000000000
poi 96 400ded916872b021 c041bb020c49ba5e 4028000000000000 406a600000000000 4078b00000000000 4022000000000000
poi 97 c03417ced916872b c045fdb22d0e5604 4022000000000000 4069e00000000000 4080600000000000 4033000000000000
poi 98 c047d7ef9db22d0e c03519999999999a 3ff0000000000000 405b000000000000 407cf00000000000 4031000000000000
poi 99 c034726e978d4fdf c02bb2b020c49ba6 401c000000000000 404f000000000000 4079b00000000000 3ff0000000000000
poi 100 404141eb851eb852 400fbc6a7ef9db23 401c000000000000 4063e00000000000 4077200000000000 4039000000000000
poi 101 40348395810624dd c027c49ba5e353f8 4014000000000000 4062200000000000 407ce00000000000 4028000000000000
poi 102 c04704fdf3b645a2 c03690a3d70a3d71 4022000000000000 4055400000000000 4075500000000000 402e000000000000
poi 103 c043d0a3d70a3d71 4039628f5c28f5c3 402e000000000000 405e800000000000 407b200000000000 4030000000000000
poi 104 bff0666666666666 4049376c8b439581 4010000000000000 4064600000000000 407fa00000000000 4024000000000000
poi 105 c03ca1cac083126f 40377c6a7ef9db23 4024000000000000 4068600000000000 407e100000000000 4038000000000000
poi 106 c04a7f9db22d0e56 c0303f7ced916873 4035000000000000 406e800000000000 407be00000000000 4038000000000000
poi 107 c00ac28f5c28f5c3 c036f47ae147ae14 4000000000000000 406f000000000000 4080880000000000 4032000000000000
poi 108 c04f51eb851eb852 c03a595810624dd3 4018000000000000 4061a00000000000 4075800000000000 4035000000000000
poi 109 4039672b020c49ba 3fe0fdf3b645a1cb 3ff0000000000000 404f800000000000 4079c00000000000 4035000000000000
poi 110 c03de51eb851eb85 40523ad0e5604189 4037000000000000 4062c00000000000 4074d00000000000 4031000000000000
poi 111 403aa147ae147ae1 3fff89374bc6a7f0 4038000000000000 406fe00000000000 4081a00000000000 401c000000000000
poi 112 c023a0c49ba5e354 40418083126e978d 4030000000000000 405b000000000000 4073500000000000 402c000000000000
poi 113 c01f083126e978d5 c04536872b020c4a 4032000000000000 4060000000000000 4078400000000000 4020000000000000
poi 114 403ceb020c49ba5e c01c77ced916872b 3ff0000000000000 4050c00000000000 4079100000000000 4000000000000000
poi 115 4047d8b439581062 40420dd2f1a9fbe7 3ff0000000000000 4070300000000000 407d200000000000 4032000000000000
poi 116 c04a95810624dd2f 4014d2f1a9fbe76d 4035000000000000 4070900000000000 4082a00000000000 4024000000000000
poi 117 40318f5c28f5c28f 402a6d916872b021 4020000000000000 406e800000000000 407e800000000000 4031000000000000
poi 118 401b5810624dd2f2 c003f7ced916872b 4036000000000000 405f400000000000 407df00000000000 4034000000000000
poi 119 c031526e978d4fdf 405850a3d70a3d71 4037000000000000 4061000000000000 4075100000000000 4022000000000000
poi 120 403667ef9db22d0e 403a883126e978d5 4026000000000000 4068a00000000000 4079e00000000000 4039000000000000
poi 121 c05245c28f5c28f6 c02a8083126e978d 402e000000000000 4055c00000000000 4071e00000000000 4018000000000000
poi 122 c0503fbe76c8b439 c0124fdf3b645a1d 402c000000000000 4071e00000000000 4083b00000000000 4030000000000000
poi 123 c04173f7ced91687 c045f395810624dd 4030000000000000 4070600000000000 4081680000000000 4026000000000000
poi 124 c0571624dd2f1aa0 c012116872b020c5 4039000000000000 4057c00000000000 4072b00000000000 4022000000000000
poi 125 3fe4b4395810624e c020fdf3b645a1cb 4028000000000000 404f000000000000 4077500000000000 4022000000000000
poi 126 40143126e978d4fe c042a95810624dd3 4022000000000000 4065c00000000000 4076300000000000 4032000000000000
poi 127 c033147ae147ae14 c02c5b22d0e56042 4034000000000000 4068400000000000 4080d00000000000 4024000000000000
poi 128 c051ed0e56041893 c026e66666666666 4036000000000000 4062600000000000 407a400000000000 4026000000000000
poi 129 c046ca5e353f7cee c03cb78d4fdf3b64 402a000000000000 4061a00000000000 4076100000000000 402c000000000000
poi 130 c03c59db22d0e560 c037e9fbe76c8b44 4038000000000000 4066c00000000000 407f100000000000 402e000000000000
poi 131 c0307c6a7ef9db23 403eeb851eb851ec 402a000000000000 4052000000000000 4075900000000000 4033000000000000
poi 132 c054db126e978d50 c034ef5c28f5c28f 4010000000000000 406f400000000000 407ba00000000000 4039000000000000
poi 133 c0281ba5e353f7cf c0349cac083126e9 4036000000000000 406e200000000000 4080100000000000 4024000000000000
poi 134 c01cbc6a7ef9db23 c04fdc49ba5e353f 4032000000000000 4071700000000000 407d800000000000 4026000000000000
poi 135 404145e353f7ced9 c021c3126e978d50 4039000000000000 4068600000000000 407dd00000000000 4026000000000000
poi 136 c01375c28f5c28f6 40526c6a7ef9db23 4033000000000000 404e800000000000 406ec00000000000 4039000000000000
poi 137 c04200a3d70a3d71 c00f020c49ba5e35 4020000000000000 4068600000000000 4081300000000000 402c000000000000
poi 138 c03c666666666666 c035d1eb851eb852 402a000000000000 4058c00000000000 4076f00000000000 4034000000000000
poi 139 c04c23f7ced91687 c02e395810624dd3 3ff0000000000000 4069a00000000000 407fd00000000000 401c000000000000
poi 140 c02608b439581062 40451353f7ced917 3ff0000000000000 4057800000000000 4079d00000000000 3ff0000000000000
poi 141 c04f8bc6a7ef9db2 c04f495810624dd3 4014000000000000 4051000000000000 4079200000000000 402e000000000000
poi 142 403d7c6a7ef9db23 4053fc6a7ef9db23 4000000000000000 4056000000000000 4072600000000000 4000000000000000
poi 143 c0506b22d0e56042 bfce76c8b4395810 4036000000000000 4071e00000000000 4083980000000000 401c000000000000
poi 144 404710a3d70a3d71 c0346a7ef9db22d1 4008000000000000 4070c00000000000 407ee00000000000 4035000000000000
poi 145 3ff9333333333333 c0305d2f1a9fbe77 4000000000000000 4053800000000000 4074600000000000 4033000000000000
poi 146 40442374bc6a7efa bff610624dd2f1aa 4018000000000000 4057800000000000 4079300000000000 4031000000000000
poi 147 c02e8ac083126e98 40451fdf3b645a1d 4033000000000000 4071d00000000000 4080780000000000 4037000000000000
poi 148 40409b851eb851ec c0309d2f1a9fbe77 4014000000000000 406c200000000000 407d700000000000 4031000000000000
poi 149 c05218d4fdf3b646 402a25e353f7ced9 4039000000000000 405e400000000000 4076d00000000000 4034000000000000
poi 150 c0387cac083126e9 4015178d4fdf3b64 4022000000000000 406a400000000000 407a300000000000 4026000000000000
poi 151 c01a645a1cac0831 c03ef4fdf3b645a2 4034000000000000 4060400000000000 407e000000000000 3ff0000000000000
poi 152 403f4978d4fdf3b6 403554fdf3b645a2 4026000000000000 406b200000000000 407a400000000000 4026000000000000
poi 153 40348e978d4fdf3b 3fd83126e978d4fe 4032000000000000 405d800000000000 407ad00000000000 402e000000000000
poi 154 c050cccccccccccd c044ab645a1cac08 4039000000000000 4070a00000000000 4080300000000000 4008000000000000
poi 155 40362b020c49ba5e c044300000000000 4036000000000000 4057c00000000000 407ad00000000000 4035000000000000
poi 156 403f2a3d70a3d70a 4001c6a7ef9db22d 4039000000000000 4064e00000000000 407ea00000000000 4014000000000000
poi 157 4052a89374bc6a7f 403e3810624dd2f2 402c000000000000 4068e00000000000 4078200000000000 4026000000000000
poi 158 404e5978d4fdf3b6 4054476c8b439581 4035000000000000 4061200000000000 407d500000000000 4018000000000000
poi 159 c04e5e353f7ced91 4038220c49ba5e35 3ff0000000000000 4068400000000000 4080980000000000 4031000000000000
poi 160 3fffa5e353f7ced9 4031845a1cac0831 4022000000000000 406f600000000000 4082280000000000 4034000000000000
poi 161 c05424395810624e c0431916872b020c 4000000000000000 4070d00000000000 4081f00000000000 4024000000000000
poi 162 c048f6a7ef9db22d c0425b4395810625 4000000000000000 4060000000000000 407bf00000000000 4038000000000000
poi 163 c04e3978d4fdf3b6 c03bd1eb851eb852 4010000000000000 4062600000000000 407ba00000000000 4018000000000000
poi 164 c053afdf3b645a1d c0461ced916872b0 402e000000000000 4061800000000000 407c400000000000 4032000000000000
poi 165 404b2147ae147ae1 c022849ba5e353f8 4026000000000000 4060a00000000000 4075a00000000000 402e000000000000
poi 166 c045078d4fdf3b64 c03aa2d0e5604189 402e000000000000 4070600000000000 4081500000000000 4018000000000000
poi 167 c04cab020c49ba5e c030b7ced916872b 402e000000000000 4063800000000000 407e300000000000 4024000000000000
poi 168 bff46a7ef9db22d1 c02aa8f5c28f5c29 4030000000000000 406f000000000000 4081880000000000 401c000000000000
poi 169 c0382872b020c49c 404399374bc6a7f0 402c000000000000 4069200000000000 4079500000000000 4038000000000000
poi 170 4031e872b020c49c c044389374bc6a7f 4039000000000000 4060a00000000000 4075600000000000 4008000000000000
poi 171 404dea9fbe76c8b4 c00d645a1cac0831 4022000000000000 4056c00000000000 4071400000000000 4036000000000000
poi 172 c00c147ae147ae14 40190624dd2f1aa0 4037000000000000 4067800000000000 407be00000000000 3ff0000000000000
poi 173 404415604189374c 40213020c49ba5e3 4030000000000000 405c800000000000 4074c00000000000 4010000000000000
poi 174 bffb0e5604189375 c04b3020c49ba5e3 4024000000000000 4071e00000000000 4081400000000000 4028000000000000
poi 175 c042047ae147ae14 c03110a3d70a3d71 4010000000000000 4069400000000000 4080480000000000 402c000000000000
poi 176 401d19999999999a c0109374bc6a7efa 4039000000000000 4069200000000000 407a400000000000 4031000000000000
poi 177 403e3810624dd2f2 c01b51eb851eb852 4034000000000000 405b800000000000 407d300000000000 4034000000000000
poi 178 c03a610624dd2f1b c04f870a3d70a3d7 4014000000000000 4056800000000000 407b200000000000 4033000000000000
poi 179 403cc5a1cac08312 bf9fbe76c8b43958 4033000000000000 406ee00000000000 407c500000000000 4032000000000000
poi 180 4005000000000000 401449ba5e353f7d 4000000000000000 4070f00000000000 4081980000000000 4036000000000000
poi 181 400cc28f5c28f5c3 c03599999999999a 402a000000000000 4050c00000000000 4075b00000000000 402c000000000000
poi 182 c0503cac083126e9 c025e978d4fdf3b6 4033000000000000 4070900000000000 4082880000000000 402c000000000000
poi 183 4032abc6a7ef9db2 c0448147ae147ae1 4000000000000000 4062800000000000 4079c00000000000 4034000000000000
poi 184 403d4a7ef9db22d1 40299916872b020c 4030000000000000 4072b00000000000 4082200000000000 4030000000000000
poi 185 40121db22d0e5604 403aa76c8b439581 4000000000000000 4056400000000000 4072700000000000 4039000000000000
poi 186 40395c28f5c28f5c 403db7ced916872b 4018000000000000 406a000000000000 407af00000000000 4028000000000000
poi 187 404cacac083126e9 c02ecf5c28f5c28f 4008000000000000 406fc00000000000 4082000000000000 3ff0000000000000
poi 188 c02721cac083126f c03303126e978d50 4034000000000000 405c800000000000 4076a00000000000 4026000000000000
poi 189 c046b872b020c49c c051f3b645a1cac1 402a000000000000 406ae00000000000 407eb00000000000 4032000000000000
poi 190 40019374bc6a7efa c00c83126e978d50 4022000000000000 406c000000000000 407da00000000000 4020000000000000
poi 191 bffdae147ae147ae c03879999999999a 4014000000000000 4070200000000000 407e200000000000 4020000000000000
poi 192 c04deced916872b0 c0487810624dd2f2 402e000000000000 4050400000000000 4078c00000000000 3ff0000000000000
poi 193 4051852f1a9fbe77 c031d0e560418937 4036000000000000 406b400000000000 407ca00000000000 4037000000000000
poi 194 c013ba5e353f7cee 403cc10624dd2f1b 4032000000000000 406ce00000000000 407ad00000000000 4033000000000000
poi 195 c047500000000000 c037876c8b439581 4035000000000000 405dc00000000000 4076200000000000 4032000000000000
poi 196 c048ef9db22d0e56 c041ab645a1cac08 4030000000000000 4070000000000000 4083100000000000 4030000000000000
poi 197 c050dfef9db22d0e 402048b439581062 4036000000000000 406b000000000000 407b500000000000 401c000000000000
poi 198 403f31eb851eb852 c0323e353f7ced91 4037000000000000 406ee00000000000 407bb00000000000 402a000000000000
poi 199 c04511cac083126f c04a5a1cac083127 3ff0000000000000 405f400000000000 407d500000000000 4014000000000000
poi 200 c02e3020c49ba5e3 4032eed916872b02 3ff0000000000000 405d800000000000 407b400000000000 4008000000000000
poi 201 c053a80000000000 c038574bc6a7ef9e 402a000000000000 4065a00000000000 4080780000000000 4036000000000000
poi 202 4049bc49ba5e353f c02336c8b4395810 402c000000000000 406e600000000000 407b600000000000 4035000000000000
poi 203 403dfcac083126e9 c03f0f9db22d0e56 4032000000000000 4051400000000000 4074b00000000000 4032000000000000
poi 204 40475ed916872b02 3ff73f7ced916873 4014000000000000 406be00000000000 4081000000000000 402c000000000000
poi 205 c04a7a1cac083127 403fbced916872b0 4038000000000000 4069e00000000000 407c400000000000 4033000000000000
poi 206 402511eb851eb852 c04eb74bc6a7ef9e 4026000000000000 4054c00000000000 407a800000000000 4032000000000000
poi 207 c02fe5604189374c c04c0189374bc6a8 4014000000000000 406a400000000000 407fb00000000000 4028000000000000
poi 208 c01f1a9fbe76c8b4 c04b5d70a3d70a3d 3ff0000000000000 405c000000000000 4079000000000000 4035000000000000
poi 209 40261810624dd2f2 c034e7ae147ae148 4035000000000000 4071200000000000 407ce00000000000 402e000000000000
poi 210 c0385be76c8b4396 c0370c083126e979 4018000000000000 4071a00000000000 407ff00000000000 4020000000000000
poi 211 400795810624dd2f c03465e353f7ced9 4018000000000000 4063c00000000000 4078700000000000 4014000000000000
poi 212 c054a9db22d0e560 403852b020c49ba6 4014000000000000 4072600000000000 407f700000000000 4008000000000000
poi 213 c028449ba5e353f8 40450851eb851eb8 4037000000000000 4066200000000000 4078500000000000 4000000000000000
poi 214 c058823d70a3d70a c0422df3b645a1cb 4030000000000000 4069400000000000 407ff00000000000 4014000000000000
poi 215 c04e8d0e56041893 c02af4395810624e 4032000000000000 406ee00000000000 4082400000000000 4008000000000000
poi 216 c043916872b020c5 401925e353f7ced9 4024000000000000 4070000000000000 4083380000000000 4028000000000000
poi 217 4044970a3d70a3d7 401fe24dd2f1a9fc 4022000000000000 4061c00000000000 4074400000000000 4010000000000000
poi 218 401104189374bc6a 4033d47ae147ae14 4032000000000000 4067a00000000000 4078600000000000 4037000000000000
poi 219 c041124dd2f1a9fc c042f51eb851eb85 4036000000000000 405e800000000000 4073800000000000 4020000000000000
poi 220 c0123c6a7ef9db23 403790e560418937 4038000000000000 4063800000000000 4078400000000000 401c000000000000
poi 221 4042f20c49ba5e35 bfff26e978d4fdf4 402e000000000000 4072800000000000 4080900000000000 4024000000000000
poi 222 4053909374bc6a7f 402fdf3b645a1cac 4018000000000000 4068a00000000000 407ab00000000000 4032000000000000
poi 223 c021526e978d4fdf c0391c28f5c28f5c 4028000000000000 4072500000000000 407e900000000000 4010000000000000
poi 224 4024245a1cac0831 404294fdf3b645a2 4033000000000000 406ac00000000000 4081400000000000 4022000000000000
poi 225 c0454f7ced916873 c0477e147ae147ae 4033000000000000 406ba00000000000 4080180000000000 4033000000000000
poi 226 40570a0c49ba5e35 c0578bb645a1cac1 4031000000000000 4066400000000000 407a000000000000 4014000000000000
poi 227 404019db22d0e560 c043ec083126e979 4036000000000000 4066c00000000000 4076b00000000000 4033000000000000
poi 228 c04b9d916872b021 c02e0dd2f1a9fbe7 4039000000000000 4067800000000000 4077c00000000000 401c000000000000
poi 229 c03abef9db22d0e5 c0357d70a3d70a3d 4026000000000000 4071e00000000000 4082000000000000 4036000000000000
poi 230 c052e0d4fdf3b646 bfe6a7ef9db22d0e 4037000000000000 4055000000000000 407b800000000000 4000000000000000
poi 231 404102b020c49ba6 4029547ae147ae14 4024000000000000 4058800000000000 407a500000000000 401c000000000000
poi 232 c00524dd2f1a9fbe c034d4bc6a7ef9db 4031000000000000 4062400000000000 4078500000000000 4010000000000000
poi 233 404aaf3b645a1cac 402b8a3d70a3d70a 4018000000000000 4067e00000000000 4080a00000000000 4026000000000000
poi 234 c02de5604189374c c0442126e978d4fe 4034000000000000 4069800000000000 4080080000000000 4028000000000000
poi 235 4050f4fdf3b645a2 4017000000000000 4018000000000000 4066c00000000000 407a800000000000 4000000000000000
poi 236 c02a70a3d70a3d71 c03a07ef9db22d0e 4010000000000000 405d400000000000 407dc00000000000 402a000000000000
poi 237 4010ad0e56041893 c0404ef9db22d0e5 4039000000000000 406ce00000000000 407b500000000000 4036000000000000
poi 238 c03a0ccccccccccd c040a810624dd2f2 401c000000000000 4061c00000000000 407d000000000000 4018000000000000
poi 239 403ff6c8b4395810 c046d9fbe76c8b44 4026000000000000 4063e00000000000 4079200000000000 4026000000000000
poi 240 4058347ae147ae14 403a353f7ced9168 402c000000000000 4055000000000000 4076500000000000 4036000000000000
poi 241 c0465916872b020c c042ed4fdf3b645a 402c000000000000 4070600000000000 4082880000000000 4022000000000000
poi 242 4040b5604189374c 402795810624dd2f 402e000000000000 4072800000000000 407f300000000000 4035000000000000
poi 243 c04197ef9db22d0e 403339db22d0e560 4000000000000000 4062e00000000000 4075400000000000 4020000000000000
poi 244 c02c774bc6a7ef9e c052bf3b645a1cac 402c000000000000 404f000000000000 406ec00000000000 4010000000000000
poi 245 404294395810624e bfeac083126e978d 4031000000000000 4067400000000000 4080b80000000000 4033000000000000
poi 246 c049d9374bc6a7f0 c03a726e978d4fdf 4038000000000000 4072400000000000 407ec00000000000 4034000000000000
poi 247 403788f5c28f5c29 401795810624dd2f 4024000000000000 405f000000000000 407c800000000000 4036000000000000
poi 248 c0326ed916872b02 404adb020c49ba5e 4034000000000000 4070600000000000 4080180000000000 4024000000000000
poi 249 c026ae147ae147ae c0319ef9db22d0e5 4026000000000000 4072800000000000 4081880000000000 4034000000000000
poi 250 c01f3f7ced916873 c041f28f5c28f5c3 4030000000000000 4064a00000000000 4078500000000000 4024000000000000
poi 251 400c2d0e56041893 403af0e560418937 4008000000000000 4064000000000000 407e100000000000 4037000000000000
poi 252 c0474b4395810625 c03644189374bc6a 4026000000000000 4062e00000000000 4079e00000000000 4014000000000000
poi 253 c007f9db22d0e560 bfe1916872b020c5 4024000000000000 4070a00000000000 4083280000000000 4039000000000000
poi 254 404012d0e5604189 403126a7ef9db22d 4032000000000000 4066400000000000 407db00000000000 401c000000000000
poi 255 4040026e978d4fdf 402a0395810624dd 4034000000000000 4055c00000000000 407b900000000000 4030000000000000
poi 256 c01a83126e978d50 403de395810624dd 4038000000000000 406e200000000000 4081c80000000000 402e000000000000
poi 257 405371ba5e353f7d c03965a1cac08312 4030000000000000 4062400000000000 407b500000000000 4022000000000000
poi 258 403eb4fdf3b645a2 40506d0e56041893 4000000000000000 406fe00000000000 4080800000000000 4033000000000000
poi 259 c045e7ced916872b c045849ba5e353f8 402c000000000000 4065000000000000 407e300000000000 4026000000000000
poi 260 4048c7ced916872b 4030d3b645a1cac1 4024000000000000 405f400000000000 407c600000000000 4033000000000000
poi 261 c03cee5604189375 bfdc189374bc6a7f 4036000000000000 4070200000000000 4082380000000000 4024000000000000
poi 262 40442e76c8b43958 403061cac083126f 402c000000000000 406c200000000000 407ce00000000000 4034000000000000
poi 263 4036bf7ced916873 40445645a1cac083 402e000000000000 4068400000000000 4080c00000000000 4031000000000000
poi 264 bff789374bc6a7f0 401a449ba5e353f8 401c000000000000 4069800000000000 407a700000000000 4036000000000000
poi 265 bff30a3d70a3d70a 4030dd2f1a9fbe77 4034000000000000 406b000000000000 4080e80000000000 4038000000000000
poi 266 402010624dd2f1aa 4044e916872b020c 3ff0000000000000 4063200000000000 4074f00000000000 4014000000000000
poi 267 c046026e978d4fdf c036c8b439581062 4038000000000000 405bc00000000000 4078900000000000 4014000000000000
poi 268 4028bb645a1cac08 c026b4bc6a7ef9db 4036000000000000 4062800000000000 407cc00000000000 4031000000000000
poi 269 4040a353f7ced917 402fc3126e978d50 4037000000000000 4068200000000000 4080b80000000000 401c000000000000
poi 270 c041651eb851eb85 c02e170a3d70a3d7 4034000000000000 4071d00000000000 407db00000000000 4039000000000000
poi 271 c05836d916872b02 c03364189374bc6a 402e000000000000 4070000000000000 407d300000000000 4028000000000000
poi 272 4043378d4fdf3b64 c0156978d4fdf3b6 402c000000000000 4054c00000000000 4076e00000000000 4026000000000000
poi 273 c03964189374bc6a 3fcc28f5c28f5c29 4028000000000000 405e800000000000 4074800000000000 4018000000000000
poi 274 3feb22d0e5604189 c03fdc28f5c28f5c 4010000000000000 405d800000000000 4075f00000000000 402a000000000000
poi 275 c03805e353f7ced9 4057ec395810624e 402e000000000000 406dc00000000000 407bd00000000000 4037000000000000
poi 276 c01116872b020c4a 4041bbe76c8b4396 4028000000000000 4067000000000000 407f300000000000 402e000000000000
poi 277 c01bb53f7ced9168 3ffdae147ae147ae 4020000000000000 4067a00000000000 4077b00000000000 402a000000000000
poi 278 c051bcfdf3b645a2 c009bc6a7ef9db23 4000000000000000 4069c00000000000 4080600000000000 4024000000000000
poi 279 c04052f1a9fbe76d c03085a1cac08312 4038000000000000 4053800000000000 4076700000000000 4038000000000000
poi 280 40456df3b645a1cb c035ae147ae147ae 4014000000000000 4060600000000000 4076b00000000000 402a000000000000
poi 281 4014ba5e353f7cee 40199cac083126e9 4020000000000000 406a800000000000 407a900000000000 4028000000000000
poi 282 404275c28f5c28f6 c013f2b020c49ba6 4035000000000000 406a800000000000 407c000000000000 4035000000000000
poi 283 4048cba5e353f7cf 403bc872b020c49c 4014000000000000 406d000000000000 4080380000000000 4024000000000000
poi 284 404684dd2f1a9fbe 402591eb851eb852 4030000000000000 4053c00000000000 4073b00000000000 4028000000000000
poi 285 401ec28f5c28f5c3 402c1cac083126e9 4020000000000000 4051800000000000 4075700000000000 4022000000000000
poi 286 c04e74189374bc6a 4032a3d70a3d70a4 4038000000000000 4064e00000000000 4077600000000000 4014000000000000
poi 287 c0501fbe76c8b439 4021d89374bc6a7f 4037000000000000 4070c00000000000 4083480000000000 4032000000000000
poi 288 404294395810624e c02dfae147ae147b 4018000000000000 4072300000000000 407db00000000000 4038000000000000
# inst pr17
name pr17
n 73
tmax 408f400000000000
poi 0 4045328f5c28f5c3 c020b020c49ba5e3 0000000000000000 0000000000000000 408f400000000000 0000000000000000
poi 1 c0572ccccccccccd c04d970a3d70a3d7 4034000000000000 4057800000000000 4074700000000000 4020000000000000
poi 2 4051cb74bc6a7efa 40291604189374bc 4018000000000000 4069c00000000000 4080980000000000 402e000000000000
poi 3 403f8978d4fdf3b6 4050a8d4fdf3b646 4033000000000000 4072600000000000 4084580000000000 4034000000000000
poi 4 c012c6a7ef9db22d 40398978d4fdf3b6 4024000000000000 4070500000000000 4081980000000000 401c000000000000
poi 5 c03e31a9fbe76c8b 4050f178d4fdf3b6 4032000000000000 4055400000000000 4079600000000000 402a000000000000
poi 6 40295a9fbe76c8b4 c04cbc49ba5e353f 3ff0000000000000 4055c00000000000 4073500000000000 4018000000000000
poi 7 c0402d70a3d70a3d c034f74bc6a7ef9e 402e000000000000 405a000000000000 407b700000000000 4014000000000000
poi 8 4033e8f5c28f5c29 40487ccccccccccd 4037000000000000 406c400000000000 407c100000000000 3ff0000000000000
poi 9 402a676c8b439581 c033228f5c28f5c3 402a000000000000 4070e00000000000 4081380000000000 4028000000000000
poi 10 404b704189374bc7 c04495810624dd2f 4028000000000000 4070c00000000000 4082b80000000000 4032000000000000
poi 11 402e204189374bc7 c0392bc6a7ef9db2 401c000000000000 405fc00000000000 4075f00000000000 4039000000000000
poi 12 c0494c8b43958106 c0306b020c49ba5e 4039000000000000 4061600000000000 4075400000000000 402c000000000000
poi 13 c03dbae147ae147b 403113f7ced91687 4014000000000000 405f800000000000 407e100000000000 4032000000000000
poi 14 40318ac083126e98 3ff9333333333333 3ff0000000000000 4068000000000000 407c500000000000 402a000000000000
poi 15 4026410624dd2f1b 40534dd2f1a9fbe7 4039000000000000 4063600000000000 407d300000000000 4018000000000000
poi 16 4040e04189374bc7 4051d09374bc6a7f 4024000000000000 4068600000000000 4077b00000000000 402c000000000000
poi 17 c04c0189374bc6a8 c024c9ba5e353f7d 4000000000000000 4062e00000000000 4079300000000000 4024000000000000
poi 18 404cefdf3b645a1d c0304a3d70a3d70a 401c000000000000 4072a00000000000 4082100000000000 4032000000000000
poi 19 40256f9db22d0e56 c032c978d4fdf3b6 4026000000000000 4071000000000000 407ea00000000000 4020000000000000
poi 20 404a8b4395810625 c032c00000000000 4010000000000000 406ba00000000000 4080880000000000 4018000000000000
poi 21 3ff91a9fbe76c8b4 401e20c49ba5e354 4018000000000000 4068800000000000 4081000000000000 4000000000000000
poi 22 403f87ef9db22d0e 404878d4fdf3b646 402e000000000000 406b600000000000 4079b00000000000 4010000000000000
poi 23 c050b54fdf3b645a c042ed4fdf3b645a 401c000000000000 4052400000000000 4074c00000000000 4010000000000000
poi 24 c051af5c28f5c28f 404f1f3b645a1cac 4020000000000000 4054800000000000 4072f00000000000 4037000000000000
poi 25 404044dd2f1a9fbe 4037189374bc6a7f 4024000000000000 4071a00000000000 4083b00000000000 4028000000000000
poi 26 c049b9fbe76c8b44 c04238d4fdf3b646 4022000000000000 4068600000000000 4081300000000000 4038000000000000
poi 27 40423a5e353f7cee c036a353f7ced917 4010000000000000 4060000000000000 4079500000000000 4031000000000000
poi 28 c03f34fdf3b645a2 4045bf3b645a1cac 4018000000000000 4067400000000000 4080c80000000000 4032000000000000
poi 29 c024c6a7ef9db22d 40413ed916872b02 4036000000000000 4052000000000000 4074f00000000000 4039000000000000
poi 30 402d71a9fbe76c8b c025ab020c49ba5e 4031000000000000 4066400000000000 4080000000000000 4036000000000000
poi 31 40478c28f5c28f5c c03563126e978d50 4022000000000000 4066800000000000 407b100000000000 4024000000000000
poi 32 4045e3f7ced91687 4041620c49ba5e35 4039000000000000 4062000000000000 407ae00000000000 4039000000000000
poi 33 404ac5e353f7ced9 c050df2b020c49ba 4024000000000000 405c400000000000 4079000000000000 4035000000000000
poi 34 403acd0e56041893 404741eb851eb852 4032000000000000 406c400000000000 407d100000000000 4035000000000000
poi 35 404fb147ae147ae1 4027f645a1cac083 4035000000000000 4050800000000000 4079b00000000000 4030000000000000
poi 36 4047989374bc6a7f c015e66666666666 4024000000000000 4065a00000000000 4076500000000000 4037000000000000
poi 37 c03050a3d70a3d71 c02688b439581062 4037000000000000 4071b00000000000 4081e80000000000 4035000000000000
poi 38 4053b9999999999a 4031a6a7ef9db22d 4037000000000000 4070500000000000 407e900000000000 402e000000000000
poi 39 4053f49ba5e353f8 403645a1cac08312 4026000000000000 406fc00000000000 407be00000000000 401c000000000000
poi 40 4029c189374bc6a8 4030eb4395810625 3ff0000000000000 4066600000000000 4080d00000000000 4034000000000000
poi 41 c050fec8b4395810 c00e083126e978d5 4037000000000000 406fa00000000000 407b800000000000 4018000000000000
poi 42 402265604189374c c03298d4fdf3b646 4030000000000000 4064a00000000000 4080600000000000 4030000000000000
poi 43 c041f9999999999a c03324189374bc6a 4024000000000000 4052000000000000 407a900000000000 4024000000000000
poi 44 403cc4189374bc6a 4046a353f7ced917 4028000000000000 4061c00000000000 407c400000000000 401c000000000000
poi 45 4026f020c49ba5e3 40510ec8b4395810 4028000000000000 4071500000000000 4081a00000000000 4034000000000000
poi 46 c036c28f5c28f5c3 4046bf7ced916873 4008000000000000 4069600000000000 407b700000000000 4022000000000000
poi 47 c0506b22d0e56042 c0371eb851eb851f 4036000000000000 4058400000000000 4079200000000000 4028000000000000
poi 48 401cf4bc6a7ef9db 3ff995810624dd2f 4035000000000000 4058000000000000 4075400000000000 4024000000000000
poi 49 c03dc8f5c28f5c29 c02691eb851eb852 402a000000000000 4063600000000000 4080080000000000 4033000000000000
poi 50 c056433333333333 40303604189374bc 402e000000000000 4058000000000000 4075400000000000 4018000000000000
poi 51 c0477189374bc6a8 c00ae76c8b439581 402a000000000000 4055400000000000 4071800000000000 402c000000000000
poi 52 c02df1a9fbe76c8b 403e9ef9db22d0e5 4034000000000000 406a800000000000 407c000000000000 4037000000000000
poi 53 c03108f5c28f5c29 4048e3126e978d50 4024000000000000 4068a00000000000 407e800000000000 4020000000000000
poi 54 403fa28f5c28f5c3 404acf3b645a1cac 4039000000000000 4059400000000000 4076700000000000 4024000000000000
poi 55 c00c9db22d0e5604 402aaf1a9fbe76c9 401c000000000000 405a000000000000 4075100000000000 402c000000000000
poi 56 4040810624dd2f1b 404d7ae147ae147b 402e000000000000 406e600000000000 407ff00000000000 4008000000000000
poi 57 c0573ccccccccccd 404fa1a9fbe76c8b 4000000000000000 4060200000000000 4074900000000000 4039000000000000
poi 58 c0224624dd2f1aa0 c036ee5604189375 4037000000000000 4070b00000000000 4081980000000000 4035000000000000
poi 59 c043fae147ae147b 4018c7ae147ae148 4014000000000000 4054400000000000 4074500000000000 4014000000000000
poi 60 403c6e147ae147ae c03336c8b4395810 4039000000000000 4070800000000000 4080000000000000 4000000000000000
poi 61 c03c8a3d70a3d70a c00be147ae147ae1 4022000000000000 406e600000000000 4081980000000000 4008000000000000
poi 62 403f6a3d70a3d70a 40426df3b645a1cb 4000000000000000 4070000000000000 407fc00000000000 4035000000000000
poi 63 c048b6872b020c4a 404e4d0e56041893 4038000000000000 4063600000000000 407a700000000000 3ff0000000000000
poi 64 c05234ed916872b0 c03bc3d70a3d70a4 402a000000000000 4072a00000000000 407de00000000000 4039000000000000
poi 65 404e0a9fbe76c8b4 c046f3d70a3d70a4 4034000000000000 406d400000000000 4082080000000000 4035000000000000
poi 66 4025bd70a3d70a3d c00f333333333333 402a000000000000 406b400000000000 4081400000000000 4035000000000000
poi 67 40391f3b645a1cac 401eb020c49ba5e3 402e000000000000 4064800000000000 407a100000000000 4039000000000000
poi 68 c0477f9db22d0e56 c031795810624dd3 4010000000000000 4071400000000000 4082800000000000 402c000000000000
poi 69 40300ed916872b02 4040828f5c28f5c3 4034000000000000 4072300000000000 4084100000000000 4034000000000000
poi 70 403968b439581062 c027666666666666 4020000000000000 4051400000000000 4071500000000000 402c000000000000
poi 71 405114ac083126e9 c014947ae147ae14 4033000000000000 4066a00000000000 407ad00000000000 4026000000000000
poi 72 c02a353f7ced9168 404f14395810624e 4034000000000000 4054400000000000 4071e00000000000 4039000000000000
# inst pr18
name pr18
n 145
tmax 408f400000000000
poi 0 c00e645a1cac0831 4046251eb851eb85 0000000000000000 0000000000000000 408f400000000000 0000000000000000
poi 1 c04424fdf3b645a2 c04526c8b4395810 4034000000000000 4059400000000000 4075500000000000 4018000000000000
poi 2 c0502d604189374c c0316395810624dd 4024000000000000 406a000000000000 407e200000000000 4008000000000000
poi 3 40143d70a3d70a3d c02cb2b020c49ba6 4020000000000000 406b400000000000 407c200000000000 4037000000000000
poi 4 405206147ae147ae 40343ba5e353f7cf 4018000000000000 405ec00000000000 407d500000000000 3ff0000000000000
poi 5 4004c083126e978d c02e010624dd2f1b 3ff0000000000000 4062200000000000 407a300000000000 4032000000000000
poi 6 c0382d0e56041893 c05239374bc6a7f0 4033000000000000 4067800000000000 407b100000000000 4020000000000000
poi 7 c02a6147ae147ae1 40509fdf3b645a1d 402a000000000000 4063400000000000 4074f00000000000 4000000000000000
poi 8 40409872b020c49c 402b6147ae147ae1 4038000000000000 4062a00000000000 407cd00000000000 4022000000000000
poi 9 4050b4ed916872b0 c03e8dd2f1a9fbe7 402e000000000000 4064600000000000 4078500000000000 3ff0000000000000
poi 10 4033ef1a9fbe76c9 4041f10624dd2f1b 402a000000000000 4065a00000000000 4079a00000000000 4034000000000000
poi 11 c03bc5604189374c 4040226e978d4fdf 4024000000000000 406bc00000000000 4079a00000000000 4037000000000000
poi 12 404993b645a1cac1 c030d3b645a1cac1 4010000000000000 4059800000000000 4075200000000000 4036000000000000
poi 13 c03336c8b4395810 4037bfbe76c8b439 4028000000000000 404f000000000000 4070d00000000000 4038000000000000
poi 14 c047524dd2f1a9fc c04a7a1cac083127 4035000000000000 406c800000000000 4081700000000000 4035000000000000
poi 15 c0252e147ae147ae c030a04189374bc7 4000000000000000 4056c00000000000 407bc00000000000 4032000000000000
poi 16 4041933333333333 40293e76c8b43958 4024000000000000 4063600000000000 4077200000000000 4035000000000000
poi 17 c042b0624dd2f1aa 402883126e978d50 4034000000000000 4050c00000000000 4075b00000000000 401c000000000000
poi 18 4054b2d0e5604189 4039d604189374bc 4022000000000000 4050000000000000 4076100000000000 4010000000000000
poi 19 4021df3b645a1cac c00dc8b439581062 4038000000000000 406a600000000000 4079e00000000000 4035000000000000
poi 20 c04c545a1cac0831 40398e147ae147ae 4033000000000000 406ca00000000000 407a700000000000 402a000000000000
poi 21 c04a028f5c28f5c3 c0441189374bc6a8 402a000000000000 4072300000000000 4080200000000000 4032000000000000
poi 22 4043a28f5c28f5c3 402992f1a9fbe76d 402c000000000000 406bc00000000000 4080380000000000 4010000000000000
poi 23 4033c1cac083126f 40353a5e353f7cee 4031000000000000 406c800000000000 4082100000000000 4008000000000000
poi 24 c037122d0e560419 c029516872b020c5 4039000000000000 4061000000000000 407d100000000000 4028000000000000
poi 25 402f5f3b645a1cac 404a2fdf3b645a1d 3ff0000000000000 4063000000000000 4075400000000000 4014000000000000
poi 26 404d62b020c49ba6 c01c395810624dd3 4022000000000000 406b800000000000 407ba00000000000 4020000000000000
poi 27 c0408b22d0e56042 4052110624dd2f1b 4028000000000000 405e800000000000 407c100000000000 402c000000000000
poi 28 40046872b020c49c 40476ced916872b0 4036000000000000 4072700000000000 4080f80000000000 4024000000000000
poi 29 c032b810624dd2f2 40524810624dd2f2 4000000000000000 4071800000000000 407f900000000000 402c000000000000
poi 30 c050e820c49ba5e3 c034add2f1a9fbe7 4035000000000000 4063400000000000 407c800000000000 4033000000000000
poi 31 c053372b020c49ba c026bae147ae147b 4020000000000000 406ec00000000000 407bb00000000000 4034000000000000
poi 32 c03831a9fbe76c8b c04321a9fbe76c8b 4033000000000000 4061400000000000 4078c00000000000 4035000000000000
poi 33 c0345fbe76c8b439 c03fe72b020c49ba 4038000000000000 4068600000000000 4077700000000000 4026000000000000
poi 34 4022947ae147ae14 4043cf1a9fbe76c9 4038000000000000 406ca00000000000 407a100000000000 402c000000000000
poi 35 403a0b4395810625 4041fcac083126e9 4000000000000000 406ee00000000000 4081f80000000000 4018000000000000
poi 36 c04cb147ae147ae1 c046a1cac083126f 4034000000000000 4069800000000000 4079600000000000 401c000000000000
poi 37 3ff7d2f1a9fbe76d c04f4bc6a7ef9db2 4034000000000000 4063800000000000 407a700000000000 4008000000000000
poi 38 404177ef9db22d0e 402b5810624dd2f2 4014000000000000 4061a00000000000 407c200000000000 4036000000000000
poi 39 c0364a3d70a3d70a 4046d2f1a9fbe76d 4031000000000000 406d400000000000 407e900000000000 4035000000000000
poi 40 c017ae147ae147ae 404607ced916872b 4010000000000000 406ea00000000000 407ff00000000000 4028000000000000
poi 41 c0433916872b020c c0378a7ef9db22d1 4035000000000000 406b000000000000 4079200000000000 3ff0000000000000
poi 42 403ce4dd2f1a9fbe 4040f7ced916872b 4008000000000000 406c000000000000 4081180000000000 4026000000000000
poi 43 c041b1a9fbe76c8b c0155d2f1a9fbe77 4030000000000000 405fc00000000000 4075200000000000 4028000000000000
poi 44 c033804189374bc7 402b09ba5e353f7d 402c000000000000 404f800000000000 4078500000000000 4033000000000000
poi 45 c0226e978d4fdf3b c03efced916872b0 4018000000000000 4057c00000000000 4072000000000000 4020000000000000
poi 46 c0362189374bc6a8 c03110a3d70a3d71 4014000000000000 4072200000000000 4081100000000000 4026000000000000
poi 47 c036d3b645a1cac1 404267ae147ae148 4028000000000000 4072100000000000 4082780000000000 4032000000000000
poi 48 c04eaeb851eb851f c03276872b020c4a 4037000000000000 4068000000000000 4081180000000000 4018000000000000
poi 49 404910624dd2f1aa c05082f1a9fbe76d 4028000000000000 4057000000000000 407bf00000000000 4008000000000000
poi 50 4039a5a1cac08312 40382395810624dd 4032000000000000 406ea00000000000 4082c80000000000 4018000000000000
poi 51 4050615810624dd3 404567ae147ae148 4038000000000000 4054c00000000000 4071500000000000 4024000000000000
poi 52 c04e7a5e353f7cee c047f66666666666 4008000000000000 4071300000000000 4080b80000000000 401c000000000000
poi 53 c02223d70a3d70a4 40456624dd2f1aa0 4008000000000000 4066000000000000 407ef00000000000 4031000000000000
poi 54 c0330f9db22d0e56 4011eb851eb851ec 4039000000000000 404f800000000000 4070900000000000 4028000000000000
poi 55 c04b0916872b020c c00ef5c28f5c28f6 4036000000000000 4060a00000000000 4076600000000000 4026000000000000
poi 56 c0399916872b020c c032ddb22d0e5604 4039000000000000 4065400000000000 4079e00000000000 402e000000000000
poi 57 c032b4fdf3b645a2 405512f1a9fbe76d 402e000000000000 405f000000000000 407b600000000000 4018000000000000
poi 58 c0518bc6a7ef9db2 c043953f7ced9168 4032000000000000 4058c00000000000 4079d00000000000 402a000000000000
poi 59 c02d45a1cac08312 bfdc8b4395810625 4020000000000000 4059000000000000 407aa00000000000 4008000000000000
poi 60 c0531dc28f5c28f6 c0437604189374bc 4034000000000000 4067400000000000 407af00000000000 4037000000000000
poi 61 40460bc6a7ef9db2 4028ddb22d0e5604 4032000000000000 406c400000000000 4081b00000000000 4038000000000000
poi 62 c036c5a1cac08312 c0496ef9db22d0e5 4014000000000000 4072000000000000 4082d00000000000 4036000000000000
poi 63 40331a9fbe76c8b4 40465604189374bc 4039000000000000 4064200000000000 4075800000000000 4026000000000000
poi 64 c046026e978d4fdf c043f7ae147ae148 4030000000000000 4069600000000000 407c000000000000 4038000000000000
poi 65 c007c6a7ef9db22d c0103c6a7ef9db23 402c000000000000 4065000000000000 4078700000000000 4020000000000000
poi 66 c03842d0e5604189 4041f4189374bc6a 3ff0000000000000 4063e00000000000 407db00000000000 4036000000000000
poi 67 c04ef04189374bc7 c05279a9fbe76c8b 402e000000000000 4064800000000000 407bf00000000000 4026000000000000
poi 68 c0168f5c28f5c28f c03ab89374bc6a7f 4036000000000000 4057800000000000 4072c00000000000 4018000000000000
poi 69 4046ec083126e979 c0426ae147ae147b 4018000000000000 4063200000000000 4076200000000000 4024000000000000
poi 70 c049df7ced916873 c053f5c28f5c28f6 4038000000000000 4060400000000000 407ac00000000000 4024000000000000
poi 71 c040810624dd2f1b 4025fbe76c8b4396 4033000000000000 4056400000000000 4073700000000000 4034000000000000
poi 72 c039a72b020c49ba bfd7ced916872b02 4028000000000000 406ca00000000000 4081c00000000000 4000000000000000
poi 73 c0357f3b645a1cac 404ebe5604189375 402a000000000000 4069a00000000000 407a300000000000 4032000000000000
poi 74 40004189374bc6a8 403aba1cac083127 4024000000000000 4070600000000000 407c300000000000 4020000000000000
poi 75 c03ac20c49ba5e35 402d9d2f1a9fbe77 4028000000000000 405a400000000000 4076100000000000 402a000000000000
poi 76 c042a0c49ba5e354 c0466e353f7ced91 402a000000000000 4062200000000000 4079c00000000000 4020000000000000
poi 77 bfeb8d4fdf3b645a c0306b020c49ba5e 4039000000000000 4071300000000000 4080c00000000000 4020000000000000
poi 78 c049947ae147ae14 40417bc6a7ef9db2 4028000000000000 4072b00000000000 4082100000000000 4032000000000000
poi 79 c044a20c49ba5e35 c05338b439581062 4000000000000000 406ec00000000000 407f100000000000 4031000000000000
poi 80 c03e4147ae147ae1 4052acdd2f1a9fbe 4026000000000000 4068c00000000000 4080a80000000000 4024000000000000
poi 81 c0472f1a9fbe76c9 bff8395810624dd3 4024000000000000 4068400000000000 4077e00000000000 4037000000000000
poi 82 c051e79db22d0e56 405244ed916872b0 4022000000000000 4071500000000000 4083a00000000000 4008000000000000
poi 83 c0474d916872b021 c043f95810624dd3 4035000000000000 4065c00000000000 4080580000000000 4039000000000000
poi 84 c03e3e353f7ced91 4050c6872b020c4a 402c000000000000 4065e00000000000 4076b00000000000 4010000000000000
poi 85 c0447f9db22d0e56 c045849ba5e353f8 402e000000000000 406a200000000000 4078700000000000 4039000000000000
poi 86 c052924dd2f1a9fc c04a274bc6a7ef9e 4018000000000000 4070900000000000 407f600000000000 4014000000000000
poi 87 c0319be76c8b4396 c051f676c8b43958 4039000000000000 406c400000000000 407ac00000000000 4022000000000000
poi 88 4002cccccccccccd c05473851eb851ec 402c000000000000 4063e00000000000 4077200000000000 4032000000000000
poi 89 c0555f1a9fbe76c9 c04b078d4fdf3b64 4031000000000000 4063600000000000 407e700000000000 4030000000000000
poi 90 4037d26e978d4fdf 4025245a1cac0831 4020000000000000 4068200000000000 4080b80000000000 4030000000000000
poi 91 c03887ae147ae148 c03fb9db22d0e560 4010000000000000 4064e00000000000 407b700000000000 4036000000000000
poi 92 c0453cac083126e9 c02e049ba5e353f8 4031000000000000 4071d00000000000 4080900000000000 4000000000000000
poi 93 c040cfdf3b645a1d 40492a3d70a3d70a 4037000000000000 4064a00000000000 4080400000000000 4036000000000000
poi 94 c0545d4fdf3b645a c044c851eb851eb8 4010000000000000 4070300000000000 4083000000000000 4026000000000000
poi 95 c0526051eb851eb8 c04823b645a1cac1 4010000000000000 4065a00000000000 4076800000000000 4038000000000000
poi 96 c0086a7ef9db22d1 4051b978d4fdf3b6 4022000000000000 405b000000000000 4077400000000000 4031000000000000
poi 97 3fee45a1cac08312 4039753f7ced9168 4022000000000000 4070b00000000000 407d000000000000 4028000000000000
poi 98 c04b126e978d4fdf 402b0ccccccccccd 4033000000000000 406a800000000000 407c900000000000 3ff0000000000000
poi 99 c03ea24dd2f1a9fc 401e1a9fbe76c8b4 4028000000000000 406e200000000000 4081a00000000000 4037000000000000
poi 100 c0511570a3d70a3d c0412374bc6a7efa 4039000000000000 406a800000000000 4080180000000000 4010000000000000
poi 101 401cb645a1cac083 404cf7ae147ae148 4020000000000000 4051c00000000000 4074300000000000 402e000000000000
poi 102 4012d916872b020c 404855a1cac08312 402a000000000000 4065c00000000000 4079e00000000000 402e000000000000
poi 103 404d0b22d0e56042 403a610624dd2f1b 4008000000000000 4063600000000000 407c300000000000 4028000000000000
poi 104 403258d4fdf3b646 4041645a1cac0831 4018000000000000 4054800000000000 4071300000000000 4035000000000000
poi 105 c0465083126e978d c04efccccccccccd 4026000000000000 406cc00000000000 4080780000000000 4035000000000000
poi 106 4014ec8b43958106 403a116872b020c5 4038000000000000 405c800000000000 407a200000000000 402e000000000000
poi 107 c0480851eb851eb8 c04260a3d70a3d71 4030000000000000 4071400000000000 4082c00000000000 4035000000000000
poi 108 c00cb645a1cac083 c03bbbe76c8b4396 4035000000000000 4060e00000000000 407db00000000000 4033000000000000
poi 109 40239db22d0e5604 404272b020c49ba6 4039000000000000 4062000000000000 4075e00000000000 4026000000000000
poi 110 404dbae147ae147b 3ff3ba5e353f7cee 4024000000000000 405f400000000000 4075e00000000000 4008000000000000
poi 111 c047c2d0e5604189 4033df7ced916873 4000000000000000 406f600000000000 407cf00000000000 4028000000000000
poi 112 c048372b020c49ba c049289374bc6a7f 402a000000000000 406ec00000000000 4082300000000000 4010000000000000
poi 113 4046553f7ced9168 4034f3f7ced91687 402c000000000000 4054800000000000 4076c00000000000 4000000000000000
poi 114 c03339db22d0e560 4040628f5c28f5c3 4033000000000000 4052c00000000000 407b200000000000 4022000000000000
poi 115 c02f52f1a9fbe76d 40317645a1cac083 4030000000000000 406ae00000000000 4080600000000000 4035000000000000
poi 116 c056ead0e5604189 40536e353f7ced91 4037000000000000 4071e00000000000 4080580000000000 4031000000000000
poi 117 c03e08f5c28f5c29 c053922d0e560419 402a000000000000 4070900000000000 4081e00000000000 4036000000000000
poi 118 40526a6e978d4fdf 40407872b020c49c 4038000000000000 4050800000000000 4070f00000000000 4038000000000000
poi 119 4036666666666666 c04e0a9fbe76c8b4 4031000000000000 4064a00000000000 407b400000000000 4000000000000000
poi 120 404e9a5e353f7cee c02b0083126e978d 4020000000000000 4070700000000000 407d500000000000 4039000000000000
poi 121 40362189374bc6a8 c0490189374bc6a8 4028000000000000 4071f00000000000 407d600000000000 4035000000000000
poi 122 c019449ba5e353f8 404c551eb851eb85 4018000000000000 4070d00000000000 407c800000000000 4026000000000000
poi 123 c034789374bc6a7f 4029c51eb851eb85 4034000000000000 4062000000000000 407d600000000000 4037000000000000
poi 124 c04e8ac083126e98 c046626e978d4fdf 4034000000000000 4054800000000000 4078100000000000 4010000000000000
poi 125 c02326e978d4fdf4 c0335db22d0e5604 4038000000000000 404e800000000000 4070600000000000 3ff0000000000000
poi 126 4016820c49ba5e35 c0562010624dd2f2 4024000000000000 405d400000000000 4072e00000000000 402e000000000000
poi 127 c004f1a9fbe76c8b 40362189374bc6a8 4032000000000000 4070f00000000000 4083a80000000000 4034000000000000
poi 128 40443f9db22d0e56 40402be76c8b4396 4024000000000000 405ac00000000000 4077700000000000 4020000000000000
poi 129 c00a5e353f7ced91 404263126e978d50 402e000000000000 4061a00000000000 4075500000000000 4010000000000000
poi 130 c0497f5c28f5c28f 4033c7ef9db22d0e 4028000000000000 406e600000000000 407b600000000000 4028000000000000
poi 131 c051a147ae147ae1 c00e78d4fdf3b646 4036000000000000 4062a00000000000 4077800000000000 4037000000000000
poi 132 4010d1eb851eb852 3fe9fbe76c8b4396 4026000000000000 4061000000000000 407e300000000000 4039000000000000
poi 133 4023e8f5c28f5c29 403a5645a1cac083 402c000000000000 4069600000000000 4080880000000000 4014000000000000
poi 134 402b1374bc6a7efa c0355020c49ba5e3 4022000000000000 4065c00000000000 407a900000000000 402e000000000000
poi 135 c035de76c8b43958 c032c49ba5e353f8 4018000000000000 4070d00000000000 4080100000000000 4000000000000000
poi 136 c04294395810624e c03ec49ba5e353f8 4037000000000000 4062800000000000 407c000000000000 4036000000000000
poi 137 c055be6666666666 4024b0a3d70a3d71 4020000000000000 4070c00000000000 4082a80000000000 4030000000000000
poi 138 c047a2d0e5604189 c04729ba5e353f7d 4036000000000000 4069a00000000000 4080780000000000 4037000000000000
poi 139 40106147ae147ae1 c0335a9fbe76c8b4 401c000000000000 4064600000000000 4076400000000000 402a000000000000
poi 140 4010d1eb851eb852 403e4ac083126e98 402e000000000000 4066800000000000 4077800000000000 401c000000000000
poi 141 c045022d0e560419 404afe353f7ced91 4036000000000000 4056000000000000 4076800000000000 4034000000000000
poi 142 40418c28f5c28f5c c025ca3d70a3d70a 401c000000000000 406dc00000000000 407ab00000000000 4039000000000000
poi 143 404e9810624dd2f2 c04df00000000000 402c000000000000 406ca00000000000 4080400000000000 4028000000000000
poi 144 c0415645a1cac083 bff5645a1cac0831 4035000000000000 4072100000000000 4081580000000000 4022000000000000
# inst pr19
name pr19
n 217
tmax 408f400000000000
poi 0 c02e224dd2f1a9fc c037f33333333333 0000000000000000 0000000000000000 408f400000000000 0000000000000000
poi 1 c0449e147ae147ae c05096d916872b02 4008000000000000 405c800000000000 4077100000000000 402c000000000000
poi 2 4041083126e978d5 c04dadb22d0e5604 4030000000000000 406a800000000000 4081a80000000000 4030000000000000
poi 3 4034eac083126e98 c04a4a7ef9db22d1 4020000000000000 4050400000000000 4079900000000000 4031000000000000
poi 4 c04344dd2f1a9fbe c042b2b020c49ba6 402e000000000000 4055c00000000000 4075700000000000 4033000000000000
poi 5 4044876c8b439581 4036ee5604189375 4028000000000000 4070900000000000 4083800000000000 4018000000000000
poi 6 c04b045a1cac0831 c04a90c49ba5e354 402a000000000000 4062a00000000000 407b800000000000 401c000000000000
poi 7 402032b020c49ba6 40542e6666666666 4020000000000000 406fc00000000000 407e500000000000 4008000000000000
poi 8 40545322d0e56042 402ad16872b020c5 4038000000000000 406d600000000000 4080f80000000000 4024000000000000
poi 9 402ceb020c49ba5e c007c6a7ef9db22d 402c000000000000 4067c00000000000 407e500000000000 4010000000000000
poi 10 c04a44fdf3b645a2 404e0db22d0e5604 4031000000000000 406c000000000000 407c700000000000 4031000000000000
poi 11 c04c99db22d0e560 c0411d4fdf3b645a 4020000000000000 4065800000000000 407d600000000000 4024000000000000
poi 12 c0506353f7ced917 c0441c6a7ef9db23 4026000000000000 4070a00000000000 4081e80000000000 402a000000000000
poi 13 c033c04189374bc7 c0248e5604189375 4020000000000000 4065e00000000000 407be00000000000 4034000000000000
poi 14 c03af70a3d70a3d7 c055c0c49ba5e354 4031000000000000 4072b00000000000 4082600000000000 4018000000000000
poi 15 400989374bc6a7f0 c05629db22d0e560 4033000000000000 4069600000000000 407c900000000000 4032000000000000
poi 16 404142b020c49ba6 40406b22d0e56042 402a000000000000 4052800000000000 4076000000000000 4008000000000000
poi 17 4054023d70a3d70a 4015178d4fdf3b64 4000000000000000 4061600000000000 407db00000000000 4024000000000000
poi 18 c043eb4395810625 c050eec8b4395810 4020000000000000 4053400000000000 4078100000000000 4010000000000000
poi 19 402d333333333333 4026bae147ae147b 4035000000000000 4056c00000000000 407bc00000000000 402e000000000000
poi 20 c034fd70a3d70a3d c05420b439581062 402a000000000000 406ec00000000000 4081d00000000000 4010000000000000
poi 21 40481ef9db22d0e5 4047a45a1cac0831 4031000000000000 406e600000000000 4082300000000000 4018000000000000
poi 22 404dab4395810625 c03fdc28f5c28f5c 4010000000000000 406cc00000000000 4081700000000000 4033000000000000
poi 23 c02bfd70a3d70a3d c046cfdf3b645a1d 4036000000000000 4072900000000000 4084480000000000 401c000000000000
poi 24 404032d0e5604189 c04044189374bc6a 4038000000000000 406e600000000000 407ad00000000000 4034000000000000
poi 25 40069ba5e353f7cf 40496978d4fdf3b6 4026000000000000 4060c00000000000 4076c00000000000 4028000000000000
poi 26 c05084ed916872b0 c04157ced916872b 4018000000000000 4070f00000000000 4082580000000000 4020000000000000
poi 27 c02b51eb851eb852 4032a3d70a3d70a4 4033000000000000 405b400000000000 4076400000000000 4032000000000000
poi 28 c04dac083126e979 402989ba5e353f7d 4026000000000000 4071100000000000 407ef00000000000 3ff0000000000000
poi 29 c014883126e978d5 c03276872b020c4a 4037000000000000 406b200000000000 4081180000000000 4039000000000000
poi 30 c036f604189374bc c035ba9fbe76c8b4 4010000000000000 405a400000000000 4075500000000000 4030000000000000
poi 31 404d10a3d70a3d71 40474d916872b021 4014000000000000 4061600000000000 4079300000000000 4014000000000000
poi 32 c048cd2f1a9fbe77 c05327ef9db22d0e 4030000000000000 405f400000000000 4074700000000000 401c000000000000
poi 33 c0133645a1cac083 4045849ba5e353f8 4000000000000000 405e000000000000 407be00000000000 4034000000000000
poi 34 4051276c8b439581 c0339f7ced916873 402a000000000000 406d800000000000 407f800000000000 4008000000000000
poi 35 4042f51eb851eb85 404fccac083126e9 4026000000000000 4060000000000000 407a600000000000 4026000000000000
poi 36 3ff404189374bc6a c03a8ccccccccccd 4022000000000000 4070a00000000000 407f800000000000 402e000000000000
poi 37 c042f9db22d0e560 3ffaf5c28f5c28f6 4032000000000000 4061c00000000000 4076c00000000000 402e000000000000
poi 38 c04440624dd2f1aa 40201374bc6a7efa 401c000000000000 4061c00000000000 407b200000000000 4020000000000000
poi 39 c020c8b439581062 c04356c8b4395810 4038000000000000 4068000000000000 4078a00000000000 402a000000000000
poi 40 c0425ccccccccccd 40397e76c8b43958 4014000000000000 4061000000000000 4078b00000000000 4030000000000000
poi 41 c047e083126e978d c049095810624dd3 4000000000000000 4062000000000000 4074700000000000 4010000000000000
poi 42 40369851eb851eb8 c03c5b645a1cac08 4014000000000000 4059400000000000 4075e00000000000 4022000000000000
poi 43 c0422eb851eb851f c04814dd2f1a9fbe 4014000000000000 406dc00000000000 4080700000000000 4014000000000000
poi 44 4052dced916872b0 c02ad810624dd2f2 4008000000000000 4062200000000000 407f800000000000 4034000000000000
poi 45 c0502147ae147ae1 c02a76c8b4395810 402a000000000000 406a600000000000 4078b00000000000 4024000000000000
poi 46 3ff41cac083126e9 403d27ef9db22d0e 4000000000000000 406c200000000000 4080480000000000 4022000000000000
poi 47 bff91a9fbe76c8b4 c041fcac083126e9 4024000000000000 4067e00000000000 407e700000000000 4032000000000000
poi 48 40475f9db22d0e56 401ac8b439581062 4028000000000000 4061e00000000000 4076900000000000 402a000000000000
poi 49 4054851eb851eb85 403b0e978d4fdf3b 4038000000000000 4069e00000000000 4081680000000000 4031000000000000
poi 50 4052ac7ae147ae14 40335db22d0e5604 4035000000000000 4050400000000000 4071d00000000000 4036000000000000
poi 51 404781eb851eb852 4022ad0e56041893 4032000000000000 4053c00000000000 4071100000000000 4014000000000000
poi 52 c04f049ba5e353f8 c0355374bc6a7efa 4014000000000000 4064200000000000 407d600000000000 4028000000000000
poi 53 4022624dd2f1a9fc 403409ba5e353f7d 402e000000000000 4060e00000000000 4074a00000000000 4010000000000000
poi 54 c008c083126e978d 403594fdf3b645a2 4026000000000000 406c800000000000 407f300000000000 4014000000000000
poi 55 c052dc8b43958106 402a2c083126e979 401c000000000000 4067c00000000000 4078f00000000000 4036000000000000
poi 56 4024116872b020c5 c04fde978d4fdf3b 4008000000000000 4070a00000000000 407cf00000000000 401c000000000000
poi 57 4051f4189374bc6a 403a804189374bc7 4031000000000000 405c000000000000 4072700000000000 4028000000000000
poi 58 4032d78d4fdf3b64 c043026e978d4fdf 402c000000000000 406e600000000000 4082880000000000 4024000000000000
poi 59 c02514fdf3b645a2 c03f4e147ae147ae 402c000000000000 4061600000000000 407c100000000000 4032000000000000
poi 60 4020810624dd2f1b c056c9999999999a 401c000000000000 4070d00000000000 407fb00000000000 4031000000000000
poi 61 4052348b43958106 c043753f7ced9168 4028000000000000 4067e00000000000 4078500000000000 4008000000000000
poi 62 c03e283126e978d5 40436353f7ced917 4014000000000000 405c000000000000 4077200000000000 3ff0000000000000
poi 63 c04c20c49ba5e354 c0163126e978d4fe 4026000000000000 4065800000000000 4076d00000000000 4022000000000000
poi 64 c020cbc6a7ef9db2 c042cd4fdf3b645a 4031000000000000 406f800000000000 407bf00000000000 4028000000000000
poi 65 402e0ac083126e98 402b6a7ef9db22d1 4008000000000000 4071300000000000 4083500000000000 4010000000000000
poi 66 c04e1978d4fdf3b6 40384ac083126e98 401c000000000000 4071900000000000 4081780000000000 4000000000000000
poi 67 c02b96872b020c4a c03b1b22d0e56042 402a000000000000 4064600000000000 407f900000000000 4032000000000000
poi 68 c04165e353f7ced9 c036347ae147ae14 4034000000000000 406a800000000000 4081780000000000 4037000000000000
poi 69 4051690624dd2f1b 4054c3a5e353f7cf 402a000000000000 405d400000000000 4077b00000000000 402c000000000000
poi 70 c0463851eb851eb8 403e170a3d70a3d7 4010000000000000 406f600000000000 4081280000000000 4018000000000000
poi 71 4048510624dd2f1b 40082b020c49ba5e 4008000000000000 4061e00000000000 407ec00000000000 3ff0000000000000
poi 72 c02ea0c49ba5e354 4049dac083126e98 4038000000000000 4071d00000000000 4080a00000000000 4018000000000000
poi 73 4042216872b020c5 403ac83126e978d5 4037000000000000 4060e00000000000 4078400000000000 4018000000000000
poi 74 404dfb020c49ba5e 40384f5c28f5c28f 4035000000000000 4064800000000000 4080080000000000 4020000000000000
poi 75 404ba6e978d4fdf4 401a83126e978d50 4037000000000000 4068c00000000000 407e300000000000 4039000000000000
poi 76 4043fae147ae147b 40482604189374bc 4024000000000000 4057c00000000000 4079f00000000000 4008000000000000
poi 77 c048728f5c28f5c3 c051c66666666666 4035000000000000 4063400000000000 4075b00000000000 4008000000000000
poi 78 c002b4395810624e c04f745a1cac0831 4038000000000000 4054400000000000 4073000000000000 4030000000000000
poi 79 4022fb645a1cac08 c044f353f7ced917 4022000000000000 406b200000000000 407cb00000000000 4014000000000000
poi 80 c04b566666666666 c03270624dd2f1aa 4036000000000000 405cc00000000000 4074f00000000000 4018000000000000
poi 81 4025f5c28f5c28f6 c01e6b851eb851ec 4008000000000000 4064400000000000 4078f00000000000 4018000000000000
poi 82 c05174bc6a7ef9db c0492d4fdf3b645a 4018000000000000 4050400000000000 4078a00000000000 4030000000000000
poi 83 c044276c8b439581 c01dced916872b02 4026000000000000 4069e00000000000 407a600000000000 4018000000000000
poi 84 404f1f3b645a1cac 4045d0624dd2f1aa 4024000000000000 406da00000000000 407b900000000000 402a000000000000
poi 85 403d13b645a1cac1 404f8ed916872b02 402e000000000000 4067400000000000 407aa00000000000 4010000000000000
poi 86 c028224dd2f1a9fc c035824dd2f1a9fc 4022000000000000 405d000000000000 407db00000000000 4028000000000000
poi 87 402d74bc6a7ef9db 403ce7ef9db22d0e 4034000000000000 406c600000000000 4081180000000000 402e000000000000
poi 88 c04f8b020c49ba5e c04e0e978d4fdf3b 4033000000000000 405b800000000000 407be00000000000 4024000000000000
poi 89 4040d3d70a3d70a4 bfedb22d0e560419 4033000000000000 4070e00000000000 407f800000000000 4033000000000000
poi 90 c028733333333333 402c4bc6a7ef9db2 4033000000000000 4068a00000000000 407e200000000000 4033000000000000
poi 91 c0567dd2f1a9fbe7 4049c1cac083126f 4034000000000000 4063e00000000000 407ae00000000000 3ff0000000000000
poi 92 bfe86a7ef9db22d1 4044ab645a1cac08 3ff0000000000000 4072700000000000 407f500000000000 4036000000000000
poi 93 40542c7ae147ae14 40407dd2f1a9fbe7 402e000000000000 4072b00000000000 4084180000000000 4034000000000000
poi 94 c04ab26e978d4fdf c02c7ae147ae147b 4032000000000000 405b400000000000 4075d00000000000 4014000000000000
poi 95 c04aa45a1cac0831 c05008b439581062 4000000000000000 404e000000000000 4074c00000000000 4028000000000000
poi 96 405250a3d70a3d71 402556872b020c4a 4039000000000000 4061c00000000000 4078000000000000 4010000000000000
poi 97 404dce76c8b43958 402ae76c8b439581 4034000000000000 4062400000000000 407d000000000000 4028000000000000
poi 98 c0428189374bc6a8 4019e76c8b439581 4032000000000000 4066800000000000 4078000000000000 4020000000000000
poi 99 c04ad3f7ced91687 4035b126e978d4fe 4020000000000000 405d800000000000 4078500000000000 4024000000000000
poi 100 c04271eb851eb852 40325f3b645a1cac 4008000000000000 4054000000000000 4078500000000000 4000000000000000
poi 101 c0126e978d4fdf3b c02b9cac083126e9 4000000000000000 4064200000000000 407ce00000000000 4039000000000000
poi 102 404ae6a7ef9db22d 40427f1a9fbe76c9 402e000000000000 405c000000000000 4073f00000000000 402c000000000000
poi 103 40483be76c8b4396 c050828f5c28f5c3 4035000000000000 406b800000000000 407e500000000000 4034000000000000
poi 104 c047324dd2f1a9fc c034edd2f1a9fbe7 4018000000000000 4064000000000000 4079d00000000000 4026000000000000
poi 105 c02e170a3d70a3d7 c0446c28f5c28f5c 4038000000000000 4072b00000000000 4083400000000000 4010000000000000
poi 106 c05267be76c8b439 c0231a9fbe76c8b4 4033000000000000 4057c00000000000 407a600000000000 4018000000000000
poi 107 405736353f7ced91 4046cb22d0e56042 4037000000000000 4057000000000000 4074100000000000 4020000000000000
poi 108 4040c74bc6a7ef9e 403c10624dd2f1aa 4030000000000000 405ec00000000000 4077800000000000 4014000000000000
poi 109 4047a916872b020c 403869fbe76c8b44 4030000000000000 4050c00000000000 4075a00000000000 4008000000000000
poi 110 c01a70a3d70a3d71 c03e283126e978d5 4022000000000000 4053000000000000 4077f00000000000 4010000000000000
poi 111 402834bc6a7ef9db 4037d70a3d70a3d7 3ff0000000000000 406e600000000000 407bb00000000000 4038000000000000
poi 112 c04efb4395810625 403a3d2f1a9fbe77 4024000000000000 4071900000000000 4080800000000000 4010000000000000
poi 113 4037e083126e978d 40239db22d0e5604 402c000000000000 406ce00000000000 4081700000000000 4026000000000000
poi 114 4048e3d70a3d70a4 401b76c8b4395810 4026000000000000 4056800000000000 4073f00000000000 4037000000000000
poi 115 c04a82b020c49ba6 c0357be76c8b4396 4010000000000000 405f800000000000 407cc00000000000 3ff0000000000000
poi 116 404b7b22d0e56042 4007e147ae147ae1 4037000000000000 4055c00000000000 4073d00000000000 402e000000000000
poi 117 401375c28f5c28f6 c05165810624dd2f 4037000000000000 4050c00000000000 4073f00000000000 4028000000000000
poi 118 4040f95810624dd3 40469ac083126e98 4036000000000000 4067c00000000000 407c800000000000 4024000000000000
poi 119 c040153f7ced9168 c0379ef9db22d0e5 4026000000000000 406be00000000000 407c600000000000 4038000000000000
poi 120 c0318c49ba5e353f c04761eb851eb852 402c000000000000 4063a00000000000 4075400000000000 4014000000000000
poi 121 403fbe76c8b43958 4040fc6a7ef9db23 4028000000000000 4069c00000000000 4080c00000000000 4037000000000000
poi 122 4046afdf3b645a1d 40362189374bc6a8 402a000000000000 406d600000000000 407d500000000000 402e000000000000
poi 123 c014e04189374bc7 c0371d2f1a9fbe77 4026000000000000 4062600000000000 4076100000000000 4018000000000000
poi 124 c049872b020c49ba c04745c28f5c28f6 4022000000000000 4072800000000000 4083500000000000 4034000000000000
poi 125 40278c49ba5e353f 402644189374bc6a 4018000000000000 404e800000000000 4079200000000000 402a000000000000
poi 126 c043e10624dd2f1b c02a09ba5e353f7d 4039000000000000 406e800000000000 407b400000000000 4008000000000000
poi 127 403bee147ae147ae 403d522d0e560419 4035000000000000 4067400000000000 4078600000000000 4008000000000000
poi 128 4040deb851eb851f 4050a6147ae147ae 402a000000000000 4070a00000000000 4080680000000000 4039000000000000
poi 129 c056f428f5c28f5c 403ddba5e353f7cf 4037000000000000 4061800000000000 407f000000000000 402e000000000000
poi 130 c038a0c49ba5e354 c0512cdd2f1a9fbe 4020000000000000 405f000000000000 407b700000000000 4018000000000000
poi 131 4046545a1cac0831 4034770a3d70a3d7 401c000000000000 404f000000000000 4077700000000000 4010000000000000
poi 132 4046b9374bc6a7f0 c03511a9fbe76c8b 4020000000000000 4062400000000000 407ba00000000000 402c000000000000
poi 133 c042aed916872b02 c02831a9fbe76c8b 4022000000000000 405fc00000000000 4077b00000000000 402e000000000000
poi 134 4044ffbe76c8b439 3fc395810624dd2f 4000000000000000 4069600000000000 4078700000000000 4031000000000000
poi 135 c04569374bc6a7f0 c03e2b851eb851ec 4038000000000000 4066400000000000 4080880000000000 4028000000000000
poi 136 404173f7ced91687 c0124fdf3b645a1d 401c000000000000 4054c00000000000 407b200000000000 4000000000000000
poi 137 c05048c49ba5e354 c0458a1cac083127 4037000000000000 4065c00000000000 407c100000000000 4026000000000000
poi 138 4034451eb851eb85 c013fef9db22d0e5 4035000000000000 4066000000000000 407ab00000000000 4014000000000000
poi 139 c0425d916872b021 c021dba5e353f7cf 4028000000000000 4053c00000000000 4079b00000000000 4034000000000000
poi 140 c03afbe76c8b4396 c033916872b020c5 4037000000000000 405c800000000000 407a700000000000 4030000000000000
poi 141 c03f4c8b43958106 c054f4083126e979 4032000000000000 4060200000000000 407cb00000000000 402a000000000000
poi 142 c03acb4395810625 402903126e978d50 4014000000000000 4072900000000000 4083b00000000000 4022000000000000
poi 143 c043ae5604189375 c04d42b020c49ba6 402e000000000000 405cc00000000000 4073100000000000 4037000000000000
poi 144 c0412f3b645a1cac 3fe3851eb851eb85 4026000000000000 4056800000000000 407b400000000000 4026000000000000
poi 145 4045af9db22d0e56 4010bf7ced916873 4020000000000000 4071900000000000 4082b00000000000 402c000000000000
poi 146 c0431ced916872b0 c022e5604189374c 4000000000000000 4071100000000000 4082b00000000000 4008000000000000
poi 147 c0399c28f5c28f5c c058cf2b020c49ba 4018000000000000 4054800000000000 4071b00000000000 4022000000000000
poi 148 4048078d4fdf3b64 403d845a1cac0831 4037000000000000 4065000000000000 407f700000000000 4035000000000000
poi 149 c045d0624dd2f1aa c04028b439581062 4022000000000000 4072100000000000 4081b00000000000 4038000000000000
poi 150 c0309a1cac083127 c03d53b645a1cac1 3ff0000000000000 4062800000000000 407bc00000000000 4010000000000000
poi 151 c03dcf5c28f5c28f c028d0e560418937 4028000000000000 405bc00000000000 4079b00000000000 4032000000000000
poi 152 c049f47ae147ae14 c03cb604189374bc 4031000000000000 4067400000000000 407ea00000000000 4024000000000000
poi 153 bffcd0e560418937 c032abc6a7ef9db2 4000000000000000 405c800000000000 407ba00000000000 4008000000000000
poi 154 4032bced916872b0 40356624dd2f1aa0 4014000000000000 4058c00000000000 4073d00000000000 4010000000000000
poi 155 404e0f5c28f5c28f 401f26e978d4fdf4 3ff0000000000000 4069400000000000 407e300000000000 4039000000000000
poi 156 40458a1cac083127 4045022d0e560419 4034000000000000 4058800000000000 407ae00000000000 4008000000000000
poi 157 c043b7ae147ae148 c0179ba5e353f7cf 4033000000000000 4053c00000000000 4072700000000000 4036000000000000
poi 158 c041f1cac083126f c03008b439581062 402a000000000000 4050000000000000 4071800000000000 4033000000000000
poi 159 c044e9db22d0e560 40437f5c28f5c28f 4024000000000000 4057c00000000000 407a300000000000 4034000000000000
poi 160 40551fced916872b 403dd26e978d4fdf 4022000000000000 406fa00000000000 407f800000000000 401c000000000000
poi 161 c0318f5c28f5c28f c024f5c28f5c28f6 402c000000000000 404f000000000000 4076100000000000 4033000000000000
poi 162 c048310624dd2f1b c04875c28f5c28f6 4010000000000000 4067800000000000 407b600000000000 4033000000000000
poi 163 c048aae147ae147b c031f810624dd2f2 4034000000000000 4067000000000000 407b500000000000 4036000000000000
poi 164 40301851eb851eb8 c003eb851eb851ec 4031000000000000 4055400000000000 4072b00000000000 4010000000000000
poi 165 405061ba5e353f7d 402c0d4fdf3b645a 4033000000000000 406c000000000000 4080480000000000 4039000000000000
poi 166 c00770a3d70a3d71 402a70a3d70a3d71 4033000000000000 4064600000000000 407e200000000000 4037000000000000
poi 167 c032c49ba5e353f8 c037a9ba5e353f7d 4030000000000000 4060400000000000 4074a00000000000 4038000000000000
poi 168 c056c6147ae147ae c0542f2b020c49ba 4010000000000000 406fa00000000000 4082a80000000000 4039000000000000
poi 169 c03516872b020c4a c02a9604189374bc 3ff0000000000000 4061000000000000 407b300000000000 4010000000000000
poi 170 40477e147ae147ae 4031395810624dd3 4035000000000000 4056800000000000 4077100000000000 4008000000000000
poi 171 c04efa7ef9db22d1 c04084dd2f1a9fbe 4022000000000000 4068a00000000000 4081300000000000 401c000000000000
poi 172 c0220189374bc6a8 c03973b645a1cac1 4000000000000000 4052000000000000 4070500000000000 4024000000000000
poi 173 4040d49ba5e353f8 c01ea9fbe76c8b44 4038000000000000 4064400000000000 407e800000000000 4024000000000000
poi 174 c039978d4fdf3b64 c025ae147ae147ae 3ff0000000000000 406d000000000000 4082680000000000 4037000000000000
poi 175 404247ae147ae148 c003872b020c49ba 4035000000000000 4071300000000000 4082a00000000000 4032000000000000
poi 176 401c90624dd2f1aa 4038d126e978d4fe 402a000000000000 4052400000000000 4077500000000000 4020000000000000
poi 177 c04595c28f5c28f6 c03e7cac083126e9 402e000000000000 4072900000000000 4084680000000000 4030000000000000
poi 178 c0353a5e353f7cee 3fe8083126e978d5 4010000000000000 4062200000000000 4076500000000000 4010000000000000
poi 179 4033b22d0e560419 402588b439581062 4024000000000000 4069e00000000000 407df00000000000 402c000000000000
poi 180 c019f9db22d0e560 c03d6ccccccccccd 4033000000000000 4057800000000000 4072400000000000 4037000000000000
poi 181 404b31a9fbe76c8b 4021428f5c28f5c3 3ff0000000000000 4071d00000000000 4081800000000000 4031000000000000
poi 182 40500cfdf3b645a2 4053672b020c49ba 4039000000000000 4072100000000000 4082680000000000 401c000000000000
poi 183 404430c49ba5e354 3ff9c6a7ef9db22d 4008000000000000 4067400000000000 407b800000000000 4020000000000000
poi 184 c044db020c49ba5e c014883126e978d5 4035000000000000 4058400000000000 4077600000000000 402c000000000000
poi 185 40529189374bc6a8 c033ec083126e979 401c000000000000 4052000000000000 407a900000000000 4036000000000000
poi 186 c0527fef9db22d0e c04b5020c49ba5e3 4032000000000000 4060c00000000000 407e400000000000 401c000000000000
poi 187 403db4bc6a7ef9db 402ee872b020c49c 4008000000000000 404f800000000000 4071200000000000 4030000000000000
poi 188 4037c8f5c28f5c29 40285a9fbe76c8b4 3ff0000000000000 405f400000000000 4077b00000000000 4038000000000000
poi 189 404549fbe76c8b44 4046a9999999999a 4000000000000000 405c400000000000 4077700000000000 402e000000000000
poi 190 c030bae147ae147b c0308f1a9fbe76c9 4020000000000000 4068800000000000 4080300000000000 402e000000000000
poi 191 c02d64dd2f1a9fbe bfbdb22d0e560419 4024000000000000 4065200000000000 407f900000000000 4014000000000000
poi 192 c033c4dd2f1a9fbe 4020c8b439581062 4033000000000000 4057800000000000 4079800000000000 4022000000000000
poi 193 c03e445a1cac0831 402dc9374bc6a7f0 4031000000000000 4054000000000000 4073100000000000 4038000000000000
poi 194 c04f8ed916872b02 c050dd916872b021 4033000000000000 4054c00000000000 4076b00000000000 4018000000000000
poi 195 405581db22d0e560 4043753f7ced9168 4038000000000000 4052400000000000 4078c00000000000 4008000000000000
poi 196 4053deb851eb851f c038ddb22d0e5604 4038000000000000 4065800000000000 4079700000000000 4038000000000000
poi 197 4041926e978d4fdf 402d77ced916872b 4018000000000000 4050800000000000 4079f00000000000 4036000000000000
poi 198 c048aeb851eb851f c0221a9fbe76c8b4 4000000000000000 406ca00000000000 407ca00000000000 4000000000000000
poi 199 c048bccccccccccd c03193f7ced91687 401c000000000000 4051c00000000000 4071b00000000000 4035000000000000
poi 200 404cc020c49ba5e3 403053b645a1cac1 4024000000000000 4070f00000000000 4082000000000000 4031000000000000
poi 201 404b71cac083126f 40280c49ba5e353f 402a000000000000 4069000000000000 407ea00000000000 402a000000000000
poi 202 c04a8374bc6a7efa c04096e978d4fdf4 4034000000000000 405e000000000000 407a000000000000 4035000000000000
poi 203 bfda8f5c28f5c28f 4030a4dd2f1a9fbe 3ff0000000000000 405f400000000000 407c000000000000 4008000000000000
poi 204 40359810624dd2f2 403024dd2f1a9fbe 4031000000000000 405f000000000000 4075c00000000000 4022000000000000
poi 205 c0477645a1cac083 c048a16872b020c5 4031000000000000 405b400000000000 407c000000000000 402c000000000000
poi 206 403274fdf3b645a2 4033bba5e353f7cf 4030000000000000 406a200000000000 4081500000000000 4022000000000000
poi 207 4041e9374bc6a7f0 4033c353f7ced917 4022000000000000 4056400000000000 4075500000000000 4008000000000000
poi 208 4051f79db22d0e56 403d08b439581062 4039000000000000 4064000000000000 407f100000000000 4036000000000000
poi 209 c04c30624dd2f1aa c04560a3d70a3d71 3ff0000000000000 4062600000000000 407d700000000000 402a000000000000
poi 210 c039cccccccccccd 403928b439581062 4037000000000000 4054400000000000 4077700000000000 4024000000000000
poi 211 c016b4395810624e 4040eccccccccccd 4024000000000000 4070b00000000000 407cf00000000000 401c000000000000
poi 212 404b053f7ced9168 c0152b020c49ba5e 402e000000000000 4054000000000000 4078500000000000 4008000000000000
poi 213 c04f8978d4fdf3b6 403b6147ae147ae1 4039000000000000 4055400000000000 4077900000000000 4026000000000000
poi 214 c030dd2f1a9fbe77 c048e24dd2f1a9fc 4039000000000000 4051400000000000 4072500000000000 4031000000000000
poi 215 4047f5a1cac08312 402b420c49ba5e35 4030000000000000 4061a00000000000 4079a00000000000 402e000000000000
poi 216 c02572b020c49ba6 c00099999999999a 3ff0000000000000 4062e00000000000 407cd00000000000 4010000000000000
# inst pr20
name pr20
n 289
tmax 408f400000000000
poi 0 c044195810624dd3 c0298fdf3b645a1d 0000000000000000 0000000000000000 408f400000000000 0000000000000000
poi 1 40299c28f5c28f5c 3ffe2d0e56041893 4024000000000000 405e000000000000 4077e00000000000 402e000000000000
poi 2 403236872b020c4a 3ff5f7ced916872b 4035000000000000 406aa00000000000 4080200000000000 401c000000000000
poi 3 404cf9374bc6a7f0 c04863b645a1cac1 4020000000000000 406ca00000000000 407c100000000000 4024000000000000
poi 4 c04a36e978d4fdf4 c05505a1cac08312 4037000000000000 4067a00000000000 407e900000000000 4034000000000000
poi 5 404e6604189374bc c0404be76c8b4396 4024000000000000 4055400000000000 4078c00000000000 4026000000000000
poi 6 403726a7ef9db22d 4010d1eb851eb852 4022000000000000 406f400000000000 4081a00000000000 401c000000000000
poi 7 4039628f5c28f5c3 4036fc6a7ef9db23 4035000000000000 4050000000000000 4074100000000000 402c000000000000
poi 8 40398353f7ced917 c04a7e147ae147ae 4030000000000000 4063c00000000000 4077700000000000 402e000000000000
poi 9 c048a16872b020c5 c044dbe76c8b4396 4035000000000000 4055000000000000 4074300000000000 4020000000000000
poi 10 c042c7ced916872b c044dd70a3d70a3d 4008000000000000 4060200000000000 407bf00000000000 4014000000000000
poi 11 c02d0a3d70a3d70a 40487b22d0e56042 4038000000000000 4070a00000000000 4080880000000000 4031000000000000
poi 12 40449d4fdf3b645a c038800000000000 4000000000000000 406ca00000000000 4081e00000000000 3ff0000000000000
poi 13 c035dced916872b0 3fed4fdf3b645a1d 4010000000000000 405bc00000000000 4079d00000000000 4008000000000000
poi 14 c048172b020c49ba c03048b439581062 4032000000000000 4057c00000000000 407c600000000000 4020000000000000
poi 15 c01f1a9fbe76c8b4 40462c8b43958106 4014000000000000 4061800000000000 407b200000000000 402c000000000000
poi 16 4034cd0e56041893 4025851eb851eb85 402a000000000000 4071200000000000 4082380000000000 4008000000000000
poi 17 c03db645a1cac083 c04729ba5e353f7d 402a000000000000 4072800000000000 407df00000000000 4018000000000000
poi 18 c03433f7ced91687 c04dc83126e978d5 402c000000000000 4054c00000000000 4079000000000000 4037000000000000
poi 19 c055c50e56041893 c04a73126e978d50 4024000000000000 4070e00000000000 4083000000000000 402c000000000000
poi 20 40085e353f7ced91 c0193851eb851eb8 4008000000000000 406fc00000000000 407cf00000000000 3ff0000000000000
poi 21 4027bae147ae147b 40150b4395810625 3ff0000000000000 4058800000000000 4073a00000000000 4000000000000000
poi 22 c038126e978d4fdf c04bf6a7ef9db22d 4026000000000000 406d200000000000 407e600000000000 4031000000000000
poi 23 c036cd916872b021 4016a1cac083126f 4030000000000000 406a800000000000 407dc00000000000 402e000000000000
poi 24 c049f3b645a1cac1 4022d2f1a9fbe76d 4018000000000000 4072900000000000 4082800000000000 4032000000000000
poi 25 402976c8b4395810 c0447bc6a7ef9db2 4032000000000000 406ea00000000000 407f000000000000 402e000000000000
poi 26 c03efced916872b0 401e9db22d0e5604 4026000000000000 4072800000000000 407e000000000000 401c000000000000
poi 27 4042c189374bc6a8 3fdd4fdf3b645a1d 402e000000000000 4059800000000000 4078f00000000000 4010000000000000
poi 28 4007a1cac083126f c021204189374bc7 4031000000000000 4061c00000000000 407ba00000000000 4038000000000000
poi 29 3fe1916872b020c5 400d26e978d4fdf4 4031000000000000 4067200000000000 407de00000000000 4032000000000000
poi 30 c04a3df3b645a1cb 40236c083126e979 3ff0000000000000 4054000000000000 4071c00000000000 4000000000000000
poi 31 4040f7ced916872b c0485be76c8b4396 3ff0000000000000 4069a00000000000 4079c00000000000 4010000000000000
poi 32 c02a420c49ba5e35 c04acced916872b0 4032000000000000 405d800000000000 407d800000000000 4026000000000000
poi 33 c058e5d2f1a9fbe7 40374d916872b021 4008000000000000 4069400000000000 407a500000000000 4039000000000000
poi 34 4019c189374bc6a8 c00c20c49ba5e354 4035000000000000 406de00000000000 407c900000000000 402e000000000000
poi 35 c02c10624dd2f1aa c033d16872b020c5 4036000000000000 4051400000000000 4075a00000000000 4032000000000000
poi 36 c038ad4fdf3b645a 40309ba5e353f7cf 402c000000000000 4072800000000000 4081400000000000 4022000000000000
poi 37 c024851eb851eb85 c05471374bc6a7f0 4010000000000000 406fe00000000000 407c600000000000 4037000000000000
poi 38 4041edd2f1a9fbe7 40166353f7ced917 4031000000000000 4070700000000000 407c900000000000 4036000000000000
poi 39 c02734bc6a7ef9db 404574395810624e 4030000000000000 4065800000000000 407b500000000000 4022000000000000
poi 40 c04154bc6a7ef9db c02eee978d4fdf3b 4020000000000000 4069400000000000 4081200000000000 4034000000000000
poi 41 4050b6872b020c4a 3ff228f5c28f5c29 402c000000000000 405ac00000000000 4072100000000000 402a000000000000
poi 42 401b76c8b4395810 bff6a7ef9db22d0e 4037000000000000 4064000000000000 4077400000000000 4008000000000000
poi 43 3ffa8f5c28f5c28f c001df3b645a1cac 3ff0000000000000 4072500000000000 4083580000000000 4018000000000000
poi 44 4042c7ced916872b 4026e66666666666 4035000000000000 4050400000000000 4070400000000000 4032000000000000
poi 45 4049d604189374bc c03a57ced916872b 4024000000000000 4070d00000000000 4080d80000000000 4022000000000000
poi 46 4033066666666666 c025c72b020c49ba 4033000000000000 4052000000000000 4078400000000000 4038000000000000
poi 47 c042fdb22d0e5604 c01970a3d70a3d71 4018000000000000 4061e00000000000 407b400000000000 4033000000000000
poi 48 c04c44bc6a7ef9db c0452ac083126e98 4010000000000000 406de00000000000 4081c00000000000 4026000000000000
poi 49 3ff195810624dd2f c02d3f7ced916873 4032000000000000 4062000000000000 407eb00000000000 402c000000000000
poi 50 c04c1e76c8b43958 c0089ba5e353f7cf 4037000000000000 406ac00000000000 4081100000000000 402e000000000000
poi 51 c037ab4395810625 c02e93f7ced91687 4039000000000000 4053000000000000 4070d00000000000 4014000000000000
poi 52 c0412374bc6a7efa bff68f5c28f5c28f 4031000000000000 406c200000000000 4081700000000000 4032000000000000
poi 53 c0500b645a1cac08 404fe7ef9db22d0e 4026000000000000 405c800000000000 4075100000000000 4036000000000000
poi 54 c0478a9fbe76c8b4 c03462d0e5604189 4034000000000000 4067e00000000000 4079600000000000 402a000000000000
poi 55 c040dae147ae147b 4020c28f5c28f5c3 4022000000000000 406b400000000000 407a300000000000 4026000000000000
poi 56 4041251eb851eb85 403a07ef9db22d0e 4037000000000000 4068200000000000 4081100000000000 4026000000000000
poi 57 c0436e353f7ced91 40450e978d4fdf3b 402c000000000000 405a800000000000 4079300000000000 3ff0000000000000
poi 58 c0572ec8b4395810 40467147ae147ae1 401c000000000000 4052c00000000000 4070700000000000 4039000000000000
poi 59 4037a20c49ba5e35 403ba49ba5e353f8 402e000000000000 4063e00000000000 4077200000000000 4033000000000000
poi 60 c050c8e560418937 c050c4fdf3b645a2 4036000000000000 4067e00000000000 407aa00000000000 402a000000000000
poi 61 4039b9db22d0e560 c039d604189374bc 4010000000000000 4065c00000000000 4078800000000000 401c000000000000
poi 62 c0447e147ae147ae c030e51eb851eb85 402c000000000000 4062000000000000 407d000000000000 4000000000000000
poi 63 40534083126e978d c0186353f7ced917 4038000000000000 4066400000000000 407d200000000000 4030000000000000
poi 64 c04b67ae147ae148 bffef5c28f5c28f6 402a000000000000 4063800000000000 407a000000000000 4000000000000000
poi 65 c04af8b439581062 c03da9ba5e353f7d 4022000000000000 406a200000000000 407b000000000000 3ff0000000000000
poi 66 403016c8b4395810 c03be3126e978d50 4008000000000000 406bc00000000000 407e200000000000 4033000000000000
poi 67 c04db7ced916872b 40423e5604189375 4037000000000000 4064600000000000 4076300000000000 4038000000000000
poi 68 40413c8b43958106 403964189374bc6a 4000000000000000 4070e00000000000 407fc00000000000 4033000000000000
poi 69 c02290e560418937 c01ac189374bc6a8 4037000000000000 406b600000000000 407ff00000000000 4038000000000000
poi 70 c05563c6a7ef9db2 c0347a1cac083127 4020000000000000 4051c00000000000 4071700000000000 4024000000000000
poi 71 403d85e353f7ced9 403258d4fdf3b646 4037000000000000 4072200000000000 4083200000000000 4033000000000000
poi 72 403bd0624dd2f1aa 401a0c49ba5e353f 402a000000000000 4068200000000000 4078900000000000 3ff0000000000000
poi 73 40451353f7ced917 c039947ae147ae14 4039000000000000 406b600000000000 4079200000000000 4033000000000000
poi 74 40548ced916872b0 405574fdf3b645a2 4039000000000000 405cc00000000000 4076c00000000000 4039000000000000
poi 75 c047e20c49ba5e35 c041cb851eb851ec 4034000000000000 405f400000000000 407ac00000000000 4038000000000000
poi 76 403603d70a3d70a4 c034595810624dd3 4022000000000000 4051800000000000 407a100000000000 4026000000000000
poi 77 c04be0c49ba5e354 c040beb851eb851f 402e000000000000 406ac00000000000 4081500000000000 401c000000000000
poi 78 404f00c49ba5e354 bff73f7ced916873 4010000000000000 4057000000000000 4072000000000000 4039000000000000
poi 79 40398c8b43958106 c00e5e353f7ced91 3ff0000000000000 4069400000000000 407b700000000000 4008000000000000
poi 80 c045af9db22d0e56 c01d84189374bc6a 401c000000000000 4068400000000000 407bf00000000000 4008000000000000
poi 81 404e2604189374bc 404a5189374bc6a8 4028000000000000 4070a00000000000 4080800000000000 4032000000000000
poi 82 c05809eb851eb852 40410ccccccccccd 4014000000000000 4068e00000000000 4080200000000000 4032000000000000
poi 83 c040672b020c49ba c00ec28f5c28f5c3 4020000000000000 405a000000000000 407b000000000000 4022000000000000
poi 84 c047e9db22d0e560 c04699fbe76c8b44 3ff0000000000000 4070c00000000000 407e000000000000 4035000000000000
poi 85 c03f20c49ba5e354 c0577645a1cac083 4038000000000000 4065c00000000000 407bb00000000000 4035000000000000
poi 86 c031028f5c28f5c3 c035db645a1cac08 4037000000000000 4064200000000000 4079100000000000 4035000000000000
poi 87 c020c5a1cac08312 c0021cac083126e9 4028000000000000 406c800000000000 4080280000000000 4026000000000000
poi 88 4041eac083126e98 402a4b4395810625 4000000000000000 4069c00000000000 407a900000000000 4000000000000000
poi 89 403d50a3d70a3d71 404b3be76c8b4396 4036000000000000 406a000000000000 4078900000000000 4010000000000000
poi 90 40482d0e56041893 c02190e560418937 4008000000000000 4053800000000000 407a900000000000 4008000000000000
poi 91 c00770a3d70a3d71 403b09fbe76c8b44 4028000000000000 4071400000000000 407c800000000000 4020000000000000
poi 92 c0309eb851eb851f c04bb1cac083126f 4030000000000000 404e000000000000 406ec00000000000 4034000000000000
poi 93 c0446ced916872b0 c047def9db22d0e5 4020000000000000 406ec00000000000 4082400000000000 4037000000000000
poi 94 c029c189374bc6a8 c0004fdf3b645a1d 4039000000000000 4063600000000000 407ae00000000000 402e000000000000
poi 95 c049e353f7ced917 401d1fbe76c8b439 4018000000000000 406e800000000000 4081700000000000 4008000000000000
poi 96 c0407604189374bc 4037d3f7ced91687 4038000000000000 4071700000000000 4082c80000000000 402c000000000000
poi 97 402bf74bc6a7ef9e c04142b020c49ba6 4030000000000000 4069c00000000000 4079500000000000 4020000000000000
poi 98 c041eac083126e98 c037d5810624dd2f 401c000000000000 4071c00000000000 4081700000000000 4010000000000000
poi 99 4056f6e978d4fdf4 40162b020c49ba5e 4022000000000000 4072900000000000 4080f00000000000 4033000000000000
poi 100 c03c7126e978d4fe c041170a3d70a3d7 4037000000000000 4060c00000000000 4076400000000000 4018000000000000
poi 101 4040ec083126e979 403be00000000000 4038000000000000 4055c00000000000 4074300000000000 3ff0000000000000
poi 102 40589b95810624dd 403f5916872b020c 4033000000000000 4069200000000000 4078800000000000 4000000000000000
poi 103 c04ce020c49ba5e3 c03bc0c49ba5e354 4022000000000000 406fa00000000000 407f600000000000 4008000000000000
poi 104 c045f1eb851eb852 402a0395810624dd 4024000000000000 4053c00000000000 4076a00000000000 4038000000000000
poi 105 4042cae147ae147b 4048e24dd2f1a9fc 4037000000000000 4057800000000000 407a500000000000 4018000000000000
poi 106 c00d7ef9db22d0e5 401d7df3b645a1cb 4000000000000000 4069a00000000000 407c600000000000 402c000000000000
poi 107 c0588f7ced916873 404ed4395810624e 4014000000000000 405e000000000000 4078800000000000 4036000000000000
poi 108 c0378f5c28f5c28f c040428f5c28f5c3 4039000000000000 405d400000000000 4074700000000000 402c000000000000
poi 109 4036fae147ae147b c0321be76c8b4396 4031000000000000 4062800000000000 407cf00000000000 401c000000000000
poi 110 4045f51eb851eb85 c007e147ae147ae1 4037000000000000 4072400000000000 4084000000000000 402a000000000000
poi 111 4051e09374bc6a7f 40274dd2f1a9fbe7 4037000000000000 406de00000000000 4080500000000000 4033000000000000
poi 112 c045816872b020c5 c04359db22d0e560 402a000000000000 4066600000000000 4077d00000000000 4018000000000000
poi 113 c054fd0e56041893 40016e978d4fdf3b 4000000000000000 4067200000000000 4080b00000000000 4010000000000000
poi 114 40262e147ae147ae c044789374bc6a7f 4038000000000000 4058800000000000 4075f00000000000 4031000000000000
poi 115 403b2c49ba5e353f c02aa8f5c28f5c29 4036000000000000 4054400000000000 4075200000000000 4031000000000000
poi 116 c05586872b020c4a c04de76c8b439581 4034000000000000 405b000000000000 407a900000000000 402a000000000000
poi 117 c0365851eb851eb8 c05391cac083126f 402e000000000000 4055c00000000000 4079100000000000 4035000000000000
poi 118 c0435d0e56041893 c040cb4395810625 4028000000000000 4060800000000000 407ad00000000000 4020000000000000
poi 119 bff3a1cac083126f c03cab020c49ba5e 4031000000000000 406f800000000000 4081480000000000 401c000000000000
poi 120 4054550e56041893 c0461f3b645a1cac 4035000000000000 406be00000000000 4081f00000000000 402e000000000000
poi 121 4049f3b645a1cac1 4033e4189374bc6a 4024000000000000 4064a00000000000 407df00000000000 4014000000000000
poi 122 c0417c8b43958106 c03bdb22d0e56042 4010000000000000 406b200000000000 407da00000000000 4018000000000000
poi 123 c049bdd2f1a9fbe7 c0373f7ced916873 4035000000000000 4070d00000000000 407f900000000000 4031000000000000
poi 124 bfe4b4395810624e c047074bc6a7ef9e 4008000000000000 4071b00000000000 4080600000000000 4010000000000000
poi 125 40510e04189374bc c050bf1a9fbe76c9 4031000000000000 404e800000000000 4072400000000000 4039000000000000
poi 126 c02e4c49ba5e353f c0397b645a1cac08 4033000000000000 4067600000000000 4077f00000000000 4026000000000000
poi 127 40366978d4fdf3b6 c041300000000000 4024000000000000 4070800000000000 407e200000000000 4031000000000000
poi 128 404216872b020c4a c024dcac083126e9 4035000000000000 406c200000000000 407e000000000000 4031000000000000
poi 129 c037a395810624dd c047d72b020c49ba 4035000000000000 4061800000000000 407e500000000000 4000000000000000
poi 130 c02d71a9fbe76c8b 4040578d4fdf3b64 4018000000000000 4067200000000000 4077c00000000000 401c000000000000
poi 131 4030d22d0e560419 c02970a3d70a3d71 4020000000000000 4061600000000000 4079600000000000 4030000000000000
poi 132 4057583126e978d5 4037010624dd2f1b 4020000000000000 4070f00000000000 4080f00000000000 4000000000000000
poi 133 40442c083126e979 c0382d0e56041893 402a000000000000 4056400000000000 4078a00000000000 4028000000000000
poi 134 40161eb851eb851f c0139a9fbe76c8b4 401c000000000000 4058800000000000 4075900000000000 401c000000000000
poi 135 c05380f5c28f5c29 3ff451eb851eb852 4026000000000000 406fa00000000000 4081b80000000000 4033000000000000
poi 136 4049c8d4fdf3b646 c046d624dd2f1aa0 4032000000000000 4065400000000000 407c900000000000 4030000000000000
poi 137 40489fdf3b645a1d c03ee5604189374c 4024000000000000 406f000000000000 407f100000000000 4031000000000000
poi 138 c04f18f5c28f5c29 c0356624dd2f1aa0 4039000000000000 4071900000000000 4082580000000000 4020000000000000
poi 139 c0143126e978d4fe 401d395810624dd3 401c000000000000 4071500000000000 407f200000000000 4038000000000000
poi 140 3ffba1cac083126f c0518e24dd2f1aa0 4031000000000000 4069200000000000 4078200000000000 4024000000000000
poi 141 3ff5c6a7ef9db22d c00c83126e978d50 4034000000000000 4062a00000000000 407a100000000000 4034000000000000
poi 142 c02f0ac083126e98 40306ccccccccccd 4032000000000000 4069e00000000000 4080500000000000 4020000000000000
poi 143 c03f9a9fbe76c8b4 c04e7810624dd2f2 4035000000000000 4072a00000000000 4083480000000000 4018000000000000
poi 144 c0477f9db22d0e56 c04bc7ae147ae148 402c000000000000 405bc00000000000 4073d00000000000 4014000000000000
poi 145 40026872b020c49c 401624dd2f1a9fbe 4000000000000000 4070c00000000000 407e800000000000 4037000000000000
poi 146 c03e53f7ced91687 bfe28f5c28f5c28f 4032000000000000 4057000000000000 4072e00000000000 402c000000000000
poi 147 c030d22d0e560419 4031a9fbe76c8b44 4024000000000000 4057c00000000000 4079200000000000 4037000000000000
poi 148 404a53d70a3d70a4 403d08b439581062 4014000000000000 4051400000000000 4077600000000000 402a000000000000
poi 149 c027fc6a7ef9db23 c054f15810624dd3 402e000000000000 4070900000000000 407ee00000000000 4028000000000000
poi 150 4044d0e560418937 40458624dd2f1aa0 4031000000000000 406a000000000000 407d800000000000 402a000000000000
poi 151 402104189374bc6a c0044fdf3b645a1d 4028000000000000 4067200000000000 407d500000000000 4034000000000000
poi 152 403f83126e978d50 c021f4bc6a7ef9db 402c000000000000 406fe00000000000 407d800000000000 402c000000000000
poi 153 c00ab645a1cac083 c0421f1a9fbe76c9 4008000000000000 4068200000000000 407d300000000000 4018000000000000
poi 154 c03a610624dd2f1b 402b8d4fdf3b645a 401c000000000000 4071c00000000000 4083100000000000 4010000000000000
poi 155 403c6e147ae147ae 4025245a1cac0831 4035000000000000 4053800000000000 4079100000000000 402a000000000000
poi 156 4017e66666666666 403b49fbe76c8b44 401c000000000000 4052c00000000000 4072200000000000 3ff0000000000000
poi 157 c0401147ae147ae1 c04688b439581062 4014000000000000 405d800000000000 4079300000000000 4022000000000000
poi 158 403f18d4fdf3b646 c01fa9fbe76c8b44 4038000000000000 4068e00000000000 407f000000000000 4014000000000000
poi 159 403c32b020c49ba6 c03dc147ae147ae1 402a000000000000 406bc00000000000 407a600000000000 401c000000000000
poi 160 c043ce5604189375 c040cc083126e979 4032000000000000 4057800000000000 4073f00000000000 4010000000000000
poi 161 c0333851eb851eb8 c014883126e978d5 4033000000000000 4052800000000000 4072c00000000000 4028000000000000
poi 162 c0243a5e353f7cee 40517e872b020c4a 4036000000000000 4072000000000000 4080180000000000 4034000000000000
poi 163 4036e4dd2f1a9fbe c0462c8b43958106 402a000000000000 4068800000000000 4081580000000000 4034000000000000
poi 164 c0415ed916872b02 3fe28f5c28f5c28f 4024000000000000 406c600000000000 4079800000000000 402c000000000000
poi 165 c04679db22d0e560 c0536ef9db22d0e5 4010000000000000 4057c00000000000 407a400000000000 4026000000000000
poi 166 c037bfbe76c8b439 c04c0189374bc6a8 4031000000000000 4072200000000000 407f200000000000 3ff0000000000000
poi 167 405144ac083126e9 c058480000000000 4000000000000000 405e800000000000 407cb00000000000 4014000000000000
poi 168 4028570a3d70a3d7 c04def3b645a1cac 4032000000000000 4065e00000000000 4080900000000000 3ff0000000000000
poi 169 4047ab645a1cac08 40315d70a3d70a3d 4000000000000000 405c800000000000 4074500000000000 402c000000000000
poi 170 c012d2f1a9fbe76d 402c1cac083126e9 4032000000000000 4052c00000000000 4073d00000000000 4033000000000000
poi 171 c04a2fdf3b645a1d c0491f3b645a1cac 402a000000000000 406d000000000000 407cd00000000000 4030000000000000
poi 172 40439b851eb851ec c03dc5e353f7ced9 4038000000000000 4068400000000000 407a400000000000 4035000000000000
poi 173 c0452872b020c49c c04e4d0e56041893 4039000000000000 4066400000000000 4076800000000000 4022000000000000
poi 174 4033228f5c28f5c3 4044933333333333 4000000000000000 406ac00000000000 407e100000000000 3ff0000000000000
poi 175 c04b5a5e353f7cee c031989374bc6a7f 4000000000000000 404e000000000000 4077d00000000000 4032000000000000
poi 176 4027795810624dd3 c054cb126e978d50 401c000000000000 4070f00000000000 407dd00000000000 401c000000000000
poi 177 c0444a7ef9db22d1 c04a9f9db22d0e56 4037000000000000 4071800000000000 4082000000000000 402e000000000000
poi 178 c019af1a9fbe76c9 4035f78d4fdf3b64 4035000000000000 406e800000000000 4082800000000000 4035000000000000
poi 179 c03f449ba5e353f8 c0414e76c8b43958 4032000000000000 405c400000000000 407d300000000000 4010000000000000
poi 180 c00d5810624dd2f2 c03ade353f7ced91 4035000000000000 405c800000000000 4079100000000000 4035000000000000
poi 181 402ad16872b020c5 c0364d4fdf3b645a 4037000000000000 4071600000000000 4083180000000000 4024000000000000
poi 182 c057f916872b020c c055949ba5e353f8 4030000000000000 4061200000000000 407ac00000000000 4030000000000000
poi 183 40563ee978d4fdf4 c04ab189374bc6a8 4036000000000000 4071700000000000 407d500000000000 4035000000000000
poi 184 c04b8624dd2f1aa0 c04044dd2f1a9fbe 4026000000000000 4067c00000000000 407d100000000000 401c000000000000
poi 185 403bd9999999999a c0240e5604189375 4036000000000000 4062600000000000 407ad00000000000 4020000000000000
poi 186 404475810624dd2f c0420b851eb851ec 4024000000000000 4067a00000000000 4080480000000000 4018000000000000
poi 187 c04d2ccccccccccd 402fa0c49ba5e354 402e000000000000 406e000000000000 4080b00000000000 4037000000000000
poi 188 c04a149ba5e353f8 c052ae6666666666 4037000000000000 406a000000000000 4079400000000000 4032000000000000
poi 189 c050b16872b020c5 c04178b439581062 401c000000000000 4053c00000000000 4075100000000000 4018000000000000
poi 190 c040afdf3b645a1d c04f03126e978d50 3ff0000000000000 4070a00000000000 4083200000000000 4018000000000000
poi 191 c0214c49ba5e353f 403fb53f7ced9168 4035000000000000 406b600000000000 4079d00000000000 402c000000000000
poi 192 c03a2a7ef9db22d1 c04c1374bc6a7efa 4026000000000000 405a000000000000 4079c00000000000 402c000000000000
poi 193 c043efdf3b645a1d c04ab00000000000 4000000000000000 4068400000000000 4079e00000000000 4036000000000000
poi 194 4051e926e978d4fe c0427d916872b021 4038000000000000 405c800000000000 407a500000000000 4036000000000000
poi 195 c0583b22d0e56042 4020d26e978d4fdf 4039000000000000 4061200000000000 407e900000000000 4039000000000000
poi 196 c00749ba5e353f7d 404219999999999a 4031000000000000 4062000000000000 4075300000000000 402a000000000000
poi 197 c04aa0624dd2f1aa 402c32b020c49ba6 4024000000000000 4058000000000000 4073400000000000 4035000000000000
poi 198 4050d4395810624e c043ddf3b645a1cb 4032000000000000 406be00000000000 4079300000000000 402c000000000000
poi 199 c01a19999999999a 4027f33333333333 4000000000000000 4072500000000000 4080480000000000 4032000000000000
poi 200 40306ccccccccccd 40409c49ba5e353f 4028000000000000 4064400000000000 4075600000000000 4032000000000000
poi 201 c0330f9db22d0e56 c04c75e353f7ced9 4010000000000000 406a200000000000 407a100000000000 4026000000000000
poi 202 403930624dd2f1aa c0350b851eb851ec 3ff0000000000000 4063e00000000000 407e800000000000 4024000000000000
poi 203 4042ed4fdf3b645a c016189374bc6a7f 3ff0000000000000 406c000000000000 407fc00000000000 402e000000000000
poi 204 c0307a9fbe76c8b4 404854189374bc6a 4018000000000000 4056c00000000000 4071b00000000000 4008000000000000
poi 205 4002c083126e978d c03084189374bc6a 4036000000000000 4053000000000000 4078200000000000 4000000000000000
poi 206 c0484f7ced916873 c028c7ae147ae148 4039000000000000 4056c00000000000 4077900000000000 4028000000000000
poi 207 c0454f7ced916873 c04900c49ba5e354 4035000000000000 4072100000000000 4084300000000000 4032000000000000
poi 208 403004189374bc6a 402656872b020c4a 4032000000000000 4058400000000000 4074a00000000000 3ff0000000000000
poi 209 c0541a1cac083127 c04e4a9fbe76c8b4 402c000000000000 405a400000000000 4072600000000000 4008000000000000
poi 210 c057c45a1cac0831 404625810624dd2f 4035000000000000 406fc00000000000 407c200000000000 4010000000000000
poi 211 c01b8a3d70a3d70a 4038e24dd2f1a9fc 4010000000000000 406be00000000000 4079600000000000 4028000000000000
poi 212 c0133645a1cac083 4035ac8b43958106 3ff0000000000000 4056400000000000 4077300000000000 402e000000000000
poi 213 401c25e353f7ced9 c046ab22d0e56042 4032000000000000 4072600000000000 4083200000000000 4036000000000000
poi 214 403f4b020c49ba5e c043f3d70a3d70a4 4010000000000000 4070900000000000 4080480000000000 4034000000000000
poi 215 402df7ced916872b 403a2c083126e979 4010000000000000 4067200000000000 407af00000000000 4030000000000000
poi 216 404099fbe76c8b44 c04a24fdf3b645a2 4014000000000000 4071400000000000 4083b00000000000 4026000000000000
poi 217 c04da374bc6a7efa 4043d5604189374c 402e000000000000 406e400000000000 4080980000000000 4034000000000000
poi 218 403e0dd2f1a9fbe7 c042695810624dd3 4014000000000000 4069800000000000 4080700000000000 402a000000000000
poi 219 4022b3b645a1cac1 c04385a1cac08312 4036000000000000 406a600000000000 407e400000000000 4022000000000000
poi 220 c0254d4fdf3b645a 404b372b020c49ba 4035000000000000 4061200000000000 4073e00000000000 4030000000000000
poi 221 4034db22d0e56042 c03a770a3d70a3d7 4031000000000000 4069800000000000 4081800000000000 401c000000000000
poi 222 40339df3b645a1cb 4031dd70a3d70a3d 4020000000000000 405a400000000000 4072f00000000000 4035000000000000
poi 223 c0427d916872b021 c0573ccccccccccd 4010000000000000 406e000000000000 407cd00000000000 4032000000000000
poi 224 c00e147ae147ae14 404df00000000000 4010000000000000 405cc00000000000 407a800000000000 4010000000000000
poi 225 40275d2f1a9fbe77 c04fab020c49ba5e 4030000000000000 4055400000000000 4075200000000000 402e000000000000
poi 226 4011df3b645a1cac c042110624dd2f1b 4014000000000000 4070700000000000 4080e80000000000 4014000000000000
poi 227 4047851eb851eb85 c044a083126e978d 402e000000000000 406ca00000000000 4082000000000000 4038000000000000
poi 228 403df020c49ba5e3 c04d5ae147ae147b 4039000000000000 4071e00000000000 4081f00000000000 4035000000000000
poi 229 c051a46a7ef9db23 c01c25e353f7ced9 402e000000000000 4069200000000000 4080980000000000 401c000000000000
poi 230 404c2189374bc6a8 3ffd1a9fbe76c8b4 401c000000000000 4066e00000000000 4080d00000000000 4038000000000000
poi 231 40471ae147ae147b c04ac2d0e5604189 4033000000000000 405dc00000000000 407d200000000000 4036000000000000
poi 232 401976c8b4395810 c02c872b020c49ba 4026000000000000 4054000000000000 4075a00000000000 3ff0000000000000
poi 233 c041451eb851eb85 c043c04189374bc7 402a000000000000 406a000000000000 4080a80000000000 4018000000000000
poi 234 c04944bc6a7ef9db 403c5b645a1cac08 4038000000000000 4070700000000000 407da00000000000 4010000000000000
poi 235 c04eb8d4fdf3b646 c025cd4fdf3b645a 4010000000000000 4060400000000000 4079f00000000000 402c000000000000
poi 236 c03ed2b020c49ba6 4031e6e978d4fdf4 402a000000000000 406ec00000000000 407cf00000000000 4032000000000000
poi 237 4048d4395810624e 40387810624dd2f2 4018000000000000 4071a00000000000 4081600000000000 4030000000000000
poi 238 c05171999999999a c044b3f7ced91687 4010000000000000 406a800000000000 4078b00000000000 3ff0000000000000
poi 239 c032f0624dd2f1aa 404cd851eb851eb8 4028000000000000 4067600000000000 4079b00000000000 4038000000000000
poi 240 c03672f1a9fbe76d 402f8ac083126e98 4010000000000000 405ac00000000000 4074f00000000000 4033000000000000
poi 241 c01e65604189374c 404283d70a3d70a4 4010000000000000 406c800000000000 4081280000000000 4033000000000000
poi 242 403b6f5c28f5c28f 40318dd2f1a9fbe7 4039000000000000 4067000000000000 407ca00000000000 4026000000000000
poi 243 4046c353f7ced917 c014820c49ba5e35 4039000000000000 4063200000000000 4076c00000000000 4022000000000000
poi 244 c040c6872b020c4a c0399604189374bc 402c000000000000 4068800000000000 4079f00000000000 4008000000000000
poi 245 c012947ae147ae14 404ae083126e978d 4039000000000000 405f800000000000 407c200000000000 3ff0000000000000
poi 246 c0448f3b645a1cac c02ab8d4fdf3b646 402a000000000000 4058800000000000 4079600000000000 4024000000000000
poi 247 4037028f5c28f5c3 c046d9fbe76c8b44 402a000000000000 4063c00000000000 4077f00000000000 4033000000000000
poi 248 40313ae147ae147b 4014624dd2f1a9fc 4026000000000000 4064800000000000 4076300000000000 402c000000000000
poi 249 c01b45a1cac08312 c033df7ced916873 4038000000000000 4057400000000000 407aa00000000000 402c000000000000
poi 250 404a7ba5e353f7cf 4049b47ae147ae14 4014000000000000 406e000000000000 407ed00000000000 4038000000000000
poi 251 c03ca978d4fdf3b6 c0497851eb851eb8 4028000000000000 4072300000000000 4082380000000000 4030000000000000
poi 252 40516bc6a7ef9db2 c049c28f5c28f5c3 4010000000000000 4063800000000000 4079d00000000000 4018000000000000
poi 253 40427126e978d4fe c0315ef9db22d0e5 4014000000000000 4062e00000000000 407ea00000000000 4022000000000000
poi 254 c033a8b439581062 4045047ae147ae14 4038000000000000 4071100000000000 4083280000000000 4034000000000000
poi 255 4052080000000000 405059eb851eb852 4031000000000000 4062400000000000 4076800000000000 4035000000000000
poi 256 c051d78d4fdf3b64 404dee76c8b43958 4010000000000000 405a400000000000 4079900000000000 4020000000000000
poi 257 40325126e978d4fe c042e00000000000 3ff0000000000000 4065800000000000 4080100000000000 4026000000000000
poi 258 40321ef9db22d0e5 3fded916872b020c 4033000000000000 4070300000000000 4080180000000000 402a000000000000
poi 259 bff1ae147ae147ae c03ead0e56041893 401c000000000000 4061600000000000 407ed00000000000 4038000000000000
poi 260 c0464978d4fdf3b6 c046070a3d70a3d7 4038000000000000 4053800000000000 407a600000000000 402e000000000000
poi 261 c03c0ed916872b02 c04db7ced916872b 4024000000000000 4064200000000000 4078c00000000000 4018000000000000
poi 262 c01fcfdf3b645a1d 40128e5604189375 402a000000000000 4058000000000000 4078a00000000000 4038000000000000
poi 263 c042aed916872b02 c03c872b020c49ba 4038000000000000 4071000000000000 4080180000000000 4008000000000000
poi 264 40118d4fdf3b645a c0433e978d4fdf3b 4008000000000000 406de00000000000 4081080000000000 4030000000000000
poi 265 c0464bc6a7ef9db2 c041aa9fbe76c8b4 402c000000000000 4062400000000000 4075400000000000 4038000000000000
poi 266 c04c5b645a1cac08 c043a04189374bc7 4000000000000000 406e000000000000 4082100000000000 4033000000000000
poi 267 402ae76c8b439581 c040145a1cac0831 4038000000000000 4067800000000000 4079700000000000 4014000000000000
poi 268 c03457ced916872b c0265d2f1a9fbe77 4026000000000000 4065800000000000 4080100000000000 4026000000000000
poi 269 400b7ced916872b0 c04a5df3b645a1cb 4014000000000000 4063800000000000 407e300000000000 4033000000000000
poi 270 404449ba5e353f7d c04b3ef9db22d0e5 402c000000000000 405c800000000000 4074e00000000000 4036000000000000
poi 271 403ff3b645a1cac1 c0396bc6a7ef9db2 4035000000000000 4071500000000000 4083900000000000 4037000000000000
poi 272 c04cb78d4fdf3b64 4043433333333333 402c000000000000 406ba00000000000 407b800000000000 4028000000000000
poi 273 4047c147ae147ae1 c045047ae147ae14 402e000000000000 4072800000000000 4082b80000000000 4037000000000000
poi 274 c03c249ba5e353f8 c044ce978d4fdf3b 4008000000000000 406ae00000000000 407fc00000000000 4039000000000000
poi 275 c00210624dd2f1aa c0144fdf3b645a1d 402e000000000000 406ce00000000000 407c600000000000 4008000000000000
poi 276 c03b2ac083126e98 c03bef9db22d0e56 402e000000000000 4071700000000000 4082080000000000 4039000000000000
poi 277 c0380c49ba5e353f c047989374bc6a7f 4035000000000000 4066c00000000000 4079200000000000 3ff0000000000000
poi 278 c053615810624dd3 c04b8ac083126e98 4031000000000000 406be00000000000 4081180000000000 4030000000000000
poi 279 c04f049ba5e353f8 c045b83126e978d5 4032000000000000 4056800000000000 407bb00000000000 4035000000000000
poi 280 c051fbe76c8b4396 c03428f5c28f5c29 402e000000000000 4059400000000000 407b300000000000 4026000000000000
poi 281 c050a04189374bc7 c043e4fdf3b645a2 4033000000000000 4063800000000000 4075400000000000 4018000000000000
poi 282 402d2c8b43958106 404838d4fdf3b646 4022000000000000 4056800000000000 407bb00000000000 402c000000000000
poi 283 403f5db22d0e5604 c03d7645a1cac083 4024000000000000 4066000000000000 407d800000000000 4037000000000000
poi 284 401a0c49ba5e353f c0470fdf3b645a1d 402a000000000000 4068e00000000000 407b700000000000 4022000000000000
poi 285 40234ccccccccccd 4043c10624dd2f1b 4039000000000000 4066e00000000000 407a000000000000 4020000000000000
poi 286 40300a3d70a3d70a 4030ae5604189375 3ff0000000000000 406e800000000000 4080000000000000 4033000000000000
poi 287 401efae147ae147b c052d83126e978d5 4026000000000000 4064000000000000 4076300000000000 4031000000000000
poi 288 c03b2c49ba5e353f c011d916872b020c 4039000000000000 4065a00000000000 407c300000000000 402e000000000000
